{
  "time": "2026-06-11 17:10",
  "predicted_mllw": 5.602,
  "surge_ft": 0.8141999999999996,
  "forecast_peak_mllw": 6.4162,
  "peak_rain_in_hr": 0.0,
  "peak_rain_offset_h": null,
  "rain_window_3h": [],
  "source": "surge-persistence",
  "depths_in": {
    "lowest_sentinel_grate": 4.754400000000004,
    "lowest_road_corner": 4.2744000000000035,
    "gutter_walkway": 2.5944000000000074,
    "corner_grate": 1.0344000000000033,
    "curb": 0.0,
    "road_middle": 0.0,
    "intersection": 0.0,
    "lawn_step": 0.0,
    "porch_step": 0.0,
    "regime": "street"
  },
  "hours_from_now": 7.5840886052777785
}