{
  "time": "2026-06-11 17:10",
  "predicted_mllw": 5.602,
  "surge_ft": 0.8309999999999995,
  "forecast_peak_mllw": 6.433,
  "peak_rain_in_hr": 0.0,
  "peak_rain_offset_h": null,
  "rain_window_3h": [],
  "source": "surge-persistence",
  "depths_in": {
    "lowest_sentinel_grate": 4.955999999999998,
    "lowest_road_corner": 4.475999999999997,
    "gutter_walkway": 2.796000000000001,
    "corner_grate": 1.235999999999997,
    "curb": 0.0,
    "road_middle": 0.0,
    "intersection": 0.0,
    "lawn_step": 0.0,
    "porch_step": 0.0,
    "regime": "street"
  },
  "hours_from_now": 9.372538773333332
}