{
  "time": "2026-06-11 17:10",
  "predicted_mllw": 5.602,
  "surge_ft": 0.7209000000000003,
  "forecast_peak_mllw": 6.322900000000001,
  "peak_rain_in_hr": 0.0,
  "peak_rain_offset_h": null,
  "rain_window_3h": [],
  "source": "surge-persistence",
  "depths_in": {
    "lowest_sentinel_grate": 3.6348000000000127,
    "lowest_road_corner": 3.1548000000000123,
    "gutter_walkway": 1.474800000000016,
    "corner_grate": 0.0,
    "curb": 0.0,
    "road_middle": 0.0,
    "intersection": 0.0,
    "lawn_step": 0.0,
    "porch_step": 0.0,
    "regime": "street"
  },
  "hours_from_now": -1.8982739155555555
}