{
  "time": "2026-06-11 17:10",
  "predicted_mllw": 5.602,
  "surge_ft": 0.7000000000000002,
  "forecast_peak_mllw": 6.3020000000000005,
  "peak_rain_in_hr": 0.0,
  "peak_rain_offset_h": null,
  "rain_window_3h": [],
  "source": "surge-persistence",
  "depths_in": {
    "lowest_sentinel_grate": 3.384000000000011,
    "lowest_road_corner": 2.9040000000000106,
    "gutter_walkway": 1.2240000000000144,
    "corner_grate": 0.0,
    "curb": 0.0,
    "road_middle": 0.0,
    "intersection": 0.0,
    "lawn_step": 0.0,
    "porch_step": 0.0,
    "regime": "street"
  },
  "hours_from_now": 69.40203296916667
}