{
  "time": "2026-05-23 14:39",
  "predicted_mllw": 4.865,
  "surge_ft": 2.1992000000000003,
  "forecast_peak_mllw": 7.0642000000000005,
  "peak_rain_in_hr": 0.0,
  "peak_rain_offset_h": null,
  "rain_window_3h": [],
  "source": "surge-persistence",
  "depths_in": {
    "lowest_sentinel_grate": 12.530400000000016,
    "lowest_road_corner": 12.050400000000016,
    "gutter_walkway": 10.37040000000002,
    "corner_grate": 8.810400000000016,
    "curb": 5.8104000000000156,
    "road_middle": 3.4104000000000134,
    "intersection": 1.2504000000000168,
    "lawn_step": 0.7704000000000164,
    "porch_step": 0.0,
    "regime": "moderate"
  },
  "hours_from_now": 63.13023688194445
}