{
  "time": "2026-07-07 01:11",
  "predicted_mllw": 4.623,
  "surge_ft": 1.303,
  "forecast_peak_mllw": 5.926,
  "peak_rain_in_hr": 0.023333333333333334,
  "peak_rain_offset_h": -1.1833333333333333,
  "rain_window_3h": [
    [
      -2.183333333333333,
      0.023333333333333334
    ],
    [
      -1.1833333333333333,
      0.023333333333333334
    ],
    [
      -0.18333333333333332,
      0.023333333333333334
    ],
    [
      0.8166666666666667,
      0.005
    ],
    [
      1.8166666666666667,
      0.005
    ],
    [
      2.816666666666667,
      0.005
    ]
  ],
  "source": "surge-persistence",
  "depths_in": {
    "grate_SW": 0.0,
    "grate_SE": 0.0,
    "corner_SE": 0.0,
    "corner_SW": 0.0,
    "grate_bay_ave_upstream": 0.0,
    "gutter_walkway": 0.0,
    "grate_NE": 0.0,
    "grate_NW": 0.0,
    "corner_NE": 0.0,
    "corner_NW": 0.0,
    "curb": 0.0,
    "sidewalk_under_walkway_lawn_step": 0.0,
    "road_middle": 0.0,
    "intersection_highpoint": 0.0,
    "lawn_step": 0.0,
    "porch_step_base": 0.0,
    "porch_step1_top": 0.0,
    "porch_deck": 0.0,
    "regime": "dry"
  },
  "depths_in_wind_adjusted": null,
  "wind_adjustment": {
    "sector": "onshore",
    "adjustment_ft": 0.0,
    "wind_dir_at_peak": "NE",
    "wind_speed_at_peak": "15 mph",
    "note": "Forecast wind at peak (NE at 15 mph) is in the onshore sector \u2014 water gets piled into the bay corner where Highlands sits. Main prediction applies."
  },
  "hours_from_now": 6.493816054722223
}