{
  "time": "2026-05-23 01:55",
  "predicted_mllw": 5.059,
  "surge_ft": 2.1992000000000003,
  "forecast_peak_mllw": 7.2582,
  "peak_rain_in_hr": 0.0,
  "peak_rain_offset_h": null,
  "rain_window_3h": [],
  "source": "surge-persistence",
  "depths_in": {
    "lowest_sentinel_grate": 14.858400000000005,
    "lowest_road_corner": 14.378400000000005,
    "gutter_walkway": 12.698400000000008,
    "corner_grate": 11.138400000000004,
    "curb": 8.138400000000004,
    "road_middle": 5.738400000000002,
    "intersection": 3.5784000000000056,
    "lawn_step": 3.098400000000005,
    "porch_step": 0.0,
    "regime": "severe"
  },
  "hours_from_now": 50.3969035625
}