{
  "time": "2026-06-12 18:09",
  "predicted_mllw": 5.954,
  "surge_ft": 0.5191999999999999,
  "forecast_peak_mllw": 6.473199999999999,
  "peak_rain_in_hr": 0.0,
  "peak_rain_offset_h": null,
  "rain_window_3h": [],
  "source": "surge-persistence",
  "depths_in": {
    "lowest_sentinel_grate": 5.438400000000003,
    "lowest_road_corner": 4.958400000000003,
    "gutter_walkway": 3.2784000000000066,
    "corner_grate": 1.7184000000000026,
    "curb": 0.0,
    "road_middle": 0.0,
    "intersection": 0.0,
    "lawn_step": 0.0,
    "porch_step": 0.0,
    "regime": "street"
  },
  "hours_from_now": 38.813961739722224
}