{
  "time": "2026-06-12 18:09",
  "predicted_mllw": 5.954,
  "surge_ft": 0.7344999999999999,
  "forecast_peak_mllw": 6.6884999999999994,
  "peak_rain_in_hr": 0.0,
  "peak_rain_offset_h": null,
  "rain_window_3h": [],
  "source": "surge-persistence",
  "depths_in": {
    "lowest_sentinel_grate": 8.021999999999993,
    "lowest_road_corner": 7.541999999999993,
    "gutter_walkway": 5.8619999999999965,
    "corner_grate": 4.3019999999999925,
    "curb": 1.3019999999999925,
    "road_middle": 0.0,
    "intersection": 0.0,
    "lawn_step": 0.0,
    "porch_step": 0.0,
    "regime": "light"
  },
  "hours_from_now": 1.0860288866666667
}