{
  "time": "2026-06-12 18:09",
  "predicted_mllw": 5.954,
  "surge_ft": 0.7222,
  "forecast_peak_mllw": 6.6762,
  "peak_rain_in_hr": 0.0,
  "peak_rain_offset_h": null,
  "rain_window_3h": [],
  "source": "surge-persistence",
  "depths_in": {
    "lowest_sentinel_grate": 7.874399999999996,
    "lowest_road_corner": 7.394399999999996,
    "gutter_walkway": 5.7143999999999995,
    "corner_grate": 4.154399999999995,
    "curb": 1.1543999999999954,
    "road_middle": 0.0,
    "intersection": 0.0,
    "lawn_step": 0.0,
    "porch_step": 0.0,
    "regime": "light"
  },
  "hours_from_now": 24.831260231944444
}