{
  "time": "2026-06-12 18:09",
  "predicted_mllw": 5.954,
  "surge_ft": 0.8141999999999996,
  "forecast_peak_mllw": 6.768199999999999,
  "peak_rain_in_hr": 0.0,
  "peak_rain_offset_h": null,
  "rain_window_3h": [],
  "source": "surge-persistence",
  "depths_in": {
    "lowest_sentinel_grate": 8.978400000000002,
    "lowest_road_corner": 8.498400000000002,
    "gutter_walkway": 6.818400000000006,
    "corner_grate": 5.258400000000002,
    "curb": 2.2584000000000017,
    "road_middle": 0.0,
    "intersection": 0.0,
    "lawn_step": 0.0,
    "porch_step": 0.0,
    "regime": "light"
  },
  "hours_from_now": 32.56742190861111
}