{
  "time": "2026-06-12 18:09",
  "predicted_mllw": 5.954,
  "surge_ft": 0.33899999999999997,
  "forecast_peak_mllw": 6.292999999999999,
  "peak_rain_in_hr": 0.0,
  "peak_rain_offset_h": null,
  "rain_window_3h": [],
  "source": "surge-persistence",
  "depths_in": {
    "lowest_sentinel_grate": 3.2759999999999962,
    "lowest_road_corner": 2.795999999999996,
    "gutter_walkway": 1.1159999999999997,
    "corner_grate": 0.0,
    "curb": 0.0,
    "road_middle": 0.0,
    "intersection": 0.0,
    "lawn_step": 0.0,
    "porch_step": 0.0,
    "regime": "street"
  },
  "hours_from_now": 43.490157557222226
}