{
  "time": "2026-06-12 18:09",
  "predicted_mllw": 5.954,
  "surge_ft": 0.7209000000000003,
  "forecast_peak_mllw": 6.6749,
  "peak_rain_in_hr": 0.0,
  "peak_rain_offset_h": null,
  "rain_window_3h": [],
  "source": "surge-persistence",
  "depths_in": {
    "lowest_sentinel_grate": 7.858800000000011,
    "lowest_road_corner": 7.378800000000011,
    "gutter_walkway": 5.6988000000000145,
    "corner_grate": 4.1388000000000105,
    "curb": 1.1388000000000105,
    "road_middle": 0.0,
    "intersection": 0.0,
    "lawn_step": 0.0,
    "porch_step": 0.0,
    "regime": "light"
  },
  "hours_from_now": 23.085059385555553
}