{
  "time": "2026-06-12 18:09",
  "predicted_mllw": 5.954,
  "surge_ft": 0.9713999999999996,
  "forecast_peak_mllw": 6.9254,
  "peak_rain_in_hr": 0.0,
  "peak_rain_offset_h": null,
  "rain_window_3h": [],
  "source": "surge-persistence",
  "depths_in": {
    "lowest_sentinel_grate": 10.864799999999997,
    "lowest_road_corner": 10.384799999999997,
    "gutter_walkway": 8.7048,
    "corner_grate": 7.1447999999999965,
    "curb": 4.1447999999999965,
    "road_middle": 1.7447999999999944,
    "intersection": 0.0,
    "lawn_step": 0.0,
    "porch_step": 0.0,
    "regime": "moderate"
  },
  "hours_from_now": 10.427441718055555
}