{
  "time": "2026-06-12 18:09",
  "predicted_mllw": 5.954,
  "surge_ft": 0.9319999999999999,
  "forecast_peak_mllw": 6.885999999999999,
  "peak_rain_in_hr": 0.0,
  "peak_rain_offset_h": null,
  "rain_window_3h": [],
  "source": "surge-persistence",
  "depths_in": {
    "lowest_sentinel_grate": 10.39199999999999,
    "lowest_road_corner": 9.91199999999999,
    "gutter_walkway": 8.231999999999994,
    "corner_grate": 6.67199999999999,
    "curb": 3.67199999999999,
    "road_middle": 1.2719999999999878,
    "intersection": 0.0,
    "lawn_step": 0.0,
    "porch_step": 0.0,
    "regime": "light"
  },
  "hours_from_now": 12.496930835277778
}