{
  "time": "2026-06-12 18:09",
  "predicted_mllw": 5.954,
  "surge_ft": 0.8309999999999995,
  "forecast_peak_mllw": 6.784999999999999,
  "peak_rain_in_hr": 0.0,
  "peak_rain_offset_h": null,
  "rain_window_3h": [],
  "source": "surge-persistence",
  "depths_in": {
    "lowest_sentinel_grate": 9.180000000000001,
    "lowest_road_corner": 8.700000000000001,
    "gutter_walkway": 7.020000000000005,
    "corner_grate": 5.460000000000001,
    "curb": 2.460000000000001,
    "road_middle": 0.05999999999999872,
    "intersection": 0.0,
    "lawn_step": 0.0,
    "porch_step": 0.0,
    "regime": "light"
  },
  "hours_from_now": 34.355872078055555
}