{
  "time": "2026-06-12 18:09",
  "predicted_mllw": 5.954,
  "surge_ft": 0.4290999999999999,
  "forecast_peak_mllw": 6.3831,
  "peak_rain_in_hr": 0.0,
  "peak_rain_offset_h": null,
  "rain_window_3h": [],
  "source": "surge-persistence",
  "depths_in": {
    "lowest_sentinel_grate": 4.357200000000002,
    "lowest_road_corner": 3.877200000000002,
    "gutter_walkway": 2.197200000000006,
    "corner_grate": 0.6372000000000018,
    "curb": 0.0,
    "road_middle": 0.0,
    "intersection": 0.0,
    "lawn_step": 0.0,
    "porch_step": 0.0,
    "regime": "street"
  },
  "hours_from_now": 14.914693048611111
}