{
  "time": "2026-06-12 18:09",
  "predicted_mllw": 5.954,
  "surge_ft": 0.5575000000000001,
  "forecast_peak_mllw": 6.5115,
  "peak_rain_in_hr": 0.0,
  "peak_rain_offset_h": null,
  "rain_window_3h": [],
  "source": "surge-persistence",
  "depths_in": {
    "lowest_sentinel_grate": 5.897999999999998,
    "lowest_road_corner": 5.4179999999999975,
    "gutter_walkway": 3.7380000000000013,
    "corner_grate": 2.1779999999999973,
    "curb": 0.0,
    "road_middle": 0.0,
    "intersection": 0.0,
    "lawn_step": 0.0,
    "porch_step": 0.0,
    "regime": "street"
  },
  "hours_from_now": 36.49675321138889
}