{
  "time": "2026-06-12 18:09",
  "predicted_mllw": 5.954,
  "surge_ft": 0.8270000000000002,
  "forecast_peak_mllw": 6.781,
  "peak_rain_in_hr": 0.0,
  "peak_rain_offset_h": null,
  "rain_window_3h": [],
  "source": "surge-persistence",
  "depths_in": {
    "lowest_sentinel_grate": 9.132000000000007,
    "lowest_road_corner": 8.652000000000006,
    "gutter_walkway": 6.97200000000001,
    "corner_grate": 5.412000000000006,
    "curb": 2.412000000000006,
    "road_middle": 0.012000000000004007,
    "intersection": 0.0,
    "lawn_step": 0.0,
    "porch_step": 0.0,
    "regime": "light"
  },
  "hours_from_now": 3.0272311233333333
}