{
  "time": "2026-06-12 18:09",
  "predicted_mllw": 5.954,
  "surge_ft": 0.4630000000000001,
  "forecast_peak_mllw": 6.417,
  "peak_rain_in_hr": 0.0,
  "peak_rain_offset_h": null,
  "rain_window_3h": [],
  "source": "surge-persistence",
  "depths_in": {
    "lowest_sentinel_grate": 4.764000000000003,
    "lowest_road_corner": 4.2840000000000025,
    "gutter_walkway": 2.6040000000000063,
    "corner_grate": 1.0440000000000023,
    "curb": 0.0,
    "road_middle": 0.0,
    "intersection": 0.0,
    "lawn_step": 0.0,
    "porch_step": 0.0,
    "regime": "street"
  },
  "hours_from_now": 67.56878392972222
}