{
  "time": "2026-06-12 18:09",
  "predicted_mllw": 5.954,
  "surge_ft": 0.44459999999999944,
  "forecast_peak_mllw": 6.398599999999999,
  "peak_rain_in_hr": 0.0,
  "peak_rain_offset_h": null,
  "rain_window_3h": [],
  "source": "surge-persistence",
  "depths_in": {
    "lowest_sentinel_grate": 4.543199999999995,
    "lowest_road_corner": 4.063199999999995,
    "gutter_walkway": 2.3831999999999987,
    "corner_grate": 0.8231999999999946,
    "curb": 0.0,
    "road_middle": 0.0,
    "intersection": 0.0,
    "lawn_step": 0.0,
    "porch_step": 0.0,
    "regime": "street"
  },
  "hours_from_now": 18.576474289166665
}