{
  "time": "2026-06-12 18:09",
  "predicted_mllw": 5.954,
  "surge_ft": 0.8176000000000005,
  "forecast_peak_mllw": 6.7716,
  "peak_rain_in_hr": 0.0,
  "peak_rain_offset_h": null,
  "rain_window_3h": [],
  "source": "surge-persistence",
  "depths_in": {
    "lowest_sentinel_grate": 9.019200000000014,
    "lowest_road_corner": 8.539200000000013,
    "gutter_walkway": 6.859200000000017,
    "corner_grate": 5.299200000000013,
    "curb": 2.2992000000000132,
    "road_middle": 0.0,
    "intersection": 0.0,
    "lawn_step": 0.0,
    "porch_step": 0.0,
    "regime": "light"
  },
  "hours_from_now": 8.659507983055555
}