{
  "time": "2026-06-12 18:09",
  "predicted_mllw": 5.954,
  "surge_ft": 0.3794000000000004,
  "forecast_peak_mllw": 6.3334,
  "peak_rain_in_hr": 0.0,
  "peak_rain_offset_h": null,
  "rain_window_3h": [],
  "source": "surge-persistence",
  "depths_in": {
    "lowest_sentinel_grate": 3.760800000000007,
    "lowest_road_corner": 3.2808000000000064,
    "gutter_walkway": 1.6008000000000102,
    "corner_grate": 0.040800000000006165,
    "curb": 0.0,
    "road_middle": 0.0,
    "intersection": 0.0,
    "lawn_step": 0.0,
    "porch_step": 0.0,
    "regime": "street"
  },
  "hours_from_now": 44.398695384166665
}