{
  "time": "2026-06-12 18:09",
  "predicted_mllw": 5.954,
  "surge_ft": 0.4783999999999997,
  "forecast_peak_mllw": 6.4323999999999995,
  "peak_rain_in_hr": 0.0,
  "peak_rain_offset_h": null,
  "rain_window_3h": [],
  "source": "surge-persistence",
  "depths_in": {
    "lowest_sentinel_grate": 4.948799999999993,
    "lowest_road_corner": 4.468799999999993,
    "gutter_walkway": 2.7887999999999966,
    "corner_grate": 1.2287999999999926,
    "curb": 0.0,
    "road_middle": 0.0,
    "intersection": 0.0,
    "lawn_step": 0.0,
    "porch_step": 0.0,
    "regime": "street"
  },
  "hours_from_now": 47.18507752666667
}