{
  "time": "2026-06-12 18:09",
  "predicted_mllw": 5.954,
  "surge_ft": 0.5982999999999998,
  "forecast_peak_mllw": 6.5523,
  "peak_rain_in_hr": 0.0,
  "peak_rain_offset_h": null,
  "rain_window_3h": [],
  "source": "surge-persistence",
  "depths_in": {
    "lowest_sentinel_grate": 6.387600000000008,
    "lowest_road_corner": 5.9076000000000075,
    "gutter_walkway": 4.227600000000011,
    "corner_grate": 2.6676000000000073,
    "curb": 0.0,
    "road_middle": 0.0,
    "intersection": 0.0,
    "lawn_step": 0.0,
    "porch_step": 0.0,
    "regime": "street"
  },
  "hours_from_now": 4.8899618700000005
}