{
  "time": "2026-06-12 18:09",
  "predicted_mllw": 5.954,
  "surge_ft": 0.39639999999999986,
  "forecast_peak_mllw": 6.3504,
  "peak_rain_in_hr": 0.0,
  "peak_rain_offset_h": null,
  "rain_window_3h": [],
  "source": "surge-persistence",
  "depths_in": {
    "lowest_sentinel_grate": 3.9648000000000003,
    "lowest_road_corner": 3.4848,
    "gutter_walkway": 1.8048000000000037,
    "corner_grate": 0.24479999999999968,
    "curb": 0.0,
    "road_middle": 0.0,
    "intersection": 0.0,
    "lawn_step": 0.0,
    "porch_step": 0.0,
    "regime": "street"
  },
  "hours_from_now": 42.57691133611111
}