{
  "time": "2026-06-12 18:09",
  "predicted_mllw": 5.954,
  "surge_ft": 0.3955000000000002,
  "forecast_peak_mllw": 6.3495,
  "peak_rain_in_hr": 0.0,
  "peak_rain_offset_h": null,
  "rain_window_3h": [],
  "source": "surge-persistence",
  "depths_in": {
    "lowest_sentinel_grate": 3.954000000000004,
    "lowest_road_corner": 3.4740000000000038,
    "gutter_walkway": 1.7940000000000076,
    "corner_grate": 0.23400000000000354,
    "curb": 0.0,
    "road_middle": 0.0,
    "intersection": 0.0,
    "lawn_step": 0.0,
    "porch_step": 0.0,
    "regime": "street"
  },
  "hours_from_now": 30.554460766388893
}