{
  "time": "2026-06-12 18:09",
  "predicted_mllw": 5.954,
  "surge_ft": 0.45199999999999996,
  "forecast_peak_mllw": 6.406,
  "peak_rain_in_hr": 0.0,
  "peak_rain_offset_h": null,
  "rain_window_3h": [],
  "source": "surge-persistence",
  "depths_in": {
    "lowest_sentinel_grate": 4.6320000000000014,
    "lowest_road_corner": 4.152000000000001,
    "gutter_walkway": 2.472000000000005,
    "corner_grate": 0.9120000000000008,
    "curb": 0.0,
    "road_middle": 0.0,
    "intersection": 0.0,
    "lawn_step": 0.0,
    "porch_step": 0.0,
    "regime": "street"
  },
  "hours_from_now": 19.514750425277775
}