{
  "time": "2026-06-12 18:09",
  "predicted_mllw": 5.954,
  "surge_ft": 0.9811999999999999,
  "forecast_peak_mllw": 6.9352,
  "peak_rain_in_hr": 0.0,
  "peak_rain_offset_h": null,
  "rain_window_3h": [],
  "source": "surge-persistence",
  "depths_in": {
    "lowest_sentinel_grate": 10.9824,
    "lowest_road_corner": 10.5024,
    "gutter_walkway": 8.822400000000004,
    "corner_grate": 7.2623999999999995,
    "curb": 4.2623999999999995,
    "road_middle": 1.8623999999999974,
    "intersection": 0.0,
    "lawn_step": 0.0,
    "porch_step": 0.0,
    "regime": "moderate"
  },
  "hours_from_now": -0.5929168983333333
}