{
  "time": "2026-06-12 18:09",
  "predicted_mllw": 5.954,
  "surge_ft": 0.5306000000000002,
  "forecast_peak_mllw": 6.4846,
  "peak_rain_in_hr": 0.0,
  "peak_rain_offset_h": null,
  "rain_window_3h": [],
  "source": "surge-persistence",
  "depths_in": {
    "lowest_sentinel_grate": 5.575200000000004,
    "lowest_road_corner": 5.095200000000004,
    "gutter_walkway": 3.4152000000000076,
    "corner_grate": 1.8552000000000035,
    "curb": 0.0,
    "road_middle": 0.0,
    "intersection": 0.0,
    "lawn_step": 0.0,
    "porch_step": 0.0,
    "regime": "street"
  },
  "hours_from_now": 40.19506731861111
}