{
  "time": "2026-06-12 18:09",
  "predicted_mllw": 5.954,
  "surge_ft": 0.5080000000000009,
  "forecast_peak_mllw": 6.462000000000001,
  "peak_rain_in_hr": 0.0,
  "peak_rain_offset_h": null,
  "rain_window_3h": [],
  "source": "surge-persistence",
  "depths_in": {
    "lowest_sentinel_grate": 5.304000000000018,
    "lowest_road_corner": 4.824000000000018,
    "gutter_walkway": 3.1440000000000214,
    "corner_grate": 1.5840000000000174,
    "curb": 0.0,
    "road_middle": 0.0,
    "intersection": 0.0,
    "lawn_step": 0.0,
    "porch_step": 0.0,
    "regime": "street"
  },
  "hours_from_now": 46.26866560944444
}