{
  "time": "2026-06-12 18:09",
  "predicted_mllw": 5.954,
  "surge_ft": 0.5866000000000007,
  "forecast_peak_mllw": 6.5406,
  "peak_rain_in_hr": 0.0,
  "peak_rain_offset_h": null,
  "rain_window_3h": [],
  "source": "surge-persistence",
  "depths_in": {
    "lowest_sentinel_grate": 6.247200000000015,
    "lowest_road_corner": 5.767200000000015,
    "gutter_walkway": 4.087200000000019,
    "corner_grate": 2.5272000000000148,
    "curb": 0.0,
    "road_middle": 0.0,
    "intersection": 0.0,
    "lawn_step": 0.0,
    "porch_step": 0.0,
    "regime": "street"
  },
  "hours_from_now": 20.363983780277778
}