{
  "time": "2026-06-12 18:09",
  "predicted_mllw": 5.954,
  "surge_ft": 0.48819999999999997,
  "forecast_peak_mllw": 6.4422,
  "peak_rain_in_hr": 0.0,
  "peak_rain_offset_h": null,
  "rain_window_3h": [],
  "source": "surge-persistence",
  "depths_in": {
    "lowest_sentinel_grate": 5.066399999999996,
    "lowest_road_corner": 4.586399999999996,
    "gutter_walkway": 2.9063999999999997,
    "corner_grate": 1.3463999999999956,
    "curb": 0.0,
    "road_middle": 0.0,
    "intersection": 0.0,
    "lawn_step": 0.0,
    "porch_step": 0.0,
    "regime": "street"
  },
  "hours_from_now": 6.812742235833333
}