{
  "time": "2026-06-12 18:09",
  "predicted_mllw": 5.954,
  "surge_ft": 0.6671999999999993,
  "forecast_peak_mllw": 6.621199999999999,
  "peak_rain_in_hr": 0.0,
  "peak_rain_offset_h": null,
  "rain_window_3h": [],
  "source": "surge-persistence",
  "depths_in": {
    "lowest_sentinel_grate": 7.2143999999999995,
    "lowest_road_corner": 6.734399999999999,
    "gutter_walkway": 5.054400000000003,
    "corner_grate": 3.494399999999999,
    "curb": 0.49439999999999884,
    "road_middle": 0.0,
    "intersection": 0.0,
    "lawn_step": 0.0,
    "porch_step": 0.0,
    "regime": "light"
  },
  "hours_from_now": 21.273286101944443
}