{
  "time": "2026-06-12 18:09",
  "predicted_mllw": 5.954,
  "surge_ft": 1.0076,
  "forecast_peak_mllw": 6.9616,
  "peak_rain_in_hr": 0.0,
  "peak_rain_offset_h": null,
  "rain_window_3h": [],
  "source": "surge-persistence",
  "depths_in": {
    "lowest_sentinel_grate": 11.299200000000008,
    "lowest_road_corner": 10.819200000000007,
    "gutter_walkway": 9.139200000000011,
    "corner_grate": 7.579200000000007,
    "curb": 4.579200000000007,
    "road_middle": 2.179200000000005,
    "intersection": 0.019200000000008544,
    "lawn_step": 0.0,
    "porch_step": 0.0,
    "regime": "moderate"
  },
  "hours_from_now": -1.5519472122222222
}