{
  "time": "2026-06-12 18:09",
  "predicted_mllw": 5.954,
  "surge_ft": 0.6196000000000002,
  "forecast_peak_mllw": 6.5736,
  "peak_rain_in_hr": 0.0,
  "peak_rain_offset_h": null,
  "rain_window_3h": [],
  "source": "surge-persistence",
  "depths_in": {
    "lowest_sentinel_grate": 6.643200000000009,
    "lowest_road_corner": 6.163200000000009,
    "gutter_walkway": 4.4832000000000125,
    "corner_grate": 2.9232000000000085,
    "curb": 0.0,
    "road_middle": 0.0,
    "intersection": 0.0,
    "lawn_step": 0.0,
    "porch_step": 0.0,
    "regime": "street"
  },
  "hours_from_now": 17.143498895
}