{
  "time": "2026-06-10 16:10",
  "predicted_mllw": 5.244,
  "surge_ft": 6.272200000000001,
  "forecast_peak_mllw": 11.516200000000001,
  "peak_rain_in_hr": 0.0,
  "peak_rain_offset_h": null,
  "rain_window_3h": [],
  "source": "surge-persistence",
  "depths_in": {
    "lowest_sentinel_grate": 65.95440000000002,
    "lowest_road_corner": 65.4744,
    "gutter_walkway": 63.794400000000024,
    "corner_grate": 62.234400000000015,
    "curb": 59.234400000000015,
    "road_middle": 56.83440000000002,
    "intersection": 54.67440000000002,
    "lawn_step": 54.194400000000016,
    "porch_step": 48.194400000000016,
    "regime": "severe"
  },
  "hours_from_now": 69.64106450277778
}