{
  "time": "2026-07-20 13:37",
  "predicted_mllw": 5.134,
  "surge_ft": 1.4673000000000003,
  "forecast_peak_mllw": 6.6013,
  "peak_rain_in_hr": 0.0,
  "peak_rain_offset_h": null,
  "rain_window_3h": [
    [
      -2.6166666666666667,
      0.0
    ],
    [
      -1.6166666666666667,
      0.0
    ],
    [
      -0.6166666666666667,
      0.0
    ],
    [
      0.38333333333333336,
      0.0
    ],
    [
      1.3833333333333333,
      0.0
    ],
    [
      2.3833333333333333,
      0.0
    ]
  ],
  "source": "surge-persistence",
  "depths_in": {
    "grate_SW": 3.1356000000000037,
    "grate_SE": 2.175600000000003,
    "corner_SE": 1.6956000000000024,
    "corner_SW": 1.6956000000000024,
    "grate_bay_ave_upstream": 1.6956000000000024,
    "gutter_walkway": 0.015600000000006276,
    "grate_NE": 0.0,
    "grate_NW": 0.0,
    "corner_NE": 0.0,
    "corner_NW": 0.0,
    "curb": 0.0,
    "sidewalk_under_walkway_lawn_step": 0.0,
    "road_middle": 0.0,
    "intersection_highpoint": 0.0,
    "lawn_step": 0.0,
    "porch_step_base": 0.0,
    "porch_step1_top": 0.0,
    "porch_deck": 0.0,
    "regime": "street"
  },
  "depths_in_wind_adjusted": null,
  "wind_adjustment": {
    "sector": "neither",
    "adjustment_ft": 0.0,
    "wind_dir_at_peak": "SE",
    "wind_speed_at_peak": "5 mph",
    "note": "Forecast wind at peak (SE at 5 mph) is cross-shore or unspecified \u2014 defaulting to main prediction (no wind adjustment)."
  },
  "hours_from_now": 42.43657586416667
}