{
  "time": "2026-06-13 19:05",
  "predicted_mllw": 6.236,
  "surge_ft": 0.5080000000000009,
  "forecast_peak_mllw": 6.744000000000001,
  "peak_rain_in_hr": 0.0,
  "peak_rain_offset_h": null,
  "rain_window_3h": [],
  "source": "surge-persistence",
  "depths_in": {
    "lowest_sentinel_grate": 8.688000000000018,
    "lowest_road_corner": 8.208000000000018,
    "gutter_walkway": 6.528000000000022,
    "corner_grate": 4.968000000000018,
    "curb": 1.9680000000000177,
    "road_middle": 0.0,
    "intersection": 0.0,
    "lawn_step": 0.0,
    "porch_step": 0.0,
    "regime": "light"
  },
  "hours_from_now": 71.20199891805555
}