{
  "time": "2026-06-13 19:05",
  "predicted_mllw": 6.236,
  "surge_ft": 0.4516,
  "forecast_peak_mllw": 6.6876,
  "peak_rain_in_hr": 0.0,
  "peak_rain_offset_h": null,
  "rain_window_3h": [],
  "source": "surge-persistence",
  "depths_in": {
    "lowest_sentinel_grate": 8.011199999999997,
    "lowest_road_corner": 7.531199999999997,
    "gutter_walkway": 5.8512,
    "corner_grate": 4.291199999999996,
    "curb": 1.2911999999999964,
    "road_middle": 0.0,
    "intersection": 0.0,
    "lawn_step": 0.0,
    "porch_step": 0.0,
    "regime": "light"
  },
  "hours_from_now": 70.13837243611111
}