{
  "time": "2026-06-13 19:05",
  "predicted_mllw": 6.236,
  "surge_ft": 0.5575000000000001,
  "forecast_peak_mllw": 6.7935,
  "peak_rain_in_hr": 0.0,
  "peak_rain_offset_h": null,
  "rain_window_3h": [],
  "source": "surge-persistence",
  "depths_in": {
    "lowest_sentinel_grate": 9.281999999999998,
    "lowest_road_corner": 8.801999999999998,
    "gutter_walkway": 7.122000000000002,
    "corner_grate": 5.561999999999998,
    "curb": 2.5619999999999976,
    "road_middle": 0.16199999999999548,
    "intersection": 0.0,
    "lawn_step": 0.0,
    "porch_step": 0.0,
    "regime": "light"
  },
  "hours_from_now": 61.43008650694444
}