{
  "time": "2026-06-13 19:05",
  "predicted_mllw": 6.236,
  "surge_ft": 0.3955000000000002,
  "forecast_peak_mllw": 6.6315,
  "peak_rain_in_hr": 0.0,
  "peak_rain_offset_h": null,
  "rain_window_3h": [],
  "source": "surge-persistence",
  "depths_in": {
    "lowest_sentinel_grate": 7.33800000000001,
    "lowest_road_corner": 6.858000000000009,
    "gutter_walkway": 5.178000000000013,
    "corner_grate": 3.618000000000009,
    "curb": 0.6180000000000092,
    "road_middle": 0.0,
    "intersection": 0.0,
    "lawn_step": 0.0,
    "porch_step": 0.0,
    "regime": "light"
  },
  "hours_from_now": 55.487794074166665
}