{
  "time": "2026-06-13 19:05",
  "predicted_mllw": 6.236,
  "surge_ft": 0.5982999999999998,
  "forecast_peak_mllw": 6.8343,
  "peak_rain_in_hr": 0.0,
  "peak_rain_offset_h": null,
  "rain_window_3h": [],
  "source": "surge-persistence",
  "depths_in": {
    "lowest_sentinel_grate": 9.771600000000008,
    "lowest_road_corner": 9.291600000000008,
    "gutter_walkway": 7.611600000000012,
    "corner_grate": 6.051600000000008,
    "curb": 3.0516000000000076,
    "road_middle": 0.6516000000000055,
    "intersection": 0.0,
    "lawn_step": 0.0,
    "porch_step": 0.0,
    "regime": "light"
  },
  "hours_from_now": 29.823295175277778
}