{
  "time": "2026-06-13 19:05",
  "predicted_mllw": 6.236,
  "surge_ft": 0.7860000000000005,
  "forecast_peak_mllw": 7.022,
  "peak_rain_in_hr": 0.0,
  "peak_rain_offset_h": null,
  "rain_window_3h": [],
  "source": "surge-persistence",
  "depths_in": {
    "lowest_sentinel_grate": 12.024000000000003,
    "lowest_road_corner": 11.544000000000002,
    "gutter_walkway": 9.864000000000006,
    "corner_grate": 8.304000000000002,
    "curb": 5.304000000000002,
    "road_middle": 2.904,
    "intersection": 0.7440000000000033,
    "lawn_step": 0.2640000000000029,
    "porch_step": 0.0,
    "regime": "moderate"
  },
  "hours_from_now": 21.47321397611111
}