{
  "time": "2026-06-13 19:05",
  "predicted_mllw": 6.236,
  "surge_ft": 0.4742,
  "forecast_peak_mllw": 6.7101999999999995,
  "peak_rain_in_hr": 0.0,
  "peak_rain_offset_h": null,
  "rain_window_3h": [],
  "source": "surge-persistence",
  "depths_in": {
    "lowest_sentinel_grate": 8.282400000000004,
    "lowest_road_corner": 7.802400000000004,
    "gutter_walkway": 6.122400000000008,
    "corner_grate": 4.562400000000004,
    "curb": 1.5624000000000038,
    "road_middle": 0.0,
    "intersection": 0.0,
    "lawn_step": 0.0,
    "porch_step": 0.0,
    "regime": "light"
  },
  "hours_from_now": 2.511890908333333
}