{
  "time": "2026-06-13 19:05",
  "predicted_mllw": 6.236,
  "surge_ft": 0.8426999999999998,
  "forecast_peak_mllw": 7.0786999999999995,
  "peak_rain_in_hr": 0.0,
  "peak_rain_offset_h": null,
  "rain_window_3h": [],
  "source": "surge-persistence",
  "depths_in": {
    "lowest_sentinel_grate": 12.704399999999994,
    "lowest_road_corner": 12.224399999999994,
    "gutter_walkway": 10.544399999999998,
    "corner_grate": 8.984399999999994,
    "curb": 5.984399999999994,
    "road_middle": 3.5843999999999916,
    "intersection": 1.424399999999995,
    "lawn_step": 0.9443999999999946,
    "porch_step": 0.0,
    "regime": "moderate"
  },
  "hours_from_now": 8.231854497499999
}