{
  "time": "2026-06-13 19:05",
  "predicted_mllw": 6.236,
  "surge_ft": 0.6671999999999993,
  "forecast_peak_mllw": 6.903199999999999,
  "peak_rain_in_hr": 0.0,
  "peak_rain_offset_h": null,
  "rain_window_3h": [],
  "source": "surge-persistence",
  "depths_in": {
    "lowest_sentinel_grate": 10.5984,
    "lowest_road_corner": 10.1184,
    "gutter_walkway": 8.438400000000003,
    "corner_grate": 6.878399999999999,
    "curb": 3.878399999999999,
    "road_middle": 1.478399999999997,
    "intersection": 0.0,
    "lawn_step": 0.0,
    "porch_step": 0.0,
    "regime": "light"
  },
  "hours_from_now": 46.206619405000005
}