{
  "time": "2026-06-13 19:05",
  "predicted_mllw": 6.236,
  "surge_ft": 0.4534,
  "forecast_peak_mllw": 6.6894,
  "peak_rain_in_hr": 0.0,
  "peak_rain_offset_h": null,
  "rain_window_3h": [],
  "source": "surge-persistence",
  "depths_in": {
    "lowest_sentinel_grate": 8.03280000000001,
    "lowest_road_corner": 7.55280000000001,
    "gutter_walkway": 5.872800000000014,
    "corner_grate": 4.31280000000001,
    "curb": 1.31280000000001,
    "road_middle": 0.0,
    "intersection": 0.0,
    "lawn_step": 0.0,
    "porch_step": 0.0,
    "regime": "light"
  },
  "hours_from_now": 15.875378575833333
}