{
  "time": "2026-06-13 19:05",
  "predicted_mllw": 6.236,
  "surge_ft": 0.4290999999999999,
  "forecast_peak_mllw": 6.6651,
  "peak_rain_in_hr": 0.0,
  "peak_rain_offset_h": null,
  "rain_window_3h": [],
  "source": "surge-persistence",
  "depths_in": {
    "lowest_sentinel_grate": 7.741200000000008,
    "lowest_road_corner": 7.261200000000008,
    "gutter_walkway": 5.5812000000000115,
    "corner_grate": 4.021200000000007,
    "curb": 1.0212000000000074,
    "road_middle": 0.0,
    "intersection": 0.0,
    "lawn_step": 0.0,
    "porch_step": 0.0,
    "regime": "light"
  },
  "hours_from_now": 39.848026354999995
}