{
  "time": "2026-06-13 19:05",
  "predicted_mllw": 6.236,
  "surge_ft": 0.48819999999999997,
  "forecast_peak_mllw": 6.7242,
  "peak_rain_in_hr": 0.0,
  "peak_rain_offset_h": null,
  "rain_window_3h": [],
  "source": "surge-persistence",
  "depths_in": {
    "lowest_sentinel_grate": 8.450399999999997,
    "lowest_road_corner": 7.970399999999996,
    "gutter_walkway": 6.2904,
    "corner_grate": 4.730399999999996,
    "curb": 1.730399999999996,
    "road_middle": 0.0,
    "intersection": 0.0,
    "lawn_step": 0.0,
    "porch_step": 0.0,
    "regime": "light"
  },
  "hours_from_now": 31.746075541388887
}