{
  "time": "2026-06-13 19:05",
  "predicted_mllw": 6.236,
  "surge_ft": 0.9239999999999999,
  "forecast_peak_mllw": 7.16,
  "peak_rain_in_hr": 0.0,
  "peak_rain_offset_h": null,
  "rain_window_3h": [],
  "source": "surge-persistence",
  "depths_in": {
    "lowest_sentinel_grate": 13.680000000000001,
    "lowest_road_corner": 13.200000000000001,
    "gutter_walkway": 11.520000000000005,
    "corner_grate": 9.96,
    "curb": 6.960000000000001,
    "road_middle": 4.559999999999999,
    "intersection": 2.400000000000002,
    "lawn_step": 1.9200000000000017,
    "porch_step": 0.0,
    "regime": "moderate"
  },
  "hours_from_now": -0.48633262083333334
}