{
  "time": "2026-06-13 19:05",
  "predicted_mllw": 6.236,
  "surge_ft": 0.41969999999999974,
  "forecast_peak_mllw": 6.6556999999999995,
  "peak_rain_in_hr": 0.0,
  "peak_rain_offset_h": null,
  "rain_window_3h": [],
  "source": "surge-persistence",
  "depths_in": {
    "lowest_sentinel_grate": 7.628399999999994,
    "lowest_road_corner": 7.148399999999993,
    "gutter_walkway": 5.468399999999997,
    "corner_grate": 3.908399999999993,
    "curb": 0.9083999999999932,
    "road_middle": 0.0,
    "intersection": 0.0,
    "lawn_step": 0.0,
    "porch_step": 0.0,
    "regime": "light"
  },
  "hours_from_now": 18.09827361888889
}