{
  "time": "2026-06-13 19:05",
  "predicted_mllw": 6.236,
  "surge_ft": 0.5195999999999998,
  "forecast_peak_mllw": 6.755599999999999,
  "peak_rain_in_hr": 0.0,
  "peak_rain_offset_h": null,
  "rain_window_3h": [],
  "source": "surge-persistence",
  "depths_in": {
    "lowest_sentinel_grate": 8.827199999999992,
    "lowest_road_corner": 8.347199999999992,
    "gutter_walkway": 6.667199999999996,
    "corner_grate": 5.107199999999992,
    "curb": 2.1071999999999917,
    "road_middle": 0.0,
    "intersection": 0.0,
    "lawn_step": 0.0,
    "porch_step": 0.0,
    "regime": "light"
  },
  "hours_from_now": 1.5294547838888888
}