{
  "time": "2026-06-13 19:05",
  "predicted_mllw": 6.236,
  "surge_ft": 0.9811999999999999,
  "forecast_peak_mllw": 7.2172,
  "peak_rain_in_hr": 0.0,
  "peak_rain_offset_h": null,
  "rain_window_3h": [],
  "source": "surge-persistence",
  "depths_in": {
    "lowest_sentinel_grate": 14.3664,
    "lowest_road_corner": 13.8864,
    "gutter_walkway": 12.206400000000004,
    "corner_grate": 10.6464,
    "curb": 7.6464,
    "road_middle": 5.246399999999998,
    "intersection": 3.086400000000001,
    "lawn_step": 2.6064000000000007,
    "porch_step": 0.0,
    "regime": "moderate"
  },
  "hours_from_now": 24.340416403333332
}