{
  "time": "2026-06-13 19:05",
  "predicted_mllw": 6.236,
  "surge_ft": 0.54,
  "forecast_peak_mllw": 6.776,
  "peak_rain_in_hr": 0.0,
  "peak_rain_offset_h": null,
  "rain_window_3h": [],
  "source": "surge-persistence",
  "depths_in": {
    "lowest_sentinel_grate": 9.071999999999997,
    "lowest_road_corner": 8.591999999999997,
    "gutter_walkway": 6.912000000000001,
    "corner_grate": 5.351999999999997,
    "curb": 2.3519999999999968,
    "road_middle": 0.0,
    "intersection": 0.0,
    "lawn_step": 0.0,
    "porch_step": 0.0,
    "regime": "light"
  },
  "hours_from_now": 51.84173755916667
}