{
  "time": "2026-06-13 19:05",
  "predicted_mllw": 6.236,
  "surge_ft": 0.6357999999999999,
  "forecast_peak_mllw": 6.8717999999999995,
  "peak_rain_in_hr": 0.0,
  "peak_rain_offset_h": null,
  "rain_window_3h": [],
  "source": "surge-persistence",
  "depths_in": {
    "lowest_sentinel_grate": 10.221600000000004,
    "lowest_road_corner": 9.741600000000004,
    "gutter_walkway": 8.061600000000007,
    "corner_grate": 6.501600000000003,
    "curb": 3.5016000000000034,
    "road_middle": 1.1016000000000012,
    "intersection": 0.0,
    "lawn_step": 0.0,
    "porch_step": 0.0,
    "regime": "light"
  },
  "hours_from_now": 4.297896205
}