{
  "time": "2026-06-13 19:05",
  "predicted_mllw": 6.236,
  "surge_ft": 0.7340000000000004,
  "forecast_peak_mllw": 6.970000000000001,
  "peak_rain_in_hr": 0.0,
  "peak_rain_offset_h": null,
  "rain_window_3h": [],
  "source": "surge-persistence",
  "depths_in": {
    "lowest_sentinel_grate": 11.400000000000007,
    "lowest_road_corner": 10.920000000000007,
    "gutter_walkway": 9.24000000000001,
    "corner_grate": 7.680000000000007,
    "curb": 4.680000000000007,
    "road_middle": 2.2800000000000047,
    "intersection": 0.1200000000000081,
    "lawn_step": 0.0,
    "porch_step": 0.0,
    "regime": "moderate"
  },
  "hours_from_now": 9.939827541944444
}