{
  "time": "2026-06-13 19:05",
  "predicted_mllw": 6.236,
  "surge_ft": 0.8270000000000002,
  "forecast_peak_mllw": 7.063,
  "peak_rain_in_hr": 0.0,
  "peak_rain_offset_h": null,
  "rain_window_3h": [],
  "source": "surge-persistence",
  "depths_in": {
    "lowest_sentinel_grate": 12.516000000000007,
    "lowest_road_corner": 12.036000000000007,
    "gutter_walkway": 10.35600000000001,
    "corner_grate": 8.796000000000006,
    "curb": 5.7960000000000065,
    "road_middle": 3.3960000000000043,
    "intersection": 1.2360000000000078,
    "lawn_step": 0.7560000000000073,
    "porch_step": 0.0,
    "regime": "moderate"
  },
  "hours_from_now": 27.960564428055555
}