{
  "time": "2026-06-13 19:05",
  "predicted_mllw": 6.236,
  "surge_ft": 0.5204,
  "forecast_peak_mllw": 6.756399999999999,
  "peak_rain_in_hr": 0.0,
  "peak_rain_offset_h": null,
  "rain_window_3h": [],
  "source": "surge-persistence",
  "depths_in": {
    "lowest_sentinel_grate": 8.836799999999991,
    "lowest_road_corner": 8.356799999999991,
    "gutter_walkway": 6.676799999999995,
    "corner_grate": 5.116799999999991,
    "curb": 2.1167999999999907,
    "road_middle": 0.0,
    "intersection": 0.0,
    "lawn_step": 0.0,
    "porch_step": 0.0,
    "regime": "light"
  },
  "hours_from_now": 66.14119789
}