{
  "time": "2026-06-13 19:05",
  "predicted_mllw": 6.236,
  "surge_ft": 0.9319999999999999,
  "forecast_peak_mllw": 7.167999999999999,
  "peak_rain_in_hr": 0.0,
  "peak_rain_offset_h": null,
  "rain_window_3h": [],
  "source": "surge-persistence",
  "depths_in": {
    "lowest_sentinel_grate": 13.775999999999991,
    "lowest_road_corner": 13.29599999999999,
    "gutter_walkway": 11.615999999999994,
    "corner_grate": 10.05599999999999,
    "curb": 7.05599999999999,
    "road_middle": 4.655999999999988,
    "intersection": 2.4959999999999916,
    "lawn_step": 2.015999999999991,
    "porch_step": 0.0,
    "regime": "moderate"
  },
  "hours_from_now": 37.43026414055556
}