{
  "time": "2026-06-13 19:05",
  "predicted_mllw": 6.236,
  "surge_ft": 0.3794000000000004,
  "forecast_peak_mllw": 6.6154,
  "peak_rain_in_hr": 0.0,
  "peak_rain_offset_h": null,
  "rain_window_3h": [],
  "source": "surge-persistence",
  "depths_in": {
    "lowest_sentinel_grate": 7.1448000000000125,
    "lowest_road_corner": 6.664800000000012,
    "gutter_walkway": 4.984800000000016,
    "corner_grate": 3.424800000000012,
    "curb": 0.42480000000001183,
    "road_middle": 0.0,
    "intersection": 0.0,
    "lawn_step": 0.0,
    "porch_step": 0.0,
    "regime": "light"
  },
  "hours_from_now": 69.33202869055556
}