{
  "time": "2026-06-13 19:05",
  "predicted_mllw": 6.236,
  "surge_ft": 0.33899999999999997,
  "forecast_peak_mllw": 6.574999999999999,
  "peak_rain_in_hr": 0.0,
  "peak_rain_offset_h": null,
  "rain_window_3h": [],
  "source": "surge-persistence",
  "depths_in": {
    "lowest_sentinel_grate": 6.659999999999991,
    "lowest_road_corner": 6.179999999999991,
    "gutter_walkway": 4.499999999999995,
    "corner_grate": 2.9399999999999906,
    "curb": 0.0,
    "road_middle": 0.0,
    "intersection": 0.0,
    "lawn_step": 0.0,
    "porch_step": 0.0,
    "regime": "street"
  },
  "hours_from_now": 68.42349086694445
}