{
  "time": "2026-06-13 19:05",
  "predicted_mllw": 6.236,
  "surge_ft": 0.5291999999999999,
  "forecast_peak_mllw": 6.7652,
  "peak_rain_in_hr": 0.0,
  "peak_rain_offset_h": null,
  "rain_window_3h": [],
  "source": "surge-persistence",
  "depths_in": {
    "lowest_sentinel_grate": 8.942400000000001,
    "lowest_road_corner": 8.4624,
    "gutter_walkway": 6.782400000000004,
    "corner_grate": 5.2224,
    "curb": 2.2224000000000004,
    "road_middle": 0.0,
    "intersection": 0.0,
    "lawn_step": 0.0,
    "porch_step": 0.0,
    "regime": "light"
  },
  "hours_from_now": 6.3871338883333335
}