{
  "time": "2026-06-13 19:05",
  "predicted_mllw": 6.236,
  "surge_ft": 0.875,
  "forecast_peak_mllw": 7.111,
  "peak_rain_in_hr": 0.0,
  "peak_rain_offset_h": null,
  "rain_window_3h": [],
  "source": "surge-persistence",
  "depths_in": {
    "lowest_sentinel_grate": 13.092000000000008,
    "lowest_road_corner": 12.612000000000007,
    "gutter_walkway": 10.932000000000011,
    "corner_grate": 9.372000000000007,
    "curb": 6.372000000000007,
    "road_middle": 3.972000000000005,
    "intersection": 1.8120000000000083,
    "lawn_step": 1.3320000000000078,
    "porch_step": 0.0,
    "regime": "moderate"
  },
  "hours_from_now": 11.69047092527778
}