{
  "time": "2026-06-13 19:05",
  "predicted_mllw": 6.236,
  "surge_ft": 0.8895999999999997,
  "forecast_peak_mllw": 7.1255999999999995,
  "peak_rain_in_hr": 0.0,
  "peak_rain_offset_h": null,
  "rain_window_3h": [],
  "source": "surge-persistence",
  "depths_in": {
    "lowest_sentinel_grate": 13.267200000000004,
    "lowest_road_corner": 12.787200000000004,
    "gutter_walkway": 11.107200000000008,
    "corner_grate": 9.547200000000004,
    "curb": 6.547200000000004,
    "road_middle": 4.1472000000000016,
    "intersection": 1.987200000000005,
    "lawn_step": 1.5072000000000045,
    "porch_step": 0.0,
    "regime": "moderate"
  },
  "hours_from_now": 22.27444726361111
}