{
  "time": "2026-06-13 19:05",
  "predicted_mllw": 6.236,
  "surge_ft": 0.8141999999999996,
  "forecast_peak_mllw": 7.050199999999999,
  "peak_rain_in_hr": 0.0,
  "peak_rain_offset_h": null,
  "rain_window_3h": [],
  "source": "surge-persistence",
  "depths_in": {
    "lowest_sentinel_grate": 12.362400000000003,
    "lowest_road_corner": 11.882400000000002,
    "gutter_walkway": 10.202400000000006,
    "corner_grate": 8.642400000000002,
    "curb": 5.642400000000002,
    "road_middle": 3.2424,
    "intersection": 1.0824000000000034,
    "lawn_step": 0.6024000000000029,
    "porch_step": 0.0,
    "regime": "moderate"
  },
  "hours_from_now": 57.50075521694445
}