{
  "time": "2026-06-13 19:05",
  "predicted_mllw": 6.236,
  "surge_ft": 0.7209000000000003,
  "forecast_peak_mllw": 6.9569,
  "peak_rain_in_hr": 0.0,
  "peak_rain_offset_h": null,
  "rain_window_3h": [],
  "source": "surge-persistence",
  "depths_in": {
    "lowest_sentinel_grate": 11.242800000000011,
    "lowest_road_corner": 10.762800000000011,
    "gutter_walkway": 9.082800000000015,
    "corner_grate": 7.522800000000011,
    "curb": 4.522800000000011,
    "road_middle": 2.1228000000000087,
    "intersection": 0.0,
    "lawn_step": 0.0,
    "porch_step": 0.0,
    "regime": "moderate"
  },
  "hours_from_now": 48.01839269138889
}