{
  "time": "2026-06-13 19:05",
  "predicted_mllw": 6.236,
  "surge_ft": 0.45199999999999996,
  "forecast_peak_mllw": 6.688,
  "peak_rain_in_hr": 0.0,
  "peak_rain_offset_h": null,
  "rain_window_3h": [],
  "source": "surge-persistence",
  "depths_in": {
    "lowest_sentinel_grate": 8.016000000000007,
    "lowest_road_corner": 7.536000000000007,
    "gutter_walkway": 5.8560000000000105,
    "corner_grate": 4.2960000000000065,
    "curb": 1.2960000000000065,
    "road_middle": 0.0,
    "intersection": 0.0,
    "lawn_step": 0.0,
    "porch_step": 0.0,
    "regime": "light"
  },
  "hours_from_now": 44.44808372777778
}