{
  "time": "2026-06-13 19:05",
  "predicted_mllw": 6.236,
  "surge_ft": 0.6270000000000007,
  "forecast_peak_mllw": 6.863,
  "peak_rain_in_hr": 0.0,
  "peak_rain_offset_h": null,
  "rain_window_3h": [],
  "source": "surge-persistence",
  "depths_in": {
    "lowest_sentinel_grate": 10.116000000000016,
    "lowest_road_corner": 9.636000000000015,
    "gutter_walkway": 7.956000000000019,
    "corner_grate": 6.396000000000015,
    "curb": 3.396000000000015,
    "road_middle": 0.9960000000000129,
    "intersection": 0.0,
    "lawn_step": 0.0,
    "porch_step": 0.0,
    "regime": "light"
  },
  "hours_from_now": 20.496509381388886
}