{
  "time": "2026-06-13 19:05",
  "predicted_mllw": 6.236,
  "surge_ft": 0.5306000000000002,
  "forecast_peak_mllw": 6.7666,
  "peak_rain_in_hr": 0.0,
  "peak_rain_offset_h": null,
  "rain_window_3h": [],
  "source": "surge-persistence",
  "depths_in": {
    "lowest_sentinel_grate": 8.959200000000004,
    "lowest_road_corner": 8.479200000000004,
    "gutter_walkway": 6.799200000000008,
    "corner_grate": 5.239200000000004,
    "curb": 2.239200000000004,
    "road_middle": 0.0,
    "intersection": 0.0,
    "lawn_step": 0.0,
    "porch_step": 0.0,
    "regime": "light"
  },
  "hours_from_now": 65.12840062805556
}