{
  "time": "2026-06-13 19:05",
  "predicted_mllw": 6.236,
  "surge_ft": 0.44189999999999996,
  "forecast_peak_mllw": 6.677899999999999,
  "peak_rain_in_hr": 0.0,
  "peak_rain_offset_h": null,
  "rain_window_3h": [],
  "source": "surge-persistence",
  "depths_in": {
    "lowest_sentinel_grate": 7.894799999999991,
    "lowest_road_corner": 7.414799999999991,
    "gutter_walkway": 5.734799999999995,
    "corner_grate": 4.1747999999999905,
    "curb": 1.1747999999999905,
    "road_middle": 0.0,
    "intersection": 0.0,
    "lawn_step": 0.0,
    "porch_step": 0.0,
    "regime": "light"
  },
  "hours_from_now": 17.236483325277778
}