{
  "time": "2026-06-13 19:05",
  "predicted_mllw": 6.236,
  "surge_ft": 0.8176000000000005,
  "forecast_peak_mllw": 7.0536,
  "peak_rain_in_hr": 0.0,
  "peak_rain_offset_h": null,
  "rain_window_3h": [],
  "source": "surge-persistence",
  "depths_in": {
    "lowest_sentinel_grate": 12.403200000000014,
    "lowest_road_corner": 11.923200000000014,
    "gutter_walkway": 10.243200000000018,
    "corner_grate": 8.683200000000014,
    "curb": 5.683200000000014,
    "road_middle": 3.2832000000000114,
    "intersection": 1.1232000000000149,
    "lawn_step": 0.6432000000000144,
    "porch_step": 0.0,
    "regime": "moderate"
  },
  "hours_from_now": 33.59284128611111
}