{
  "time": "2026-06-13 19:05",
  "predicted_mllw": 6.236,
  "surge_ft": 0.6345000000000001,
  "forecast_peak_mllw": 6.8705,
  "peak_rain_in_hr": 0.0,
  "peak_rain_offset_h": null,
  "rain_window_3h": [],
  "source": "surge-persistence",
  "depths_in": {
    "lowest_sentinel_grate": 10.205999999999998,
    "lowest_road_corner": 9.725999999999997,
    "gutter_walkway": 8.046000000000001,
    "corner_grate": 6.485999999999997,
    "curb": 3.485999999999997,
    "road_middle": 1.085999999999995,
    "intersection": 0.0,
    "lawn_step": 0.0,
    "porch_step": 0.0,
    "regime": "light"
  },
  "hours_from_now": 3.4831467333333337
}