{
  "time": "2026-06-13 19:05",
  "predicted_mllw": 6.236,
  "surge_ft": 0.6196000000000002,
  "forecast_peak_mllw": 6.8556,
  "peak_rain_in_hr": 0.0,
  "peak_rain_offset_h": null,
  "rain_window_3h": [],
  "source": "surge-persistence",
  "depths_in": {
    "lowest_sentinel_grate": 10.02720000000001,
    "lowest_road_corner": 9.547200000000009,
    "gutter_walkway": 7.867200000000013,
    "corner_grate": 6.307200000000009,
    "curb": 3.307200000000009,
    "road_middle": 0.9072000000000067,
    "intersection": 0.0,
    "lawn_step": 0.0,
    "porch_step": 0.0,
    "regime": "light"
  },
  "hours_from_now": 42.07683220222222
}