{
  "time": "2026-06-13 19:05",
  "predicted_mllw": 6.236,
  "surge_ft": 0.5773999999999999,
  "forecast_peak_mllw": 6.8134,
  "peak_rain_in_hr": 0.0,
  "peak_rain_offset_h": null,
  "rain_window_3h": [],
  "source": "surge-persistence",
  "depths_in": {
    "lowest_sentinel_grate": 9.520799999999996,
    "lowest_road_corner": 9.040799999999996,
    "gutter_walkway": 7.360799999999999,
    "corner_grate": 5.800799999999995,
    "curb": 2.8007999999999953,
    "road_middle": 0.40079999999999316,
    "intersection": 0.0,
    "lawn_step": 0.0,
    "porch_step": 0.0,
    "regime": "light"
  },
  "hours_from_now": 19.51690633722222
}