{
  "time": "2026-06-13 19:05",
  "predicted_mllw": 6.236,
  "surge_ft": 0.6020000000000001,
  "forecast_peak_mllw": 6.838,
  "peak_rain_in_hr": 0.0,
  "peak_rain_offset_h": null,
  "rain_window_3h": [],
  "source": "surge-persistence",
  "depths_in": {
    "lowest_sentinel_grate": 9.816000000000011,
    "lowest_road_corner": 9.336000000000011,
    "gutter_walkway": 7.656000000000015,
    "corner_grate": 6.096000000000011,
    "curb": 3.0960000000000107,
    "road_middle": 0.6960000000000086,
    "intersection": 0.0,
    "lawn_step": 0.0,
    "porch_step": 0.0,
    "regime": "light"
  },
  "hours_from_now": 13.498170434166667
}