{
  "time": "2026-06-13 19:05",
  "predicted_mllw": 6.236,
  "surge_ft": 0.8952000000000004,
  "forecast_peak_mllw": 7.1312,
  "peak_rain_in_hr": 0.0,
  "peak_rain_offset_h": null,
  "rain_window_3h": [],
  "source": "surge-persistence",
  "depths_in": {
    "lowest_sentinel_grate": 13.334399999999997,
    "lowest_road_corner": 12.854399999999996,
    "gutter_walkway": 11.1744,
    "corner_grate": 9.614399999999996,
    "curb": 6.614399999999996,
    "road_middle": 4.214399999999994,
    "intersection": 2.0543999999999976,
    "lawn_step": 1.5743999999999971,
    "porch_step": 0.0,
    "regime": "moderate"
  },
  "hours_from_now": -1.4535430147222224
}