{
  "time": "2026-06-13 19:05",
  "predicted_mllw": 6.236,
  "surge_ft": 0.8309999999999995,
  "forecast_peak_mllw": 7.066999999999999,
  "peak_rain_in_hr": 0.0,
  "peak_rain_offset_h": null,
  "rain_window_3h": [],
  "source": "surge-persistence",
  "depths_in": {
    "lowest_sentinel_grate": 12.564000000000002,
    "lowest_road_corner": 12.084000000000001,
    "gutter_walkway": 10.404000000000005,
    "corner_grate": 8.844000000000001,
    "curb": 5.844000000000001,
    "road_middle": 3.443999999999999,
    "intersection": 1.2840000000000025,
    "lawn_step": 0.804000000000002,
    "porch_step": 0.0,
    "regime": "moderate"
  },
  "hours_from_now": 59.289205388333336
}