{
  "time": "2026-06-13 19:05",
  "predicted_mllw": 6.236,
  "surge_ft": 0.9713999999999996,
  "forecast_peak_mllw": 7.2074,
  "peak_rain_in_hr": 0.0,
  "peak_rain_offset_h": null,
  "rain_window_3h": [],
  "source": "surge-persistence",
  "depths_in": {
    "lowest_sentinel_grate": 14.248799999999997,
    "lowest_road_corner": 13.768799999999997,
    "gutter_walkway": 12.0888,
    "corner_grate": 10.528799999999997,
    "curb": 7.528799999999997,
    "road_middle": 5.128799999999995,
    "intersection": 2.968799999999998,
    "lawn_step": 2.4887999999999977,
    "porch_step": 0.0,
    "regime": "moderate"
  },
  "hours_from_now": 35.36077502333333
}