{
  "time": "2026-06-13 19:05",
  "predicted_mllw": 6.236,
  "surge_ft": 0.7285000000000004,
  "forecast_peak_mllw": 6.9645,
  "peak_rain_in_hr": 0.0,
  "peak_rain_offset_h": null,
  "rain_window_3h": [],
  "source": "surge-persistence",
  "depths_in": {
    "lowest_sentinel_grate": 11.334000000000012,
    "lowest_road_corner": 10.854000000000012,
    "gutter_walkway": 9.174000000000015,
    "corner_grate": 7.614000000000011,
    "curb": 4.614000000000011,
    "road_middle": 2.2140000000000093,
    "intersection": 0.054000000000012705,
    "lawn_step": 0.0,
    "porch_step": 0.0,
    "regime": "moderate"
  },
  "hours_from_now": 7.427481405555556
}