{
  "time": "2026-06-13 19:05",
  "predicted_mllw": 6.236,
  "surge_ft": 0.7236,
  "forecast_peak_mllw": 6.9596,
  "peak_rain_in_hr": 0.0,
  "peak_rain_offset_h": null,
  "rain_window_3h": [],
  "source": "surge-persistence",
  "depths_in": {
    "lowest_sentinel_grate": 11.2752,
    "lowest_road_corner": 10.7952,
    "gutter_walkway": 9.115200000000003,
    "corner_grate": 7.555199999999999,
    "curb": 4.555199999999999,
    "road_middle": 2.155199999999997,
    "intersection": 0.0,
    "lawn_step": 0.0,
    "porch_step": 0.0,
    "regime": "moderate"
  },
  "hours_from_now": 0.5257674469444444
}