{
  "time": "2026-06-13 19:05",
  "predicted_mllw": 6.236,
  "surge_ft": 0.7222,
  "forecast_peak_mllw": 6.9582,
  "peak_rain_in_hr": 0.0,
  "peak_rain_offset_h": null,
  "rain_window_3h": [],
  "source": "surge-persistence",
  "depths_in": {
    "lowest_sentinel_grate": 11.258399999999996,
    "lowest_road_corner": 10.778399999999996,
    "gutter_walkway": 9.0984,
    "corner_grate": 7.538399999999996,
    "curb": 4.538399999999996,
    "road_middle": 2.1383999999999936,
    "intersection": 0.0,
    "lawn_step": 0.0,
    "porch_step": 0.0,
    "regime": "moderate"
  },
  "hours_from_now": 49.76459353861111
}