{
  "time": "2026-06-13 19:05",
  "predicted_mllw": 6.236,
  "surge_ft": 0.5866000000000007,
  "forecast_peak_mllw": 6.8226,
  "peak_rain_in_hr": 0.0,
  "peak_rain_offset_h": null,
  "rain_window_3h": [],
  "source": "surge-persistence",
  "depths_in": {
    "lowest_sentinel_grate": 9.631200000000016,
    "lowest_road_corner": 9.151200000000015,
    "gutter_walkway": 7.471200000000019,
    "corner_grate": 5.911200000000015,
    "curb": 2.911200000000015,
    "road_middle": 0.511200000000013,
    "intersection": 0.0,
    "lawn_step": 0.0,
    "porch_step": 0.0,
    "regime": "light"
  },
  "hours_from_now": 45.29731708694444
}