{
  "time": "2026-06-13 19:05",
  "predicted_mllw": 6.236,
  "surge_ft": 0.44459999999999944,
  "forecast_peak_mllw": 6.680599999999999,
  "peak_rain_in_hr": 0.0,
  "peak_rain_offset_h": null,
  "rain_window_3h": [],
  "source": "surge-persistence",
  "depths_in": {
    "lowest_sentinel_grate": 7.927200000000001,
    "lowest_road_corner": 7.4472000000000005,
    "gutter_walkway": 5.767200000000004,
    "corner_grate": 4.2072,
    "curb": 1.2072000000000003,
    "road_middle": 0.0,
    "intersection": 0.0,
    "lawn_step": 0.0,
    "porch_step": 0.0,
    "regime": "light"
  },
  "hours_from_now": 43.50980758972222
}