{
  "time": "2026-06-13 19:05",
  "predicted_mllw": 6.236,
  "surge_ft": 0.5720000000000001,
  "forecast_peak_mllw": 6.808,
  "peak_rain_in_hr": 0.0,
  "peak_rain_offset_h": null,
  "rain_window_3h": [],
  "source": "surge-persistence",
  "depths_in": {
    "lowest_sentinel_grate": 9.455999999999998,
    "lowest_road_corner": 8.975999999999997,
    "gutter_walkway": 7.296000000000001,
    "corner_grate": 5.735999999999997,
    "curb": 2.735999999999997,
    "road_middle": 0.33599999999999497,
    "intersection": 0.0,
    "lawn_step": 0.0,
    "porch_step": 0.0,
    "regime": "light"
  },
  "hours_from_now": 5.47252597388889
}