{
  "time": "2026-05-31 20:44",
  "predicted_mllw": 5.422,
  "surge_ft": 0.9385000000000001,
  "forecast_peak_mllw": 6.3605,
  "peak_rain_in_hr": 0.0,
  "peak_rain_offset_h": null,
  "rain_window_3h": [],
  "source": "surge-persistence",
  "depths_in": {
    "lowest_sentinel_grate": 4.086000000000006,
    "lowest_road_corner": 3.606000000000005,
    "gutter_walkway": 1.926000000000009,
    "corner_grate": 0.366000000000005,
    "curb": 0.0,
    "road_middle": 0.0,
    "intersection": 0.0,
    "lawn_step": 0.0,
    "porch_step": 0.0,
    "regime": "street"
  },
  "hours_from_now": 13.334770070833333
}