{
  "time": "2026-05-31 20:44",
  "predicted_mllw": 5.422,
  "surge_ft": 1.4924,
  "forecast_peak_mllw": 6.9144,
  "peak_rain_in_hr": 0.0,
  "peak_rain_offset_h": null,
  "rain_window_3h": [],
  "source": "surge-persistence",
  "depths_in": {
    "lowest_sentinel_grate": 10.732800000000006,
    "lowest_road_corner": 10.252800000000006,
    "gutter_walkway": 8.57280000000001,
    "corner_grate": 7.012800000000006,
    "curb": 4.012800000000006,
    "road_middle": 1.6128000000000036,
    "intersection": 0.0,
    "lawn_step": 0.0,
    "porch_step": 0.0,
    "regime": "moderate"
  },
  "hours_from_now": 18.95270202472222
}