{
  "time": "2026-05-31 20:44",
  "predicted_mllw": 5.422,
  "surge_ft": 0.9513999999999996,
  "forecast_peak_mllw": 6.373399999999999,
  "peak_rain_in_hr": 0.0,
  "peak_rain_offset_h": null,
  "rain_window_3h": [],
  "source": "surge-persistence",
  "depths_in": {
    "lowest_sentinel_grate": 4.240799999999997,
    "lowest_road_corner": 3.760799999999996,
    "gutter_walkway": 2.0808,
    "corner_grate": 0.5207999999999959,
    "curb": 0.0,
    "road_middle": 0.0,
    "intersection": 0.0,
    "lawn_step": 0.0,
    "porch_step": 0.0,
    "regime": "street"
  },
  "hours_from_now": 21.31486891722222
}