{
  "time": "2026-05-31 20:44",
  "predicted_mllw": 5.422,
  "surge_ft": 0.994,
  "forecast_peak_mllw": 6.4159999999999995,
  "peak_rain_in_hr": 0.0,
  "peak_rain_offset_h": null,
  "rain_window_3h": [],
  "source": "surge-persistence",
  "depths_in": {
    "lowest_sentinel_grate": 4.751999999999999,
    "lowest_road_corner": 4.2719999999999985,
    "gutter_walkway": 2.5920000000000023,
    "corner_grate": 1.0319999999999983,
    "curb": 0.0,
    "road_middle": 0.0,
    "intersection": 0.0,
    "lawn_step": 0.0,
    "porch_step": 0.0,
    "regime": "street"
  },
  "hours_from_now": 11.61751965111111
}