{
  "time": "2026-05-31 20:44",
  "predicted_mllw": 5.422,
  "surge_ft": 1.4417000000000004,
  "forecast_peak_mllw": 6.8637,
  "peak_rain_in_hr": 0.0,
  "peak_rain_offset_h": null,
  "rain_window_3h": [],
  "source": "surge-persistence",
  "depths_in": {
    "lowest_sentinel_grate": 10.124399999999996,
    "lowest_road_corner": 9.644399999999996,
    "gutter_walkway": 7.9643999999999995,
    "corner_grate": 6.404399999999995,
    "curb": 3.4043999999999954,
    "road_middle": 1.0043999999999933,
    "intersection": 0.0,
    "lawn_step": 0.0,
    "porch_step": 0.0,
    "regime": "light"
  },
  "hours_from_now": 17.500891190277777
}