{
  "time": "2026-05-31 20:44",
  "predicted_mllw": 5.422,
  "surge_ft": 1.2136000000000005,
  "forecast_peak_mllw": 6.6356,
  "peak_rain_in_hr": 0.0,
  "peak_rain_offset_h": null,
  "rain_window_3h": [],
  "source": "surge-persistence",
  "depths_in": {
    "lowest_sentinel_grate": 7.387200000000002,
    "lowest_road_corner": 6.907200000000001,
    "gutter_walkway": 5.227200000000005,
    "corner_grate": 3.667200000000001,
    "curb": 0.6672000000000011,
    "road_middle": 0.0,
    "intersection": 0.0,
    "lawn_step": 0.0,
    "porch_step": 0.0,
    "regime": "light"
  },
  "hours_from_now": 19.81141649111111
}