{
  "time": "2026-05-31 20:44",
  "predicted_mllw": 5.422,
  "surge_ft": 0.9429999999999996,
  "forecast_peak_mllw": 6.364999999999999,
  "peak_rain_in_hr": 0.0,
  "peak_rain_offset_h": null,
  "rain_window_3h": [],
  "source": "surge-persistence",
  "depths_in": {
    "lowest_sentinel_grate": 4.139999999999997,
    "lowest_road_corner": 3.6599999999999966,
    "gutter_walkway": 1.9800000000000004,
    "corner_grate": 0.4199999999999964,
    "curb": 0.0,
    "road_middle": 0.0,
    "intersection": 0.0,
    "lawn_step": 0.0,
    "porch_step": 0.0,
    "regime": "street"
  },
  "hours_from_now": 6.132523561111111
}