{
  "time": "2026-07-11 17:49",
  "predicted_mllw": 5.875,
  "surge_ft": 4.284800000000001,
  "forecast_peak_mllw": 10.1598,
  "peak_rain_in_hr": 0.0,
  "peak_rain_offset_h": null,
  "rain_window_3h": [
    [
      -2.816666666666667,
      0.0
    ],
    [
      -1.8166666666666667,
      0.0
    ],
    [
      -0.8166666666666667,
      0.0
    ],
    [
      0.18333333333333332,
      0.0
    ],
    [
      1.1833333333333333,
      0.0
    ],
    [
      2.183333333333333,
      0.0
    ]
  ],
  "source": "surge-persistence",
  "depths_in": {
    "grate_SW": 45.8376,
    "grate_SE": 44.8776,
    "corner_SE": 44.397600000000004,
    "corner_SW": 44.397600000000004,
    "grate_bay_ave_upstream": 44.397600000000004,
    "gutter_walkway": 42.717600000000004,
    "grate_NE": 42.47760000000001,
    "grate_NW": 42.47760000000001,
    "corner_NE": 41.1576,
    "corner_NW": 41.1576,
    "curb": 38.1576,
    "sidewalk_under_walkway_lawn_step": 36.1176,
    "road_middle": 35.7576,
    "intersection_highpoint": 33.5976,
    "lawn_step": 32.1576,
    "porch_step_base": 31.917600000000007,
    "porch_step1_top": 23.157600000000002,
    "porch_deck": 0.0,
    "regime": "severe"
  },
  "depths_in_wind_adjusted": null,
  "wind_adjustment": {
    "sector": "onshore",
    "adjustment_ft": 0.0,
    "wind_dir_at_peak": "E",
    "wind_speed_at_peak": "5 mph",
    "note": "Forecast wind at peak (E at 5 mph) is in the onshore sector \u2014 water gets piled into the bay corner where Highlands sits. Main prediction applies."
  },
  "hours_from_now": 46.24879559611111
}