{
  "time": "2026-07-11 17:49",
  "predicted_mllw": 5.875,
  "surge_ft": 1.0988000000000007,
  "forecast_peak_mllw": 6.973800000000001,
  "peak_rain_in_hr": 0.0033333333333333335,
  "peak_rain_offset_h": -0.8166666666666667,
  "rain_window_3h": [
    [
      -2.816666666666667,
      0.0033333333333333335
    ],
    [
      -1.8166666666666667,
      0.0033333333333333335
    ],
    [
      -0.8166666666666667,
      0.0033333333333333335
    ],
    [
      0.18333333333333332,
      0.0033333333333333335
    ],
    [
      1.1833333333333333,
      0.0033333333333333335
    ],
    [
      2.183333333333333,
      0.0
    ]
  ],
  "source": "surge-persistence",
  "depths_in": {
    "grate_SW": 7.605600000000004,
    "grate_SE": 6.6456000000000035,
    "corner_SE": 6.165600000000003,
    "corner_SW": 6.165600000000003,
    "grate_bay_ave_upstream": 6.165600000000003,
    "gutter_walkway": 4.485600000000007,
    "grate_NE": 4.245600000000007,
    "grate_NW": 4.245600000000007,
    "corner_NE": 2.925600000000003,
    "corner_NW": 2.925600000000003,
    "curb": 0.0,
    "sidewalk_under_walkway_lawn_step": 0.0,
    "road_middle": 0.0,
    "intersection_highpoint": 0.0,
    "lawn_step": 0.0,
    "porch_step_base": 0.0,
    "porch_step1_top": 0.0,
    "porch_deck": 0.0,
    "regime": "street"
  },
  "depths_in_wind_adjusted": null,
  "wind_adjustment": {
    "sector": "onshore",
    "adjustment_ft": 0.0,
    "wind_dir_at_peak": "E",
    "wind_speed_at_peak": "5 mph",
    "note": "Forecast wind at peak (E at 5 mph) is in the onshore sector \u2014 water gets piled into the bay corner where Highlands sits. Main prediction applies."
  },
  "hours_from_now": -2.5024874025
}