{
  "time": "2026-07-11 17:49",
  "predicted_mllw": 5.875,
  "surge_ft": 0.7394000000000001,
  "forecast_peak_mllw": 6.6144,
  "peak_rain_in_hr": 0.013333333333333334,
  "peak_rain_offset_h": -0.8166666666666667,
  "rain_window_3h": [
    [
      -2.816666666666667,
      0.013333333333333334
    ],
    [
      -1.8166666666666667,
      0.013333333333333334
    ],
    [
      -0.8166666666666667,
      0.013333333333333334
    ],
    [
      0.18333333333333332,
      0.013333333333333334
    ],
    [
      1.1833333333333333,
      0.013333333333333334
    ],
    [
      2.183333333333333,
      0.0
    ]
  ],
  "source": "surge-persistence",
  "depths_in": {
    "grate_SW": 3.2927999999999997,
    "grate_SE": 2.332799999999999,
    "corner_SE": 1.8527999999999984,
    "corner_SW": 1.8527999999999984,
    "grate_bay_ave_upstream": 1.8527999999999984,
    "gutter_walkway": 0.17280000000000229,
    "grate_NE": 0.0,
    "grate_NW": 0.0,
    "corner_NE": 0.0,
    "corner_NW": 0.0,
    "curb": 0.0,
    "sidewalk_under_walkway_lawn_step": 0.0,
    "road_middle": 0.0,
    "intersection_highpoint": 0.0,
    "lawn_step": 0.0,
    "porch_step_base": 0.0,
    "porch_step1_top": 0.0,
    "porch_deck": 0.0,
    "regime": "street"
  },
  "depths_in_wind_adjusted": null,
  "wind_adjustment": {
    "sector": "onshore",
    "adjustment_ft": 0.0,
    "wind_dir_at_peak": "E",
    "wind_speed_at_peak": "5 mph",
    "note": "Forecast wind at peak (E at 5 mph) is in the onshore sector \u2014 water gets piled into the bay corner where Highlands sits. Main prediction applies."
  },
  "hours_from_now": 4.2715850675
}