{
  "time": "2026-07-11 17:49",
  "predicted_mllw": 5.875,
<<<<<<< Updated upstream
  "surge_ft": 0.7542,
  "forecast_peak_mllw": 6.6292,
=======
  "surge_ft": 0.7238000000000007,
  "forecast_peak_mllw": 6.598800000000001,
>>>>>>> Stashed changes
  "peak_rain_in_hr": 0.0,
  "peak_rain_offset_h": null,
  "rain_window_3h": [
    [
      -2.816666666666667,
      0.0
    ],
    [
      -1.8166666666666667,
      0.0
    ],
    [
      -0.8166666666666667,
      0.0
    ],
    [
      0.18333333333333332,
      0.0
    ],
    [
      1.1833333333333333,
      0.0
    ],
    [
      2.183333333333333,
      0.0
    ]
  ],
  "source": "surge-persistence",
  "depths_in": {
<<<<<<< Updated upstream
    "grate_SW": 3.4704000000000015,
    "grate_SE": 2.5104000000000006,
    "corner_SE": 2.0304,
    "corner_SW": 2.0304,
    "grate_bay_ave_upstream": 2.0304,
    "gutter_walkway": 0.35040000000000404,
    "grate_NE": 0.11040000000000383,
    "grate_NW": 0.11040000000000383,
=======
    "grate_SW": 3.1056000000000097,
    "grate_SE": 2.145600000000009,
    "corner_SE": 1.6656000000000084,
    "corner_SW": 1.6656000000000084,
    "grate_bay_ave_upstream": 1.6656000000000084,
    "gutter_walkway": 0.0,
    "grate_NE": 0.0,
    "grate_NW": 0.0,
>>>>>>> Stashed changes
    "corner_NE": 0.0,
    "corner_NW": 0.0,
    "curb": 0.0,
    "sidewalk_under_walkway_lawn_step": 0.0,
    "road_middle": 0.0,
    "intersection_highpoint": 0.0,
    "lawn_step": 0.0,
    "porch_step_base": 0.0,
    "porch_step1_top": 0.0,
    "porch_deck": 0.0,
    "regime": "street"
  },
  "depths_in_wind_adjusted": null,
  "wind_adjustment": {
    "sector": "onshore",
    "adjustment_ft": 0.0,
    "wind_dir_at_peak": "E",
    "wind_speed_at_peak": "5 mph",
    "note": "Forecast wind at peak (E at 5 mph) is in the onshore sector \u2014 water gets piled into the bay corner where Highlands sits. Main prediction applies."
  },
<<<<<<< Updated upstream
  "hours_from_now": 46.94930748611112
=======
  "hours_from_now": 46.858002141944446
>>>>>>> Stashed changes
}