{
  "time": "2026-07-11 17:49",
  "predicted_mllw": 5.875,
  "surge_ft": 0.778999999999999,
  "forecast_peak_mllw": 6.653999999999999,
  "peak_rain_in_hr": 0.018333333333333337,
  "peak_rain_offset_h": -0.8166666666666667,
  "rain_window_3h": [
    [
      -2.816666666666667,
      0.018333333333333337
    ],
    [
      -1.8166666666666667,
      0.018333333333333337
    ],
    [
      -0.8166666666666667,
      0.018333333333333337
    ],
    [
      0.18333333333333332,
      0.018333333333333337
    ],
    [
      1.1833333333333333,
      0.018333333333333337
    ],
    [
      2.183333333333333,
      0.0
    ]
  ],
  "source": "surge-persistence",
  "depths_in": {
    "grate_SW": 3.76799999999999,
    "grate_SE": 2.807999999999989,
    "corner_SE": 2.3279999999999887,
    "corner_SW": 2.3279999999999887,
    "grate_bay_ave_upstream": 2.3279999999999887,
    "gutter_walkway": 0.6479999999999926,
    "grate_NE": 0.40799999999999237,
    "grate_NW": 0.40799999999999237,
    "corner_NE": 0.0,
    "corner_NW": 0.0,
    "curb": 0.0,
    "sidewalk_under_walkway_lawn_step": 0.0,
    "road_middle": 0.0,
    "intersection_highpoint": 0.0,
    "lawn_step": 0.0,
    "porch_step_base": 0.0,
    "porch_step1_top": 0.0,
    "porch_deck": 0.0,
    "regime": "street"
  },
  "depths_in_wind_adjusted": null,
  "wind_adjustment": {
    "sector": "onshore",
    "adjustment_ft": 0.0,
    "wind_dir_at_peak": "E",
    "wind_speed_at_peak": "5 mph",
    "note": "Forecast wind at peak (E at 5 mph) is in the onshore sector \u2014 water gets piled into the bay corner where Highlands sits. Main prediction applies."
  },
  "hours_from_now": 22.27643475833333
}