return_period_yr,return_level_mllw,depth_at_curb_in,depth_at_road_middle_in,depth_at_intersection_in,depth_at_lawn_step_in
2,7.570003905309031,7.080046863708368,4.680046863708366,2.5200468637083695,1.0800468637083682
5,8.375945149756557,16.75134179707868,14.351341797078678,12.191341797078682,10.75134179707868
10,8.908729159208649,23.144749910503783,20.74474991050378,18.584749910503785,17.144749910503783
25,9.580971306470023,31.211655677640266,28.811655677640264,26.651655677640267,25.211655677640266
50,10.079007640914977,37.18809169097972,34.78809169097971,32.628091690979716,31.188091690979718
100,10.572801785586142,43.1136214270337,40.7136214270337,38.553621427033704,37.1136214270337
500,11.71173572353604,56.780828682432485,54.38082868243248,52.22082868243248,50.780828682432485
