window,year_min,year_max,mm_per_year,ft_per_century,r2,n_years
full record,1910,2025,3.042944098837416,0.998341239776055,0.6730245934034423,98
NOAA published window,1932,2024,4.285547123880942,1.406019397598734,0.9277995456750836,90
post-1950,1950,2025,4.2593921540238275,1.3974383707427254,0.885810827063017,75
post-1980 (accelerated era),1980,2025,5.454374231618068,1.7894928581424108,0.8357854736398208,45
