window,year_min,year_max,mm_per_year,ft_per_century,r2,n_years
full record,1910,2025,3.0429440988374172,0.9983412397760554,0.6730245934034427,98
NOAA published window,1932,2024,4.285547123880939,1.4060193975987332,0.9277995456750826,90
post-1950,1950,2025,4.259392154023828,1.3974383707427258,0.8858108270630172,75
post-1980 (accelerated era),1980,2025,5.454374231618068,1.7894928581424108,0.8357854736398206,45
