{
  "time": "2026-06-10 03:32",
  "predicted_mllw": 4.477,
  "surge_ft": 6.272200000000001,
  "forecast_peak_mllw": 10.749200000000002,
  "peak_rain_in_hr": 0.0,
  "peak_rain_offset_h": null,
  "rain_window_3h": [],
  "source": "surge-persistence",
  "depths_in": {
    "lowest_sentinel_grate": 56.75040000000003,
    "lowest_road_corner": 56.270400000000016,
    "gutter_walkway": 54.59040000000003,
    "corner_grate": 53.03040000000002,
    "curb": 50.03040000000002,
    "road_middle": 47.63040000000002,
    "intersection": 45.470400000000026,
    "lawn_step": 44.99040000000002,
    "porch_step": 38.99040000000002,
    "regime": "severe"
  },
  "hours_from_now": 57.00773118083334
}