{
  "time": "2026-05-22 13:44",
  "predicted_mllw": 4.819,
  "surge_ft": 2.1992000000000003,
  "forecast_peak_mllw": 7.0182,
  "peak_rain_in_hr": 0.0,
  "peak_rain_offset_h": null,
  "rain_window_3h": [],
  "source": "surge-persistence",
  "depths_in": {
    "lowest_sentinel_grate": 11.978400000000002,
    "lowest_road_corner": 11.498400000000002,
    "gutter_walkway": 9.818400000000006,
    "corner_grate": 8.258400000000002,
    "curb": 5.258400000000002,
    "road_middle": 2.8583999999999996,
    "intersection": 0.698400000000003,
    "lawn_step": 0.2184000000000026,
    "porch_step": 0.0,
    "regime": "moderate"
  },
  "hours_from_now": 38.21357024222222
}