{
  "time": "2026-06-08 14:25",
  "predicted_mllw": 4.596,
  "surge_ft": 6.272200000000001,
  "forecast_peak_mllw": 10.868200000000002,
  "peak_rain_in_hr": 0.0,
  "peak_rain_offset_h": null,
  "rain_window_3h": [],
  "source": "surge-persistence",
  "depths_in": {
    "lowest_sentinel_grate": 58.178400000000025,
    "lowest_road_corner": 57.698400000000014,
    "gutter_walkway": 56.01840000000003,
    "corner_grate": 54.45840000000002,
    "curb": 51.45840000000002,
    "road_middle": 49.05840000000002,
    "intersection": 46.898400000000024,
    "lawn_step": 46.41840000000002,
    "porch_step": 40.41840000000002,
    "regime": "severe"
  },
  "hours_from_now": 19.891064549444447
}