{
  "time": "2026-07-12 18:50",
  "predicted_mllw": 6.112,
  "surge_ft": 0.9607999999999999,
  "forecast_peak_mllw": 7.0728,
  "peak_rain_in_hr": 0.0,
  "peak_rain_offset_h": null,
  "rain_window_3h": [
    [
      -2.8333333333333335,
      0.0
    ],
    [
      -1.8333333333333333,
      0.0
    ],
    [
      -0.8333333333333334,
      0.0
    ],
    [
      0.16666666666666666,
      0.0
    ],
    [
      1.1666666666666667,
      0.0
    ],
    [
      2.1666666666666665,
      0.0
    ]
  ],
  "source": "surge-persistence",
  "depths_in": {
    "grate_SW": 8.793600000000007,
    "grate_SE": 7.833600000000006,
    "corner_SE": 7.3536000000000055,
    "corner_SW": 7.3536000000000055,
    "grate_bay_ave_upstream": 7.3536000000000055,
    "gutter_walkway": 5.673600000000009,
    "grate_NE": 5.433600000000009,
    "grate_NW": 5.433600000000009,
    "corner_NE": 4.113600000000005,
    "corner_NW": 4.113600000000005,
    "curb": 1.1136000000000053,
    "sidewalk_under_walkway_lawn_step": 0.0,
    "road_middle": 0.0,
    "intersection_highpoint": 0.0,
    "lawn_step": 0.0,
    "porch_step_base": 0.0,
    "porch_step1_top": 0.0,
    "porch_deck": 0.0,
    "regime": "light"
  },
  "depths_in_wind_adjusted": {
    "grate_SW": 7.233599999999997,
    "grate_SE": 6.2735999999999965,
    "corner_SE": 5.793599999999996,
    "corner_SW": 5.793599999999996,
    "grate_bay_ave_upstream": 5.793599999999996,
    "gutter_walkway": 4.1136,
    "grate_NE": 3.8735999999999997,
    "grate_NW": 3.8735999999999997,
    "corner_NE": 2.553599999999996,
    "corner_NW": 2.553599999999996,
    "curb": 0.0,
    "sidewalk_under_walkway_lawn_step": 0.0,
    "road_middle": 0.0,
    "intersection_highpoint": 0.0,
    "lawn_step": 0.0,
    "porch_step_base": 0.0,
    "porch_step1_top": 0.0,
    "porch_deck": 0.0,
    "regime": "street"
  },
  "wind_adjustment": {
    "sector": "offshore",
    "adjustment_ft": -0.13,
    "wind_dir_at_peak": "S",
    "wind_speed_at_peak": "5 mph",
    "note": "Forecast wind at peak (S at 5 mph) is in the offshore sector \u2014 water at 342 Bay is typically ~1.6\" lower than the main prediction because bay-corner water is being pushed away from Highlands. Expect actual closer to this wind-adjusted estimate."
  },
  "hours_from_now": 33.27297081444444
}