{
  "time": "2026-07-12 18:50",
  "predicted_mllw": 6.112,
  "surge_ft": 0.6398999999999999,
  "forecast_peak_mllw": 6.7519,
  "peak_rain_in_hr": 0.0,
  "peak_rain_offset_h": null,
  "rain_window_3h": [
    [
      -2.8333333333333335,
      0.0
    ],
    [
      -1.8333333333333333,
      0.0
    ],
    [
      -0.8333333333333334,
      0.0
    ],
    [
      0.16666666666666666,
      0.0
    ],
    [
      1.1666666666666667,
      0.0
    ],
    [
      2.1666666666666665,
      0.0
    ]
  ],
  "source": "surge-persistence",
  "depths_in": {
    "grate_SW": 4.942800000000002,
    "grate_SE": 3.982800000000001,
    "corner_SE": 3.5028000000000006,
    "corner_SW": 3.5028000000000006,
    "grate_bay_ave_upstream": 3.5028000000000006,
    "gutter_walkway": 1.8228000000000044,
    "grate_NE": 1.5828000000000042,
    "grate_NW": 1.5828000000000042,
    "corner_NE": 0.26280000000000037,
    "corner_NW": 0.26280000000000037,
    "curb": 0.0,
    "sidewalk_under_walkway_lawn_step": 0.0,
    "road_middle": 0.0,
    "intersection_highpoint": 0.0,
    "lawn_step": 0.0,
    "porch_step_base": 0.0,
    "porch_step1_top": 0.0,
    "porch_deck": 0.0,
    "regime": "street"
  },
  "depths_in_wind_adjusted": {
    "grate_SW": 3.382800000000003,
    "grate_SE": 2.4228000000000023,
    "corner_SE": 1.9428000000000019,
    "corner_SW": 1.9428000000000019,
    "grate_bay_ave_upstream": 1.9428000000000019,
    "gutter_walkway": 0.2628000000000057,
    "grate_NE": 0.022800000000005483,
    "grate_NW": 0.022800000000005483,
    "corner_NE": 0.0,
    "corner_NW": 0.0,
    "curb": 0.0,
    "sidewalk_under_walkway_lawn_step": 0.0,
    "road_middle": 0.0,
    "intersection_highpoint": 0.0,
    "lawn_step": 0.0,
    "porch_step_base": 0.0,
    "porch_step1_top": 0.0,
    "porch_deck": 0.0,
    "regime": "street"
  },
  "wind_adjustment": {
    "sector": "offshore",
    "adjustment_ft": -0.13,
    "wind_dir_at_peak": "S",
    "wind_speed_at_peak": "5 mph",
    "note": "Forecast wind at peak (S at 5 mph) is in the offshore sector \u2014 water at 342 Bay is typically ~1.6\" lower than the main prediction because bay-corner water is being pushed away from Highlands. Expect actual closer to this wind-adjusted estimate."
  },
  "hours_from_now": 44.438236072222224
}