{
  "time": "2026-07-12 18:50",
  "predicted_mllw": 6.112,
  "surge_ft": 0.5379999999999994,
  "forecast_peak_mllw": 6.6499999999999995,
  "peak_rain_in_hr": 0.0,
  "peak_rain_offset_h": null,
  "rain_window_3h": [
    [
      -2.8333333333333335,
      0.0
    ],
    [
      -1.8333333333333333,
      0.0
    ],
    [
      -0.8333333333333334,
      0.0
    ],
    [
      0.16666666666666666,
      0.0
    ],
    [
      1.1666666666666667,
      0.0
    ],
    [
      2.1666666666666665,
      0.0
    ]
  ],
  "source": "surge-persistence",
  "depths_in": {
    "grate_SW": 3.7199999999999953,
    "grate_SE": 2.7599999999999945,
    "corner_SE": 2.279999999999994,
    "corner_SW": 2.279999999999994,
    "grate_bay_ave_upstream": 2.279999999999994,
    "gutter_walkway": 0.5999999999999979,
    "grate_NE": 0.35999999999999766,
    "grate_NW": 0.35999999999999766,
    "corner_NE": 0.0,
    "corner_NW": 0.0,
    "curb": 0.0,
    "sidewalk_under_walkway_lawn_step": 0.0,
    "road_middle": 0.0,
    "intersection_highpoint": 0.0,
    "lawn_step": 0.0,
    "porch_step_base": 0.0,
    "porch_step1_top": 0.0,
    "porch_deck": 0.0,
    "regime": "street"
  },
  "depths_in_wind_adjusted": {
    "grate_SW": 2.1599999999999966,
    "grate_SE": 1.1999999999999957,
    "corner_SE": 0.7199999999999953,
    "corner_SW": 0.7199999999999953,
    "grate_bay_ave_upstream": 0.7199999999999953,
    "gutter_walkway": 0.0,
    "grate_NE": 0.0,
    "grate_NW": 0.0,
    "corner_NE": 0.0,
    "corner_NW": 0.0,
    "curb": 0.0,
    "sidewalk_under_walkway_lawn_step": 0.0,
    "road_middle": 0.0,
    "intersection_highpoint": 0.0,
    "lawn_step": 0.0,
    "porch_step_base": 0.0,
    "porch_step1_top": 0.0,
    "porch_deck": 0.0,
    "regime": "street"
  },
  "wind_adjustment": {
    "sector": "offshore",
    "adjustment_ft": -0.13,
    "wind_dir_at_peak": "S",
    "wind_speed_at_peak": "5 mph",
    "note": "Forecast wind at peak (S at 5 mph) is in the offshore sector \u2014 water at 342 Bay is typically ~1.6\" lower than the main prediction because bay-corner water is being pushed away from Highlands. Expect actual closer to this wind-adjusted estimate."
  },
  "hours_from_now": -4.498854312222222
}