{
  "time": "2026-07-12 18:50",
  "predicted_mllw": 6.112,
  "surge_ft": 0.827,
  "forecast_peak_mllw": 6.939,
  "peak_rain_in_hr": 0.0,
  "peak_rain_offset_h": null,
  "rain_window_3h": [
    [
      -2.8333333333333335,
      0.0
    ],
    [
      -1.8333333333333333,
      0.0
    ],
    [
      -0.8333333333333334,
      0.0
    ],
    [
      0.16666666666666666,
      0.0
    ],
    [
      1.1666666666666667,
      0.0
    ],
    [
      2.1666666666666665,
      0.0
    ]
  ],
  "source": "surge-persistence",
  "depths_in": {
    "grate_SW": 7.187999999999997,
    "grate_SE": 6.227999999999996,
    "corner_SE": 5.747999999999996,
    "corner_SW": 5.747999999999996,
    "grate_bay_ave_upstream": 5.747999999999996,
    "gutter_walkway": 4.068,
    "grate_NE": 3.8279999999999994,
    "grate_NW": 3.8279999999999994,
    "corner_NE": 2.5079999999999956,
    "corner_NW": 2.5079999999999956,
    "curb": 0.0,
    "sidewalk_under_walkway_lawn_step": 0.0,
    "road_middle": 0.0,
    "intersection_highpoint": 0.0,
    "lawn_step": 0.0,
    "porch_step_base": 0.0,
    "porch_step1_top": 0.0,
    "porch_deck": 0.0,
    "regime": "street"
  },
  "depths_in_wind_adjusted": {
    "grate_SW": 5.628000000000004,
    "grate_SE": 4.668000000000003,
    "corner_SE": 4.188000000000002,
    "corner_SW": 4.188000000000002,
    "grate_bay_ave_upstream": 4.188000000000002,
    "gutter_walkway": 2.5080000000000062,
    "grate_NE": 2.268000000000006,
    "grate_NW": 2.268000000000006,
    "corner_NE": 0.9480000000000022,
    "corner_NW": 0.9480000000000022,
    "curb": 0.0,
    "sidewalk_under_walkway_lawn_step": 0.0,
    "road_middle": 0.0,
    "intersection_highpoint": 0.0,
    "lawn_step": 0.0,
    "porch_step_base": 0.0,
    "porch_step1_top": 0.0,
    "porch_deck": 0.0,
    "regime": "street"
  },
  "wind_adjustment": {
    "sector": "offshore",
    "adjustment_ft": -0.13,
    "wind_dir_at_peak": "S",
    "wind_speed_at_peak": "5 mph",
    "note": "Forecast wind at peak (S at 5 mph) is in the offshore sector \u2014 water at 342 Bay is typically ~1.6\" lower than the main prediction because bay-corner water is being pushed away from Highlands. Expect actual closer to this wind-adjusted estimate."
  },
  "hours_from_now": 8.293663039444445
}