{
  "time": "2026-07-12 18:50",
  "predicted_mllw": 6.112,
  "surge_ft": 0.8272000000000004,
  "forecast_peak_mllw": 6.9392000000000005,
  "peak_rain_in_hr": 0.0,
  "peak_rain_offset_h": null,
  "rain_window_3h": [
    [
      -2.8333333333333335,
      0.0
    ],
    [
      -1.8333333333333333,
      0.0
    ],
    [
      -0.8333333333333334,
      0.0
    ],
    [
      0.16666666666666666,
      0.0
    ],
    [
      1.1666666666666667,
      0.0
    ],
    [
      2.1666666666666665,
      0.0
    ]
  ],
  "source": "surge-persistence",
  "depths_in": {
    "grate_SW": 7.190400000000013,
    "grate_SE": 6.230400000000012,
    "corner_SE": 5.7504000000000115,
    "corner_SW": 5.7504000000000115,
    "grate_bay_ave_upstream": 5.7504000000000115,
    "gutter_walkway": 4.070400000000015,
    "grate_NE": 3.830400000000015,
    "grate_NW": 3.830400000000015,
    "corner_NE": 2.5104000000000113,
    "corner_NW": 2.5104000000000113,
    "curb": 0.0,
    "sidewalk_under_walkway_lawn_step": 0.0,
    "road_middle": 0.0,
    "intersection_highpoint": 0.0,
    "lawn_step": 0.0,
    "porch_step_base": 0.0,
    "porch_step1_top": 0.0,
    "porch_deck": 0.0,
    "regime": "street"
  },
  "depths_in_wind_adjusted": {
    "grate_SW": 5.630400000000009,
    "grate_SE": 4.670400000000008,
    "corner_SE": 4.1904000000000075,
    "corner_SW": 4.1904000000000075,
    "grate_bay_ave_upstream": 4.1904000000000075,
    "gutter_walkway": 2.5104000000000113,
    "grate_NE": 2.270400000000011,
    "grate_NW": 2.270400000000011,
    "corner_NE": 0.9504000000000072,
    "corner_NW": 0.9504000000000072,
    "curb": 0.0,
    "sidewalk_under_walkway_lawn_step": 0.0,
    "road_middle": 0.0,
    "intersection_highpoint": 0.0,
    "lawn_step": 0.0,
    "porch_step_base": 0.0,
    "porch_step1_top": 0.0,
    "porch_deck": 0.0,
    "regime": "street"
  },
  "wind_adjustment": {
    "sector": "offshore",
    "adjustment_ft": -0.13,
    "wind_dir_at_peak": "S",
    "wind_speed_at_peak": "5 mph",
    "note": "Forecast wind at peak (S at 5 mph) is in the offshore sector \u2014 water at 342 Bay is typically ~1.6\" lower than the main prediction because bay-corner water is being pushed away from Highlands. Expect actual closer to this wind-adjusted estimate."
  },
  "hours_from_now": 20.522024854722222
}