{
  "time": "2026-07-12 18:50",
  "predicted_mllw": 6.112,
  "surge_ft": 0.9020000000000001,
  "forecast_peak_mllw": 7.014,
  "peak_rain_in_hr": 0.0,
  "peak_rain_offset_h": null,
  "rain_window_3h": [
    [
      -2.8333333333333335,
      0.0
    ],
    [
      -1.8333333333333333,
      0.0
    ],
    [
      -0.8333333333333334,
      0.0
    ],
    [
      0.16666666666666666,
      0.0
    ],
    [
      1.1666666666666667,
      0.0
    ],
    [
      2.1666666666666665,
      0.0
    ]
  ],
  "source": "surge-persistence",
  "depths_in": {
    "grate_SW": 8.08800000000001,
    "grate_SE": 7.128000000000009,
    "corner_SE": 6.648000000000009,
    "corner_SW": 6.648000000000009,
    "grate_bay_ave_upstream": 6.648000000000009,
    "gutter_walkway": 4.968000000000012,
    "grate_NE": 4.728000000000012,
    "grate_NW": 4.728000000000012,
    "corner_NE": 3.4080000000000084,
    "corner_NW": 3.4080000000000084,
    "curb": 0.40800000000000836,
    "sidewalk_under_walkway_lawn_step": 0.0,
    "road_middle": 0.0,
    "intersection_highpoint": 0.0,
    "lawn_step": 0.0,
    "porch_step_base": 0.0,
    "porch_step1_top": 0.0,
    "porch_deck": 0.0,
    "regime": "light"
  },
  "depths_in_wind_adjusted": {
    "grate_SW": 6.5280000000000005,
    "grate_SE": 5.568,
    "corner_SE": 5.087999999999999,
    "corner_SW": 5.087999999999999,
    "grate_bay_ave_upstream": 5.087999999999999,
    "gutter_walkway": 3.408000000000003,
    "grate_NE": 3.168000000000003,
    "grate_NW": 3.168000000000003,
    "corner_NE": 1.847999999999999,
    "corner_NW": 1.847999999999999,
    "curb": 0.0,
    "sidewalk_under_walkway_lawn_step": 0.0,
    "road_middle": 0.0,
    "intersection_highpoint": 0.0,
    "lawn_step": 0.0,
    "porch_step_base": 0.0,
    "porch_step1_top": 0.0,
    "porch_deck": 0.0,
    "regime": "street"
  },
  "wind_adjustment": {
    "sector": "offshore",
    "adjustment_ft": -0.13,
    "wind_dir_at_peak": "S",
    "wind_speed_at_peak": "5 mph",
    "note": "Forecast wind at peak (S at 5 mph) is in the offshore sector \u2014 water at 342 Bay is typically ~1.6\" lower than the main prediction because bay-corner water is being pushed away from Highlands. Expect actual closer to this wind-adjusted estimate."
  },
  "hours_from_now": 34.221058848055556
}