{
  "time": "2026-07-12 18:50",
  "predicted_mllw": 6.112,
  "surge_ft": 0.7951999999999999,
  "forecast_peak_mllw": 6.9072,
  "peak_rain_in_hr": 0.0,
  "peak_rain_offset_h": null,
  "rain_window_3h": [
    [
      -2.8333333333333335,
      0.0
    ],
    [
      -1.8333333333333333,
      0.0
    ],
    [
      -0.8333333333333334,
      0.0
    ],
    [
      0.16666666666666666,
      0.0
    ]
  ],
  "source": "surge-persistence",
  "depths_in": {
    "grate_SW": 6.806399999999991,
    "grate_SE": 5.84639999999999,
    "corner_SE": 5.36639999999999,
    "corner_SW": 5.36639999999999,
    "grate_bay_ave_upstream": 5.36639999999999,
    "gutter_walkway": 3.6863999999999937,
    "grate_NE": 3.4463999999999935,
    "grate_NW": 3.4463999999999935,
    "corner_NE": 2.1263999999999896,
    "corner_NW": 2.1263999999999896,
    "curb": 0.0,
    "sidewalk_under_walkway_lawn_step": 0.0,
    "road_middle": 0.0,
    "intersection_highpoint": 0.0,
    "lawn_step": 0.0,
    "porch_step_base": 0.0,
    "porch_step1_top": 0.0,
    "porch_deck": 0.0,
    "regime": "street"
  },
  "depths_in_wind_adjusted": null,
  "wind_adjustment": {
    "sector": "neither",
    "adjustment_ft": 0.0,
    "wind_dir_at_peak": "SE",
    "wind_speed_at_peak": "5 mph",
    "note": "Forecast wind at peak (SE at 5 mph) is cross-shore or unspecified \u2014 defaulting to main prediction (no wind adjustment)."
  },
  "hours_from_now": 61.45790445944445
}