{
  "time": "2026-07-12 18:50",
  "predicted_mllw": 6.112,
  "surge_ft": 0.7819,
  "forecast_peak_mllw": 6.8939,
  "peak_rain_in_hr": 0.0,
  "peak_rain_offset_h": null,
  "rain_window_3h": [
    [
      -2.8333333333333335,
      0.0
    ],
    [
      -1.8333333333333333,
      0.0
    ],
    [
      -0.8333333333333334,
      0.0
    ],
    [
      0.16666666666666666,
      0.0
    ],
    [
      1.1666666666666667,
      0.0
    ],
    [
      2.1666666666666665,
      0.0
    ]
  ],
  "source": "surge-persistence",
  "depths_in": {
    "grate_SW": 6.646800000000001,
    "grate_SE": 5.6868,
    "corner_SE": 5.206799999999999,
    "corner_SW": 5.206799999999999,
    "grate_bay_ave_upstream": 5.206799999999999,
    "gutter_walkway": 3.5268000000000033,
    "grate_NE": 3.286800000000003,
    "grate_NW": 3.286800000000003,
    "corner_NE": 1.9667999999999992,
    "corner_NW": 1.9667999999999992,
    "curb": 0.0,
    "sidewalk_under_walkway_lawn_step": 0.0,
    "road_middle": 0.0,
    "intersection_highpoint": 0.0,
    "lawn_step": 0.0,
    "porch_step_base": 0.0,
    "porch_step1_top": 0.0,
    "porch_deck": 0.0,
    "regime": "street"
  },
  "depths_in_wind_adjusted": {
    "grate_SW": 5.086800000000007,
    "grate_SE": 4.1268000000000065,
    "corner_SE": 3.646800000000006,
    "corner_SW": 3.646800000000006,
    "grate_bay_ave_upstream": 3.646800000000006,
    "gutter_walkway": 1.9668000000000099,
    "grate_NE": 1.7268000000000097,
    "grate_NW": 1.7268000000000097,
    "corner_NE": 0.4068000000000058,
    "corner_NW": 0.4068000000000058,
    "curb": 0.0,
    "sidewalk_under_walkway_lawn_step": 0.0,
    "road_middle": 0.0,
    "intersection_highpoint": 0.0,
    "lawn_step": 0.0,
    "porch_step_base": 0.0,
    "porch_step1_top": 0.0,
    "porch_deck": 0.0,
    "regime": "street"
  },
  "wind_adjustment": {
    "sector": "offshore",
    "adjustment_ft": -0.13,
    "wind_dir_at_peak": "S",
    "wind_speed_at_peak": "5 mph",
    "note": "Forecast wind at peak (S at 5 mph) is in the offshore sector \u2014 water at 342 Bay is typically ~1.6\" lower than the main prediction because bay-corner water is being pushed away from Highlands. Expect actual closer to this wind-adjusted estimate."
  },
  "hours_from_now": 54.02071241944444
}