{
  "time": "2026-07-12 18:50",
  "predicted_mllw": 6.112,
  "surge_ft": 0.6489999999999999,
  "forecast_peak_mllw": 6.761,
  "peak_rain_in_hr": 0.0,
  "peak_rain_offset_h": null,
  "rain_window_3h": [
    [
      -2.8333333333333335,
      0.0
    ],
    [
      -1.8333333333333333,
      0.0
    ],
    [
      -0.8333333333333334,
      0.0
    ],
    [
      0.16666666666666666,
      0.0
    ],
    [
      1.1666666666666667,
      0.0
    ],
    [
      2.1666666666666665,
      0.0
    ]
  ],
  "source": "surge-persistence",
  "depths_in": {
    "grate_SW": 5.052000000000003,
    "grate_SE": 4.092000000000002,
    "corner_SE": 3.612000000000002,
    "corner_SW": 3.612000000000002,
    "grate_bay_ave_upstream": 3.612000000000002,
    "gutter_walkway": 1.9320000000000057,
    "grate_NE": 1.6920000000000055,
    "grate_NW": 1.6920000000000055,
    "corner_NE": 0.37200000000000166,
    "corner_NW": 0.37200000000000166,
    "curb": 0.0,
    "sidewalk_under_walkway_lawn_step": 0.0,
    "road_middle": 0.0,
    "intersection_highpoint": 0.0,
    "lawn_step": 0.0,
    "porch_step_base": 0.0,
    "porch_step1_top": 0.0,
    "porch_deck": 0.0,
    "regime": "street"
  },
  "depths_in_wind_adjusted": {
    "grate_SW": 3.4920000000000044,
    "grate_SE": 2.5320000000000036,
    "corner_SE": 2.052000000000003,
    "corner_SW": 2.052000000000003,
    "grate_bay_ave_upstream": 2.052000000000003,
    "gutter_walkway": 0.372000000000007,
    "grate_NE": 0.13200000000000678,
    "grate_NW": 0.13200000000000678,
    "corner_NE": 0.0,
    "corner_NW": 0.0,
    "curb": 0.0,
    "sidewalk_under_walkway_lawn_step": 0.0,
    "road_middle": 0.0,
    "intersection_highpoint": 0.0,
    "lawn_step": 0.0,
    "porch_step_base": 0.0,
    "porch_step1_top": 0.0,
    "porch_deck": 0.0,
    "regime": "street"
  },
  "wind_adjustment": {
    "sector": "offshore",
    "adjustment_ft": -0.13,
    "wind_dir_at_peak": "S",
    "wind_speed_at_peak": "5 mph",
    "note": "Forecast wind at peak (S at 5 mph) is in the offshore sector \u2014 water at 342 Bay is typically ~1.6\" lower than the main prediction because bay-corner water is being pushed away from Highlands. Expect actual closer to this wind-adjusted estimate."
  },
  "hours_from_now": 53.14652146361111
}