{
  "time": "2026-07-12 18:50",
  "predicted_mllw": 6.112,
  "surge_ft": 0.7000000000000001,
  "forecast_peak_mllw": 6.812,
  "peak_rain_in_hr": 0.0,
  "peak_rain_offset_h": null,
  "rain_window_3h": [
    [
      -2.8333333333333335,
      0.0
    ],
    [
      -1.8333333333333333,
      0.0
    ],
    [
      -0.8333333333333334,
      0.0
    ],
    [
      0.16666666666666666,
      0.0
    ]
  ],
  "source": "surge-persistence",
  "depths_in": {
    "grate_SW": 5.664000000000005,
    "grate_SE": 4.704000000000004,
    "corner_SE": 4.224000000000004,
    "corner_SW": 4.224000000000004,
    "grate_bay_ave_upstream": 4.224000000000004,
    "gutter_walkway": 2.5440000000000076,
    "grate_NE": 2.3040000000000074,
    "grate_NW": 2.3040000000000074,
    "corner_NE": 0.9840000000000035,
    "corner_NW": 0.9840000000000035,
    "curb": 0.0,
    "sidewalk_under_walkway_lawn_step": 0.0,
    "road_middle": 0.0,
    "intersection_highpoint": 0.0,
    "lawn_step": 0.0,
    "porch_step_base": 0.0,
    "porch_step1_top": 0.0,
    "porch_deck": 0.0,
    "regime": "street"
  },
  "depths_in_wind_adjusted": null,
  "wind_adjustment": {
    "sector": "neither",
    "adjustment_ft": 0.0,
    "wind_dir_at_peak": "SE",
    "wind_speed_at_peak": "5 mph",
    "note": "Forecast wind at peak (SE at 5 mph) is cross-shore or unspecified \u2014 defaulting to main prediction (no wind adjustment)."
  },
  "hours_from_now": 63.68747691638889
}