{
  "time": "2026-07-12 18:50",
  "predicted_mllw": 6.112,
  "surge_ft": 0.8055000000000003,
  "forecast_peak_mllw": 6.9175,
  "peak_rain_in_hr": 0.0,
  "peak_rain_offset_h": null,
  "rain_window_3h": [
    [
      -2.8333333333333335,
      0.0
    ],
    [
      -1.8333333333333333,
      0.0
    ],
    [
      -0.8333333333333334,
      0.0
    ],
    [
      0.16666666666666666,
      0.0
    ],
    [
      1.1666666666666667,
      0.0
    ],
    [
      2.1666666666666665,
      0.0
    ]
  ],
  "source": "surge-persistence",
  "depths_in": {
    "grate_SW": 6.9300000000000015,
    "grate_SE": 5.970000000000001,
    "corner_SE": 5.49,
    "corner_SW": 5.49,
    "grate_bay_ave_upstream": 5.49,
    "gutter_walkway": 3.810000000000004,
    "grate_NE": 3.570000000000004,
    "grate_NW": 3.570000000000004,
    "corner_NE": 2.25,
    "corner_NW": 2.25,
    "curb": 0.0,
    "sidewalk_under_walkway_lawn_step": 0.0,
    "road_middle": 0.0,
    "intersection_highpoint": 0.0,
    "lawn_step": 0.0,
    "porch_step_base": 0.0,
    "porch_step1_top": 0.0,
    "porch_deck": 0.0,
    "regime": "street"
  },
  "depths_in_wind_adjusted": {
    "grate_SW": 5.370000000000008,
    "grate_SE": 4.410000000000007,
    "corner_SE": 3.930000000000007,
    "corner_SW": 3.930000000000007,
    "grate_bay_ave_upstream": 3.930000000000007,
    "gutter_walkway": 2.2500000000000107,
    "grate_NE": 2.0100000000000104,
    "grate_NW": 2.0100000000000104,
    "corner_NE": 0.6900000000000066,
    "corner_NW": 0.6900000000000066,
    "curb": 0.0,
    "sidewalk_under_walkway_lawn_step": 0.0,
    "road_middle": 0.0,
    "intersection_highpoint": 0.0,
    "lawn_step": 0.0,
    "porch_step_base": 0.0,
    "porch_step1_top": 0.0,
    "porch_deck": 0.0,
    "regime": "street"
  },
  "wind_adjustment": {
    "sector": "offshore",
    "adjustment_ft": -0.13,
    "wind_dir_at_peak": "S",
    "wind_speed_at_peak": "5 mph",
    "note": "Forecast wind at peak (S at 5 mph) is in the offshore sector \u2014 water at 342 Bay is typically ~1.6\" lower than the main prediction because bay-corner water is being pushed away from Highlands. Expect actual closer to this wind-adjusted estimate."
  },
  "hours_from_now": 55.772536785
}