{
  "time": "2026-07-12 18:50",
  "predicted_mllw": 6.112,
  "surge_ft": 0.7220000000000001,
  "forecast_peak_mllw": 6.8340000000000005,
  "peak_rain_in_hr": 0.0,
  "peak_rain_offset_h": null,
  "rain_window_3h": [
    [
      -2.8333333333333335,
      0.0
    ],
    [
      -1.8333333333333333,
      0.0
    ],
    [
      -0.8333333333333334,
      0.0
    ],
    [
      0.16666666666666666,
      0.0
    ],
    [
      1.1666666666666667,
      0.0
    ],
    [
      2.1666666666666665,
      0.0
    ]
  ],
  "source": "surge-persistence",
  "depths_in": {
    "grate_SW": 5.928000000000013,
    "grate_SE": 4.968000000000012,
    "corner_SE": 4.488000000000012,
    "corner_SW": 4.488000000000012,
    "grate_bay_ave_upstream": 4.488000000000012,
    "gutter_walkway": 2.808000000000016,
    "grate_NE": 2.5680000000000156,
    "grate_NW": 2.5680000000000156,
    "corner_NE": 1.2480000000000118,
    "corner_NW": 1.2480000000000118,
    "curb": 0.0,
    "sidewalk_under_walkway_lawn_step": 0.0,
    "road_middle": 0.0,
    "intersection_highpoint": 0.0,
    "lawn_step": 0.0,
    "porch_step_base": 0.0,
    "porch_step1_top": 0.0,
    "porch_deck": 0.0,
    "regime": "street"
  },
  "depths_in_wind_adjusted": {
    "grate_SW": 4.368000000000009,
    "grate_SE": 3.4080000000000084,
    "corner_SE": 2.928000000000008,
    "corner_SW": 2.928000000000008,
    "grate_bay_ave_upstream": 2.928000000000008,
    "gutter_walkway": 1.2480000000000118,
    "grate_NE": 1.0080000000000116,
    "grate_NW": 1.0080000000000116,
    "corner_NE": 0.0,
    "corner_NW": 0.0,
    "curb": 0.0,
    "sidewalk_under_walkway_lawn_step": 0.0,
    "road_middle": 0.0,
    "intersection_highpoint": 0.0,
    "lawn_step": 0.0,
    "porch_step_base": 0.0,
    "porch_step1_top": 0.0,
    "porch_deck": 0.0,
    "regime": "street"
  },
  "wind_adjustment": {
    "sector": "offshore",
    "adjustment_ft": -0.13,
    "wind_dir_at_peak": "S",
    "wind_speed_at_peak": "5 mph",
    "note": "Forecast wind at peak (S at 5 mph) is in the offshore sector \u2014 water at 342 Bay is typically ~1.6\" lower than the main prediction because bay-corner water is being pushed away from Highlands. Expect actual closer to this wind-adjusted estimate."
  },
  "hours_from_now": 15.714297041111111
}