{
  "time": "2026-07-12 18:50",
  "predicted_mllw": 6.112,
  "surge_ft": 1.0539999999999998,
  "forecast_peak_mllw": 7.166,
  "peak_rain_in_hr": 0.0,
  "peak_rain_offset_h": null,
  "rain_window_3h": [
    [
      -2.8333333333333335,
      0.0
    ],
    [
      -1.8333333333333333,
      0.0
    ],
    [
      -0.8333333333333334,
      0.0
    ],
    [
      0.16666666666666666,
      0.0
    ],
    [
      1.1666666666666667,
      0.0
    ],
    [
      2.1666666666666665,
      0.0
    ]
  ],
  "source": "surge-persistence",
  "depths_in": {
    "grate_SW": 9.912,
    "grate_SE": 8.952,
    "corner_SE": 8.472,
    "corner_SW": 8.472,
    "grate_bay_ave_upstream": 8.472,
    "gutter_walkway": 6.792000000000003,
    "grate_NE": 6.552000000000003,
    "grate_NW": 6.552000000000003,
    "corner_NE": 5.231999999999999,
    "corner_NW": 5.231999999999999,
    "curb": 2.2319999999999993,
    "sidewalk_under_walkway_lawn_step": 0.19200000000000017,
    "road_middle": 0.0,
    "intersection_highpoint": 0.0,
    "lawn_step": 0.0,
    "porch_step_base": 0.0,
    "porch_step1_top": 0.0,
    "porch_deck": 0.0,
    "regime": "light"
  },
  "depths_in_wind_adjusted": {
    "grate_SW": 8.352000000000013,
    "grate_SE": 7.392000000000012,
    "corner_SE": 6.9120000000000115,
    "corner_SW": 6.9120000000000115,
    "grate_bay_ave_upstream": 6.9120000000000115,
    "gutter_walkway": 5.232000000000015,
    "grate_NE": 4.992000000000015,
    "grate_NW": 4.992000000000015,
    "corner_NE": 3.6720000000000113,
    "corner_NW": 3.6720000000000113,
    "curb": 0.6720000000000113,
    "sidewalk_under_walkway_lawn_step": 0.0,
    "road_middle": 0.0,
    "intersection_highpoint": 0.0,
    "lawn_step": 0.0,
    "porch_step_base": 0.0,
    "porch_step1_top": 0.0,
    "porch_deck": 0.0,
    "regime": "light"
  },
  "wind_adjustment": {
    "sector": "offshore",
    "adjustment_ft": -0.13,
    "wind_dir_at_peak": "S",
    "wind_speed_at_peak": "5 mph",
    "note": "Forecast wind at peak (S at 5 mph) is in the offshore sector \u2014 water at 342 Bay is typically ~1.6\" lower than the main prediction because bay-corner water is being pushed away from Highlands. Expect actual closer to this wind-adjusted estimate."
  },
  "hours_from_now": 24.488282868888888
}