{
  "time": "2026-07-12 18:50",
  "predicted_mllw": 6.112,
  "surge_ft": 0.8689999999999998,
  "forecast_peak_mllw": 6.981,
  "peak_rain_in_hr": 0.0,
  "peak_rain_offset_h": null,
  "rain_window_3h": [
    [
      -2.8333333333333335,
      0.0
    ],
    [
      -1.8333333333333333,
      0.0
    ],
    [
      -0.8333333333333334,
      0.0
    ],
    [
      0.16666666666666666,
      0.0
    ],
    [
      1.1666666666666667,
      0.0
    ],
    [
      2.1666666666666665,
      0.0
    ]
  ],
  "source": "surge-persistence",
  "depths_in": {
    "grate_SW": 7.691999999999995,
    "grate_SE": 6.731999999999994,
    "corner_SE": 6.251999999999994,
    "corner_SW": 6.251999999999994,
    "grate_bay_ave_upstream": 6.251999999999994,
    "gutter_walkway": 4.571999999999997,
    "grate_NE": 4.331999999999997,
    "grate_NW": 4.331999999999997,
    "corner_NE": 3.0119999999999933,
    "corner_NW": 3.0119999999999933,
    "curb": 0.01199999999999335,
    "sidewalk_under_walkway_lawn_step": 0.0,
    "road_middle": 0.0,
    "intersection_highpoint": 0.0,
    "lawn_step": 0.0,
    "porch_step_base": 0.0,
    "porch_step1_top": 0.0,
    "porch_deck": 0.0,
    "regime": "light"
  },
  "depths_in_wind_adjusted": {
    "grate_SW": 6.132000000000007,
    "grate_SE": 5.172000000000006,
    "corner_SE": 4.6920000000000055,
    "corner_SW": 4.6920000000000055,
    "grate_bay_ave_upstream": 4.6920000000000055,
    "gutter_walkway": 3.0120000000000093,
    "grate_NE": 2.772000000000009,
    "grate_NW": 2.772000000000009,
    "corner_NE": 1.4520000000000053,
    "corner_NW": 1.4520000000000053,
    "curb": 0.0,
    "sidewalk_under_walkway_lawn_step": 0.0,
    "road_middle": 0.0,
    "intersection_highpoint": 0.0,
    "lawn_step": 0.0,
    "porch_step_base": 0.0,
    "porch_step1_top": 0.0,
    "porch_deck": 0.0,
    "regime": "street"
  },
  "wind_adjustment": {
    "sector": "offshore",
    "adjustment_ft": -0.13,
    "wind_dir_at_peak": "S",
    "wind_speed_at_peak": "5 mph",
    "note": "Forecast wind at peak (S at 5 mph) is in the offshore sector \u2014 water at 342 Bay is typically ~1.6\" lower than the main prediction because bay-corner water is being pushed away from Highlands. Expect actual closer to this wind-adjusted estimate."
  },
  "hours_from_now": 57.67620096972222
}