{
  "time": "2026-07-12 18:50",
  "predicted_mllw": 6.112,
  "surge_ft": 0.8123999999999993,
  "forecast_peak_mllw": 6.9243999999999994,
  "peak_rain_in_hr": 0.0,
  "peak_rain_offset_h": null,
  "rain_window_3h": [
    [
      -2.8333333333333335,
      0.0
    ],
    [
      -1.8333333333333333,
      0.0
    ],
    [
      -0.8333333333333334,
      0.0
    ],
    [
      0.16666666666666666,
      0.0
    ],
    [
      1.1666666666666667,
      0.0
    ],
    [
      2.1666666666666665,
      0.0
    ]
  ],
  "source": "surge-persistence",
  "depths_in": {
    "grate_SW": 7.0128,
    "grate_SE": 6.0527999999999995,
    "corner_SE": 5.572799999999999,
    "corner_SW": 5.572799999999999,
    "grate_bay_ave_upstream": 5.572799999999999,
    "gutter_walkway": 3.892800000000003,
    "grate_NE": 3.6528000000000027,
    "grate_NW": 3.6528000000000027,
    "corner_NE": 2.332799999999999,
    "corner_NW": 2.332799999999999,
    "curb": 0.0,
    "sidewalk_under_walkway_lawn_step": 0.0,
    "road_middle": 0.0,
    "intersection_highpoint": 0.0,
    "lawn_step": 0.0,
    "porch_step_base": 0.0,
    "porch_step1_top": 0.0,
    "porch_deck": 0.0,
    "regime": "street"
  },
  "depths_in_wind_adjusted": {
    "grate_SW": 5.452799999999996,
    "grate_SE": 4.4927999999999955,
    "corner_SE": 4.012799999999995,
    "corner_SW": 4.012799999999995,
    "grate_bay_ave_upstream": 4.012799999999995,
    "gutter_walkway": 2.332799999999999,
    "grate_NE": 2.0927999999999987,
    "grate_NW": 2.0927999999999987,
    "corner_NE": 0.7727999999999948,
    "corner_NW": 0.7727999999999948,
    "curb": 0.0,
    "sidewalk_under_walkway_lawn_step": 0.0,
    "road_middle": 0.0,
    "intersection_highpoint": 0.0,
    "lawn_step": 0.0,
    "porch_step_base": 0.0,
    "porch_step1_top": 0.0,
    "porch_deck": 0.0,
    "regime": "street"
  },
  "wind_adjustment": {
    "sector": "offshore",
    "adjustment_ft": -0.13,
    "wind_dir_at_peak": "S",
    "wind_speed_at_peak": "5 mph",
    "note": "Forecast wind at peak (S at 5 mph) is in the offshore sector \u2014 water at 342 Bay is typically ~1.6\" lower than the main prediction because bay-corner water is being pushed away from Highlands. Expect actual closer to this wind-adjusted estimate."
  },
  "hours_from_now": -2.477934027222222
}