{
  "time": "2026-07-12 18:50",
  "predicted_mllw": 6.112,
  "surge_ft": 0.7228000000000003,
  "forecast_peak_mllw": 6.8348,
  "peak_rain_in_hr": 0.0,
  "peak_rain_offset_h": null,
  "rain_window_3h": [
    [
      -2.8333333333333335,
      0.0
    ],
    [
      -1.8333333333333333,
      0.0
    ],
    [
      -0.8333333333333334,
      0.0
    ],
    [
      0.16666666666666666,
      0.0
    ],
    [
      1.1666666666666667,
      0.0
    ],
    [
      2.1666666666666665,
      0.0
    ]
  ],
  "source": "surge-persistence",
  "depths_in": {
    "grate_SW": 5.937600000000012,
    "grate_SE": 4.977600000000011,
    "corner_SE": 4.497600000000011,
    "corner_SW": 4.497600000000011,
    "grate_bay_ave_upstream": 4.497600000000011,
    "gutter_walkway": 2.8176000000000148,
    "grate_NE": 2.5776000000000145,
    "grate_NW": 2.5776000000000145,
    "corner_NE": 1.2576000000000107,
    "corner_NW": 1.2576000000000107,
    "curb": 0.0,
    "sidewalk_under_walkway_lawn_step": 0.0,
    "road_middle": 0.0,
    "intersection_highpoint": 0.0,
    "lawn_step": 0.0,
    "porch_step_base": 0.0,
    "porch_step1_top": 0.0,
    "porch_deck": 0.0,
    "regime": "street"
  },
  "depths_in_wind_adjusted": {
    "grate_SW": 4.377600000000008,
    "grate_SE": 3.4176000000000073,
    "corner_SE": 2.937600000000007,
    "corner_SW": 2.937600000000007,
    "grate_bay_ave_upstream": 2.937600000000007,
    "gutter_walkway": 1.2576000000000107,
    "grate_NE": 1.0176000000000105,
    "grate_NW": 1.0176000000000105,
    "corner_NE": 0.0,
    "corner_NW": 0.0,
    "curb": 0.0,
    "sidewalk_under_walkway_lawn_step": 0.0,
    "road_middle": 0.0,
    "intersection_highpoint": 0.0,
    "lawn_step": 0.0,
    "porch_step_base": 0.0,
    "porch_step1_top": 0.0,
    "porch_deck": 0.0,
    "regime": "street"
  },
  "wind_adjustment": {
    "sector": "offshore",
    "adjustment_ft": -0.13,
    "wind_dir_at_peak": "S",
    "wind_speed_at_peak": "5 mph",
    "note": "Forecast wind at peak (S at 5 mph) is in the offshore sector \u2014 water at 342 Bay is typically ~1.6\" lower than the main prediction because bay-corner water is being pushed away from Highlands. Expect actual closer to this wind-adjusted estimate."
  },
  "hours_from_now": 19.50456355722222
}