{
  "time": "2026-07-12 18:50",
  "predicted_mllw": 6.112,
  "surge_ft": 0.9969999999999999,
  "forecast_peak_mllw": 7.109,
  "peak_rain_in_hr": 0.0,
  "peak_rain_offset_h": null,
  "rain_window_3h": [
    [
      -2.8333333333333335,
      0.0
    ],
    [
      -1.8333333333333333,
      0.0
    ],
    [
      -0.8333333333333334,
      0.0
    ],
    [
      0.16666666666666666,
      0.0
    ],
    [
      1.1666666666666667,
      0.0
    ],
    [
      2.1666666666666665,
      0.0
    ]
  ],
  "source": "surge-persistence",
  "depths_in": {
    "grate_SW": 9.227999999999996,
    "grate_SE": 8.267999999999995,
    "corner_SE": 7.787999999999995,
    "corner_SW": 7.787999999999995,
    "grate_bay_ave_upstream": 7.787999999999995,
    "gutter_walkway": 6.107999999999999,
    "grate_NE": 5.8679999999999986,
    "grate_NW": 5.8679999999999986,
    "corner_NE": 4.547999999999995,
    "corner_NW": 4.547999999999995,
    "curb": 1.5479999999999947,
    "sidewalk_under_walkway_lawn_step": 0.0,
    "road_middle": 0.0,
    "intersection_highpoint": 0.0,
    "lawn_step": 0.0,
    "porch_step_base": 0.0,
    "porch_step1_top": 0.0,
    "porch_deck": 0.0,
    "regime": "light"
  },
  "depths_in_wind_adjusted": {
    "grate_SW": 7.668000000000008,
    "grate_SE": 6.708000000000007,
    "corner_SE": 6.228000000000007,
    "corner_SW": 6.228000000000007,
    "grate_bay_ave_upstream": 6.228000000000007,
    "gutter_walkway": 4.548000000000011,
    "grate_NE": 4.3080000000000105,
    "grate_NW": 4.3080000000000105,
    "corner_NE": 2.9880000000000067,
    "corner_NW": 2.9880000000000067,
    "curb": 0.0,
    "sidewalk_under_walkway_lawn_step": 0.0,
    "road_middle": 0.0,
    "intersection_highpoint": 0.0,
    "lawn_step": 0.0,
    "porch_step_base": 0.0,
    "porch_step1_top": 0.0,
    "porch_deck": 0.0,
    "regime": "street"
  },
  "wind_adjustment": {
    "sector": "offshore",
    "adjustment_ft": -0.13,
    "wind_dir_at_peak": "S",
    "wind_speed_at_peak": "5 mph",
    "note": "Forecast wind at peak (S at 5 mph) is in the offshore sector \u2014 water at 342 Bay is typically ~1.6\" lower than the main prediction because bay-corner water is being pushed away from Highlands. Expect actual closer to this wind-adjusted estimate."
  },
  "hours_from_now": 49.238849782222225
}