{
  "time": "2026-07-12 18:50",
  "predicted_mllw": 6.112,
  "surge_ft": 1.0988000000000007,
  "forecast_peak_mllw": 7.210800000000001,
  "peak_rain_in_hr": 0.0,
  "peak_rain_offset_h": null,
  "rain_window_3h": [
    [
      -2.8333333333333335,
      0.0
    ],
    [
      -1.8333333333333333,
      0.0
    ],
    [
      -0.8333333333333334,
      0.0
    ],
    [
      0.16666666666666666,
      0.0
    ],
    [
      1.1666666666666667,
      0.0
    ],
    [
      2.1666666666666665,
      0.0
    ]
  ],
  "source": "surge-persistence",
  "depths_in": {
    "grate_SW": 10.449600000000006,
    "grate_SE": 9.489600000000005,
    "corner_SE": 9.009600000000004,
    "corner_SW": 9.009600000000004,
    "grate_bay_ave_upstream": 9.009600000000004,
    "gutter_walkway": 7.329600000000008,
    "grate_NE": 7.089600000000008,
    "grate_NW": 7.089600000000008,
    "corner_NE": 5.769600000000004,
    "corner_NW": 5.769600000000004,
    "curb": 2.769600000000004,
    "sidewalk_under_walkway_lawn_step": 0.7296000000000049,
    "road_middle": 0.3696000000000019,
    "intersection_highpoint": 0.0,
    "lawn_step": 0.0,
    "porch_step_base": 0.0,
    "porch_step1_top": 0.0,
    "porch_deck": 0.0,
    "regime": "light"
  },
  "depths_in_wind_adjusted": {
    "grate_SW": 8.889600000000017,
    "grate_SE": 7.929600000000017,
    "corner_SE": 7.449600000000016,
    "corner_SW": 7.449600000000016,
    "grate_bay_ave_upstream": 7.449600000000016,
    "gutter_walkway": 5.76960000000002,
    "grate_NE": 5.52960000000002,
    "grate_NW": 5.52960000000002,
    "corner_NE": 4.209600000000016,
    "corner_NW": 4.209600000000016,
    "curb": 1.209600000000016,
    "sidewalk_under_walkway_lawn_step": 0.0,
    "road_middle": 0.0,
    "intersection_highpoint": 0.0,
    "lawn_step": 0.0,
    "porch_step_base": 0.0,
    "porch_step1_top": 0.0,
    "porch_deck": 0.0,
    "regime": "light"
  },
  "wind_adjustment": {
    "sector": "offshore",
    "adjustment_ft": -0.13,
    "wind_dir_at_peak": "S",
    "wind_speed_at_peak": "5 mph",
    "note": "Forecast wind at peak (S at 5 mph) is in the offshore sector \u2014 water at 342 Bay is typically ~1.6\" lower than the main prediction because bay-corner water is being pushed away from Highlands. Expect actual closer to this wind-adjusted estimate."
  },
  "hours_from_now": 22.514179101944443
}