{
  "time": "2026-07-12 18:50",
  "predicted_mllw": 6.112,
  "surge_ft": 0.6198999999999999,
  "forecast_peak_mllw": 6.7318999999999996,
  "peak_rain_in_hr": 0.0,
  "peak_rain_offset_h": null,
  "rain_window_3h": [
    [
      -2.8333333333333335,
      0.0
    ],
    [
      -1.8333333333333333,
      0.0
    ],
    [
      -0.8333333333333334,
      0.0
    ],
    [
      0.16666666666666666,
      0.0
    ],
    [
      1.1666666666666667,
      0.0
    ],
    [
      2.1666666666666665,
      0.0
    ]
  ],
  "source": "surge-persistence",
  "depths_in": {
    "grate_SW": 4.702799999999996,
    "grate_SE": 3.7427999999999955,
    "corner_SE": 3.262799999999995,
    "corner_SW": 3.262799999999995,
    "grate_bay_ave_upstream": 3.262799999999995,
    "gutter_walkway": 1.5827999999999989,
    "grate_NE": 1.3427999999999987,
    "grate_NW": 1.3427999999999987,
    "corner_NE": 0.022799999999994824,
    "corner_NW": 0.022799999999994824,
    "curb": 0.0,
    "sidewalk_under_walkway_lawn_step": 0.0,
    "road_middle": 0.0,
    "intersection_highpoint": 0.0,
    "lawn_step": 0.0,
    "porch_step_base": 0.0,
    "porch_step1_top": 0.0,
    "porch_deck": 0.0,
    "regime": "street"
  },
  "depths_in_wind_adjusted": {
    "grate_SW": 3.1427999999999976,
    "grate_SE": 2.1827999999999967,
    "corner_SE": 1.7027999999999963,
    "corner_SW": 1.7027999999999963,
    "grate_bay_ave_upstream": 1.7027999999999963,
    "gutter_walkway": 0.022800000000000153,
    "grate_NE": 0.0,
    "grate_NW": 0.0,
    "corner_NE": 0.0,
    "corner_NW": 0.0,
    "curb": 0.0,
    "sidewalk_under_walkway_lawn_step": 0.0,
    "road_middle": 0.0,
    "intersection_highpoint": 0.0,
    "lawn_step": 0.0,
    "porch_step_base": 0.0,
    "porch_step1_top": 0.0,
    "porch_deck": 0.0,
    "regime": "street"
  },
  "wind_adjustment": {
    "sector": "offshore",
    "adjustment_ft": -0.13,
    "wind_dir_at_peak": "S",
    "wind_speed_at_peak": "5 mph",
    "note": "Forecast wind at peak (S at 5 mph) is in the offshore sector \u2014 water at 342 Bay is typically ~1.6\" lower than the main prediction because bay-corner water is being pushed away from Highlands. Expect actual closer to this wind-adjusted estimate."
  },
  "hours_from_now": 3.436763720833333
}