{
  "time": "2026-07-12 18:50",
  "predicted_mllw": 6.112,
  "surge_ft": 0.9116,
  "forecast_peak_mllw": 7.0236,
  "peak_rain_in_hr": 0.0,
  "peak_rain_offset_h": null,
  "rain_window_3h": [
    [
      -2.8333333333333335,
      0.0
    ],
    [
      -1.8333333333333333,
      0.0
    ],
    [
      -0.8333333333333334,
      0.0
    ],
    [
      0.16666666666666666,
      0.0
    ],
    [
      1.1666666666666667,
      0.0
    ],
    [
      2.1666666666666665,
      0.0
    ]
  ],
  "source": "surge-persistence",
  "depths_in": {
    "grate_SW": 8.203199999999997,
    "grate_SE": 7.243199999999996,
    "corner_SE": 6.763199999999996,
    "corner_SW": 6.763199999999996,
    "grate_bay_ave_upstream": 6.763199999999996,
    "gutter_walkway": 5.0832,
    "grate_NE": 4.8431999999999995,
    "grate_NW": 4.8431999999999995,
    "corner_NE": 3.5231999999999957,
    "corner_NW": 3.5231999999999957,
    "curb": 0.5231999999999957,
    "sidewalk_under_walkway_lawn_step": 0.0,
    "road_middle": 0.0,
    "intersection_highpoint": 0.0,
    "lawn_step": 0.0,
    "porch_step_base": 0.0,
    "porch_step1_top": 0.0,
    "porch_deck": 0.0,
    "regime": "light"
  },
  "depths_in_wind_adjusted": {
    "grate_SW": 6.643200000000009,
    "grate_SE": 5.683200000000008,
    "corner_SE": 5.203200000000008,
    "corner_SW": 5.203200000000008,
    "grate_bay_ave_upstream": 5.203200000000008,
    "gutter_walkway": 3.5232000000000117,
    "grate_NE": 3.2832000000000114,
    "grate_NW": 3.2832000000000114,
    "corner_NE": 1.9632000000000076,
    "corner_NW": 1.9632000000000076,
    "curb": 0.0,
    "sidewalk_under_walkway_lawn_step": 0.0,
    "road_middle": 0.0,
    "intersection_highpoint": 0.0,
    "lawn_step": 0.0,
    "porch_step_base": 0.0,
    "porch_step1_top": 0.0,
    "porch_deck": 0.0,
    "regime": "street"
  },
  "wind_adjustment": {
    "sector": "offshore",
    "adjustment_ft": -0.13,
    "wind_dir_at_peak": "S",
    "wind_speed_at_peak": "5 mph",
    "note": "Forecast wind at peak (S at 5 mph) is in the offshore sector \u2014 water at 342 Bay is typically ~1.6\" lower than the main prediction because bay-corner water is being pushed away from Highlands. Expect actual closer to this wind-adjusted estimate."
  },
  "hours_from_now": 37.748285601111114
}