{
  "time": "2026-07-12 18:50",
  "predicted_mllw": 6.112,
  "surge_ft": 0.755,
  "forecast_peak_mllw": 6.867,
  "peak_rain_in_hr": 0.0,
  "peak_rain_offset_h": null,
  "rain_window_3h": [
    [
      -2.8333333333333335,
      0.0
    ],
    [
      -1.8333333333333333,
      0.0
    ],
    [
      -0.8333333333333334,
      0.0
    ],
    [
      0.16666666666666666,
      0.0
    ],
    [
      1.1666666666666667,
      0.0
    ],
    [
      2.1666666666666665,
      0.0
    ]
  ],
  "source": "surge-persistence",
  "depths_in": {
    "grate_SW": 6.324000000000007,
    "grate_SE": 5.364000000000006,
    "corner_SE": 4.884000000000006,
    "corner_SW": 4.884000000000006,
    "grate_bay_ave_upstream": 4.884000000000006,
    "gutter_walkway": 3.2040000000000095,
    "grate_NE": 2.9640000000000093,
    "grate_NW": 2.9640000000000093,
    "corner_NE": 1.6440000000000055,
    "corner_NW": 1.6440000000000055,
    "curb": 0.0,
    "sidewalk_under_walkway_lawn_step": 0.0,
    "road_middle": 0.0,
    "intersection_highpoint": 0.0,
    "lawn_step": 0.0,
    "porch_step_base": 0.0,
    "porch_step1_top": 0.0,
    "porch_deck": 0.0,
    "regime": "street"
  },
  "depths_in_wind_adjusted": {
    "grate_SW": 4.764000000000003,
    "grate_SE": 3.804000000000002,
    "corner_SE": 3.3240000000000016,
    "corner_SW": 3.3240000000000016,
    "grate_bay_ave_upstream": 3.3240000000000016,
    "gutter_walkway": 1.6440000000000055,
    "grate_NE": 1.4040000000000052,
    "grate_NW": 1.4040000000000052,
    "corner_NE": 0.0840000000000014,
    "corner_NW": 0.0840000000000014,
    "curb": 0.0,
    "sidewalk_under_walkway_lawn_step": 0.0,
    "road_middle": 0.0,
    "intersection_highpoint": 0.0,
    "lawn_step": 0.0,
    "porch_step_base": 0.0,
    "porch_step1_top": 0.0,
    "porch_deck": 0.0,
    "regime": "street"
  },
  "wind_adjustment": {
    "sector": "offshore",
    "adjustment_ft": -0.13,
    "wind_dir_at_peak": "S",
    "wind_speed_at_peak": "5 mph",
    "note": "Forecast wind at peak (S at 5 mph) is in the offshore sector \u2014 water at 342 Bay is typically ~1.6\" lower than the main prediction because bay-corner water is being pushed away from Highlands. Expect actual closer to this wind-adjusted estimate."
  },
  "hours_from_now": 26.507323259166668
}