{
  "time": "2026-07-12 18:50",
  "predicted_mllw": 6.112,
  "surge_ft": 1.1175000000000006,
  "forecast_peak_mllw": 7.229500000000001,
  "peak_rain_in_hr": 0.0,
  "peak_rain_offset_h": null,
  "rain_window_3h": [
    [
      -2.8333333333333335,
      0.0
    ],
    [
      -1.8333333333333333,
      0.0
    ],
    [
      -0.8333333333333334,
      0.0
    ],
    [
      0.16666666666666666,
      0.0
    ],
    [
      1.1666666666666667,
      0.0
    ],
    [
      2.1666666666666665,
      0.0
    ]
  ],
  "source": "surge-persistence",
  "depths_in": {
    "grate_SW": 10.674000000000015,
    "grate_SE": 9.714000000000015,
    "corner_SE": 9.234000000000014,
    "corner_SW": 9.234000000000014,
    "grate_bay_ave_upstream": 9.234000000000014,
    "gutter_walkway": 7.554000000000018,
    "grate_NE": 7.314000000000018,
    "grate_NW": 7.314000000000018,
    "corner_NE": 5.994000000000014,
    "corner_NW": 5.994000000000014,
    "curb": 2.994000000000014,
    "sidewalk_under_walkway_lawn_step": 0.9540000000000148,
    "road_middle": 0.5940000000000119,
    "intersection_highpoint": 0.0,
    "lawn_step": 0.0,
    "porch_step_base": 0.0,
    "porch_step1_top": 0.0,
    "porch_deck": 0.0,
    "regime": "light"
  },
  "depths_in_wind_adjusted": {
    "grate_SW": 9.114000000000006,
    "grate_SE": 8.154000000000005,
    "corner_SE": 7.674000000000005,
    "corner_SW": 7.674000000000005,
    "grate_bay_ave_upstream": 7.674000000000005,
    "gutter_walkway": 5.994000000000009,
    "grate_NE": 5.754000000000008,
    "grate_NW": 5.754000000000008,
    "corner_NE": 4.434000000000005,
    "corner_NW": 4.434000000000005,
    "curb": 1.4340000000000046,
    "sidewalk_under_walkway_lawn_step": 0.0,
    "road_middle": 0.0,
    "intersection_highpoint": 0.0,
    "lawn_step": 0.0,
    "porch_step_base": 0.0,
    "porch_step1_top": 0.0,
    "porch_deck": 0.0,
    "regime": "light"
  },
  "wind_adjustment": {
    "sector": "offshore",
    "adjustment_ft": -0.13,
    "wind_dir_at_peak": "S",
    "wind_speed_at_peak": "5 mph",
    "note": "Forecast wind at peak (S at 5 mph) is in the offshore sector \u2014 water at 342 Bay is typically ~1.6\" lower than the main prediction because bay-corner water is being pushed away from Highlands. Expect actual closer to this wind-adjusted estimate."
  },
  "hours_from_now": 23.38755272222222
}