{
  "time": "2026-07-12 06:27",
  "predicted_mllw": 4.622,
  "surge_ft": 4.284800000000001,
  "forecast_peak_mllw": 8.9068,
  "peak_rain_in_hr": 0.0,
  "peak_rain_offset_h": null,
  "rain_window_3h": [
    [
      -2.45,
      0.0
    ],
    [
      -1.45,
      0.0
    ],
    [
      -0.45,
      0.0
    ],
    [
      0.55,
      0.0
    ],
    [
      1.55,
      0.0
    ],
    [
      2.55,
      0.0
    ]
  ],
  "source": "surge-persistence",
  "depths_in": {
    "grate_SW": 30.8016,
    "grate_SE": 29.8416,
    "corner_SE": 29.361600000000003,
    "corner_SW": 29.361600000000003,
    "grate_bay_ave_upstream": 29.361600000000003,
    "gutter_walkway": 27.681600000000003,
    "grate_NE": 27.441600000000005,
    "grate_NW": 27.441600000000005,
    "corner_NE": 26.1216,
    "corner_NW": 26.1216,
    "curb": 23.1216,
    "sidewalk_under_walkway_lawn_step": 21.0816,
    "road_middle": 20.7216,
    "intersection_highpoint": 18.561600000000002,
    "lawn_step": 17.1216,
    "porch_step_base": 16.881600000000006,
    "porch_step1_top": 8.1216,
    "porch_deck": 0.0,
    "regime": "severe"
  },
  "depths_in_wind_adjusted": null,
  "wind_adjustment": {
    "sector": "onshore",
    "adjustment_ft": 0.0,
    "wind_dir_at_peak": "NE",
    "wind_speed_at_peak": "5 mph",
    "note": "Forecast wind at peak (NE at 5 mph) is in the onshore sector \u2014 water gets piled into the bay corner where Highlands sits. Main prediction applies."
  },
  "hours_from_now": 58.88212885638889
}