{
  "time": "2026-06-08 01:41",
  "predicted_mllw": 4.582,
  "surge_ft": 6.272200000000001,
  "forecast_peak_mllw": 10.8542,
  "peak_rain_in_hr": 0.0,
  "peak_rain_offset_h": null,
  "rain_window_3h": [],
  "source": "surge-persistence",
  "depths_in": {
    "lowest_sentinel_grate": 58.01040000000001,
    "lowest_road_corner": 57.5304,
    "gutter_walkway": 55.850400000000015,
    "corner_grate": 54.290400000000005,
    "curb": 51.290400000000005,
    "road_middle": 48.8904,
    "intersection": 46.7304,
    "lawn_step": 46.250400000000006,
    "porch_step": 40.250400000000006,
    "regime": "severe"
  },
  "hours_from_now": 7.157731230833333
}