{
  "time": "2026-05-30 20:07",
  "predicted_mllw": 5.491,
  "surge_ft": 0.8869999999999996,
  "forecast_peak_mllw": 6.377999999999999,
  "peak_rain_in_hr": 0.0,
  "peak_rain_offset_h": null,
  "rain_window_3h": [],
  "source": "surge-persistence",
  "depths_in": {
    "lowest_sentinel_grate": 4.295999999999996,
    "lowest_road_corner": 3.8159999999999954,
    "gutter_walkway": 2.1359999999999992,
    "corner_grate": 0.5759999999999952,
    "curb": 0.0,
    "road_middle": 0.0,
    "intersection": 0.0,
    "lawn_step": 0.0,
    "porch_step": 0.0,
    "regime": "street"
  },
  "hours_from_now": 22.49368450527778
}