{
  "time": "2026-05-30 20:07",
  "predicted_mllw": 5.491,
  "surge_ft": 0.7318000000000002,
  "forecast_peak_mllw": 6.222799999999999,
  "peak_rain_in_hr": 0.0,
  "peak_rain_offset_h": null,
  "rain_window_3h": [],
  "source": "surge-persistence",
  "depths_in": {
    "lowest_sentinel_grate": 2.4335999999999984,
    "lowest_road_corner": 1.953599999999998,
    "gutter_walkway": 0.27360000000000184,
    "corner_grate": 0.0,
    "curb": 0.0,
    "road_middle": 0.0,
    "intersection": 0.0,
    "lawn_step": 0.0,
    "porch_step": 0.0,
    "regime": "street"
  },
  "hours_from_now": 58.76945903916667
}