{
  "time": "2026-05-30 20:07",
  "predicted_mllw": 5.491,
  "surge_ft": 0.8710000000000004,
  "forecast_peak_mllw": 6.362,
  "peak_rain_in_hr": 0.0,
  "peak_rain_offset_h": null,
  "rain_window_3h": [],
  "source": "surge-persistence",
  "depths_in": {
    "lowest_sentinel_grate": 4.104000000000006,
    "lowest_road_corner": 3.624000000000006,
    "gutter_walkway": 1.9440000000000097,
    "corner_grate": 0.38400000000000567,
    "curb": 0.0,
    "road_middle": 0.0,
    "intersection": 0.0,
    "lawn_step": 0.0,
    "porch_step": 0.0,
    "regime": "street"
  },
  "hours_from_now": 18.44109731388889
}