{
  "time": "2026-05-30 20:07",
  "predicted_mllw": 5.491,
  "surge_ft": 0.8949000000000003,
  "forecast_peak_mllw": 6.3858999999999995,
  "peak_rain_in_hr": 0.0,
  "peak_rain_offset_h": null,
  "rain_window_3h": [],
  "source": "surge-persistence",
  "depths_in": {
    "lowest_sentinel_grate": 4.390799999999999,
    "lowest_road_corner": 3.9107999999999983,
    "gutter_walkway": 2.230800000000002,
    "corner_grate": 0.6707999999999981,
    "curb": 0.0,
    "road_middle": 0.0,
    "intersection": 0.0,
    "lawn_step": 0.0,
    "porch_step": 0.0,
    "regime": "street"
  },
  "hours_from_now": 23.263285848888888
}