{
  "time": "2026-05-30 20:07",
  "predicted_mllw": 5.491,
  "surge_ft": 0.8749000000000011,
  "forecast_peak_mllw": 6.365900000000001,
  "peak_rain_in_hr": 0.0,
  "peak_rain_offset_h": null,
  "rain_window_3h": [],
  "source": "surge-persistence",
  "depths_in": {
    "lowest_sentinel_grate": 4.1508000000000145,
    "lowest_road_corner": 3.670800000000014,
    "gutter_walkway": 1.9908000000000179,
    "corner_grate": 0.43080000000001384,
    "curb": 0.0,
    "road_middle": 0.0,
    "intersection": 0.0,
    "lawn_step": 0.0,
    "porch_step": 0.0,
    "regime": "street"
  },
  "hours_from_now": 19.26555328888889
}