{
  "time": "2026-05-30 20:07",
  "predicted_mllw": 5.491,
  "surge_ft": 0.8767,
  "forecast_peak_mllw": 6.367699999999999,
  "peak_rain_in_hr": 0.0,
  "peak_rain_offset_h": null,
  "rain_window_3h": [],
  "source": "surge-persistence",
  "depths_in": {
    "lowest_sentinel_grate": 4.172399999999996,
    "lowest_road_corner": 3.6923999999999957,
    "gutter_walkway": 2.0123999999999995,
    "corner_grate": 0.4523999999999955,
    "curb": 0.0,
    "road_middle": 0.0,
    "intersection": 0.0,
    "lawn_step": 0.0,
    "porch_step": 0.0,
    "regime": "street"
  },
  "hours_from_now": 3.6892032672222226
}