{
  "time": "2026-05-30 20:07",
  "predicted_mllw": 5.491,
  "surge_ft": 0.8535999999999992,
  "forecast_peak_mllw": 6.344599999999999,
  "peak_rain_in_hr": 0.0,
  "peak_rain_offset_h": null,
  "rain_window_3h": [],
  "source": "surge-persistence",
  "depths_in": {
    "lowest_sentinel_grate": 3.895199999999992,
    "lowest_road_corner": 3.4151999999999916,
    "gutter_walkway": 1.7351999999999954,
    "corner_grate": 0.17519999999999136,
    "curb": 0.0,
    "road_middle": 0.0,
    "intersection": 0.0,
    "lawn_step": 0.0,
    "porch_step": 0.0,
    "regime": "street"
  },
  "hours_from_now": 21.546719515
}