{
  "time": "2026-05-30 20:07",
  "predicted_mllw": 5.491,
  "surge_ft": 0.7120000000000002,
  "forecast_peak_mllw": 6.202999999999999,
  "peak_rain_in_hr": 0.0,
  "peak_rain_offset_h": null,
  "rain_window_3h": [],
  "source": "surge-persistence",
  "depths_in": {
    "lowest_sentinel_grate": 2.195999999999998,
    "lowest_road_corner": 1.7159999999999975,
    "gutter_walkway": 0.036000000000001364,
    "corner_grate": 0.0,
    "curb": 0.0,
    "road_middle": 0.0,
    "intersection": 0.0,
    "lawn_step": 0.0,
    "porch_step": 0.0,
    "regime": "street"
  },
  "hours_from_now": 16.92957714138889
}