{
  "time": "2026-05-22 00:58",
  "predicted_mllw": 5.329,
  "surge_ft": 2.1992000000000003,
  "forecast_peak_mllw": 7.5282,
  "peak_rain_in_hr": 0.0,
  "peak_rain_offset_h": null,
  "rain_window_3h": [],
  "source": "surge-persistence",
  "depths_in": {
    "lowest_sentinel_grate": 18.098399999999998,
    "lowest_road_corner": 17.6184,
    "gutter_walkway": 15.938400000000003,
    "corner_grate": 14.3784,
    "curb": 11.3784,
    "road_middle": 8.978399999999997,
    "intersection": 6.8184000000000005,
    "lawn_step": 6.3384,
    "porch_step": 0.33840000000000003,
    "regime": "severe"
  },
  "hours_from_now": 25.446903593055556
}