{
  "time": "2026-06-17 22:42",
  "predicted_mllw": 5.983,
  "surge_ft": 0.8949999999999996,
  "forecast_peak_mllw": 6.877999999999999,
  "peak_rain_in_hr": 0.0,
  "peak_rain_offset_h": null,
  "rain_window_3h": [],
  "source": "surge-persistence",
  "depths_in": {
    "grate_SW": 6.455999999999998,
    "grate_SE": 5.495999999999997,
    "corner_SE": 5.0159999999999965,
    "corner_SW": 5.0159999999999965,
    "grate_bay_ave_upstream": 5.0159999999999965,
    "gutter_walkway": 3.3360000000000003,
    "grate_NE": 3.096,
    "grate_NW": 3.096,
    "corner_NE": 1.7759999999999962,
    "corner_NW": 1.7759999999999962,
    "curb": 0.0,
    "sidewalk_under_walkway_lawn_step": 0.0,
    "road_middle": 0.0,
    "intersection_highpoint": 0.0,
    "lawn_step": 0.0,
    "porch_step": 0.0,
    "regime": "street"
  },
  "depths_in_wind_adjusted": {
    "grate_SW": 4.895999999999994,
    "grate_SE": 3.935999999999993,
    "corner_SE": 3.4559999999999924,
    "corner_SW": 3.4559999999999924,
    "grate_bay_ave_upstream": 3.4559999999999924,
    "gutter_walkway": 1.7759999999999962,
    "grate_NE": 1.535999999999996,
    "grate_NW": 1.535999999999996,
    "corner_NE": 0.2159999999999922,
    "corner_NW": 0.2159999999999922,
    "curb": 0.0,
    "sidewalk_under_walkway_lawn_step": 0.0,
    "road_middle": 0.0,
    "intersection_highpoint": 0.0,
    "lawn_step": 0.0,
    "porch_step": 0.0,
    "regime": "street"
  },
  "wind_adjustment": {
    "sector": "offshore",
    "adjustment_ft": -0.13,
    "wind_dir_at_peak": "S",
    "wind_speed_at_peak": "10 mph",
    "note": "Forecast wind at peak (S at 10 mph) is in the offshore sector \u2014 water at 342 Bay is typically ~1.6\" lower than the main prediction because bay-corner water is being pushed away from Highlands. Expect actual closer to this wind-adjusted estimate."
  },
  "hours_from_now": -0.8998275327777777
}