{
  "time": "2026-06-17 22:42",
  "predicted_mllw": 5.983,
  "surge_ft": 0.7054999999999999,
  "forecast_peak_mllw": 6.6884999999999994,
  "peak_rain_in_hr": 0.0,
  "peak_rain_offset_h": null,
  "rain_window_3h": [],
  "source": "surge-persistence",
  "depths_in": {
    "grate_SW": 2.6219999999999963,
    "grate_SE": 1.6619999999999955,
    "corner_SE": 1.181999999999995,
    "corner_SW": 1.181999999999995,
    "grate_bay_ave_upstream": 1.181999999999995,
    "gutter_walkway": 0.0,
    "grate_NE": 0.0,
    "grate_NW": 0.0,
    "corner_NE": 0.0,
    "corner_NW": 0.0,
    "curb": 0.0,
    "road_middle": 0.0,
    "intersection_highpoint": 0.0,
    "lawn_step": 0.0,
    "porch_step": 0.0,
    "regime": "street"
  },
  "hours_from_now": 50.509145025555554
}