{
  "time": "2026-06-17 22:42",
  "predicted_mllw": 5.983,
  "surge_ft": 0.9159999999999995,
  "forecast_peak_mllw": 6.898999999999999,
  "peak_rain_in_hr": 0.0,
  "peak_rain_offset_h": null,
  "rain_window_3h": [],
  "source": "surge-persistence",
  "depths_in": {
    "grate_SW": 5.147999999999993,
    "grate_SE": 4.187999999999992,
    "corner_SE": 3.7079999999999913,
    "corner_SW": 3.7079999999999913,
    "grate_bay_ave_upstream": 3.7079999999999913,
    "gutter_walkway": 2.027999999999995,
    "grate_NE": 1.787999999999995,
    "grate_NW": 1.787999999999995,
    "corner_NE": 0.4679999999999911,
    "corner_NW": 0.4679999999999911,
    "curb": 0.0,
    "road_middle": 0.0,
    "intersection_highpoint": 0.0,
    "lawn_step": 0.0,
    "porch_step": 0.0,
    "regime": "street"
  },
  "hours_from_now": 45.6032924975
}