{
  "time": "2026-06-17 22:42",
  "predicted_mllw": 5.983,
  "surge_ft": 0.8541000000000007,
  "forecast_peak_mllw": 6.8371,
  "peak_rain_in_hr": 0.0,
  "peak_rain_offset_h": null,
  "rain_window_3h": [],
  "source": "surge-persistence",
  "depths_in": {
    "lowest_sentinel_grate": 9.805200000000015,
    "lowest_road_corner": 9.325200000000015,
    "gutter_walkway": 7.645200000000019,
    "corner_grate": 6.085200000000015,
    "curb": 3.0852000000000146,
    "road_middle": 0.6852000000000125,
    "intersection": 0.0,
    "lawn_step": 0.0,
    "porch_step": 0.0,
    "regime": "light"
  },
  "hours_from_now": 69.67735624527778
}