{
  "time": "2026-06-17 22:42",
  "predicted_mllw": 5.983,
  "surge_ft": 1.1400000000000006,
  "forecast_peak_mllw": 7.123,
  "peak_rain_in_hr": 0.0,
  "peak_rain_offset_h": null,
  "rain_window_3h": [],
  "source": "surge-persistence",
  "depths_in": {
    "grate_SW": 7.836,
    "grate_SE": 6.8759999999999994,
    "corner_SE": 6.395999999999999,
    "corner_SW": 6.395999999999999,
    "grate_bay_ave_upstream": 6.395999999999999,
    "gutter_walkway": 4.716000000000003,
    "grate_NE": 4.476000000000003,
    "grate_NW": 4.476000000000003,
    "corner_NE": 3.155999999999999,
    "corner_NW": 3.155999999999999,
    "curb": 0.1559999999999988,
    "road_middle": 0.0,
    "intersection_highpoint": 0.0,
    "lawn_step": 0.0,
    "porch_step": 0.0,
    "regime": "light"
  },
  "hours_from_now": 59.554276367777774
}