{
  "time": "2026-06-17 22:42",
  "predicted_mllw": 5.983,
  "surge_ft": 0.7941999999999996,
  "forecast_peak_mllw": 6.777199999999999,
  "peak_rain_in_hr": 0.0,
  "peak_rain_offset_h": null,
  "rain_window_3h": [],
  "source": "surge-persistence",
  "depths_in": {
    "lowest_sentinel_grate": 9.086399999999985,
    "lowest_road_corner": 8.606399999999985,
    "gutter_walkway": 6.926399999999989,
    "corner_grate": 5.3663999999999845,
    "curb": 2.3663999999999845,
    "road_middle": 0.0,
    "intersection": 0.0,
    "lawn_step": 0.0,
    "porch_step": 0.0,
    "regime": "light"
  },
  "hours_from_now": 67.44390635944444
}