{
  "time": "2026-06-17 22:42",
  "predicted_mllw": 5.983,
  "surge_ft": 0.7614999999999998,
  "forecast_peak_mllw": 6.7444999999999995,
  "peak_rain_in_hr": 0.0,
  "peak_rain_offset_h": null,
  "rain_window_3h": [],
  "source": "surge-persistence",
  "depths_in": {
    "grate_SW": 4.853999999999996,
    "grate_SE": 3.893999999999995,
    "corner_SE": 3.4139999999999944,
    "corner_SW": 3.4139999999999944,
    "grate_bay_ave_upstream": 3.4139999999999944,
    "gutter_walkway": 1.7339999999999982,
    "grate_NE": 1.493999999999998,
    "grate_NW": 1.493999999999998,
    "corner_NE": 0.17399999999999416,
    "corner_NW": 0.17399999999999416,
    "curb": 0.0,
    "sidewalk_under_walkway_lawn_step": 0.0,
    "road_middle": 0.0,
    "intersection_highpoint": 0.0,
    "lawn_step": 0.0,
    "porch_step": 0.0,
    "regime": "street"
  },
  "depths_in_wind_adjusted": {
    "grate_SW": 3.293999999999997,
    "grate_SE": 2.333999999999996,
    "corner_SE": 1.8539999999999957,
    "corner_SW": 1.8539999999999957,
    "grate_bay_ave_upstream": 1.8539999999999957,
    "gutter_walkway": 0.1739999999999995,
    "grate_NE": 0.0,
    "grate_NW": 0.0,
    "corner_NE": 0.0,
    "corner_NW": 0.0,
    "curb": 0.0,
    "sidewalk_under_walkway_lawn_step": 0.0,
    "road_middle": 0.0,
    "intersection_highpoint": 0.0,
    "lawn_step": 0.0,
    "porch_step": 0.0,
    "regime": "street"
  },
  "wind_adjustment": {
    "sector": "offshore",
    "adjustment_ft": -0.13,
    "wind_dir_at_peak": "S",
    "wind_speed_at_peak": "10 mph",
    "note": "Forecast wind at peak (S at 10 mph) is in the offshore sector \u2014 water at 342 Bay is typically ~1.6\" lower than the main prediction because bay-corner water is being pushed away from Highlands. Expect actual closer to this wind-adjusted estimate."
  },
  "hours_from_now": 32.026564441666665
}