{
  "time": "2026-06-17 22:42",
  "predicted_mllw": 5.983,
  "surge_ft": 0.8260000000000001,
  "forecast_peak_mllw": 6.808999999999999,
  "peak_rain_in_hr": 0.0,
  "peak_rain_offset_h": null,
  "rain_window_3h": [],
  "source": "surge-persistence",
  "depths_in": {
    "grate_SW": 4.067999999999994,
    "grate_SE": 3.1079999999999934,
    "corner_SE": 2.627999999999993,
    "corner_SW": 2.627999999999993,
    "grate_bay_ave_upstream": 2.627999999999993,
    "gutter_walkway": 0.9479999999999968,
    "grate_NE": 0.7079999999999966,
    "grate_NW": 0.7079999999999966,
    "corner_NE": 0.0,
    "corner_NW": 0.0,
    "curb": 0.0,
    "road_middle": 0.0,
    "intersection_highpoint": 0.0,
    "lawn_step": 0.0,
    "porch_step": 0.0,
    "regime": "street"
  },
  "hours_from_now": 62.56741261388889
}