{
  "time": "2026-06-17 22:42",
  "predicted_mllw": 5.983,
  "surge_ft": 0.8451999999999993,
  "forecast_peak_mllw": 6.828199999999999,
  "peak_rain_in_hr": 0.0,
  "peak_rain_offset_h": null,
  "rain_window_3h": [],
  "source": "surge-persistence",
  "depths_in": {
    "lowest_sentinel_grate": 9.698399999999987,
    "lowest_road_corner": 9.218399999999987,
    "gutter_walkway": 7.53839999999999,
    "corner_grate": 5.978399999999986,
    "curb": 2.9783999999999864,
    "road_middle": 0.5783999999999843,
    "intersection": 0.0,
    "lawn_step": 0.0,
    "porch_step": 0.0,
    "regime": "light"
  },
  "hours_from_now": 71.17726002555555
}