{
  "time": "2026-06-17 22:42",
  "predicted_mllw": 5.983,
  "surge_ft": 0.9314,
  "forecast_peak_mllw": 6.9144,
  "peak_rain_in_hr": 0.0,
  "peak_rain_offset_h": null,
  "rain_window_3h": [],
  "source": "surge-persistence",
  "depths_in": {
    "grate_SW": 6.892800000000003,
    "grate_SE": 5.932800000000002,
    "corner_SE": 5.452800000000002,
    "corner_SW": 5.452800000000002,
    "grate_bay_ave_upstream": 5.452800000000002,
    "gutter_walkway": 3.7728000000000055,
    "grate_NE": 3.5328000000000053,
    "grate_NW": 3.5328000000000053,
    "corner_NE": 2.2128000000000014,
    "corner_NW": 2.2128000000000014,
    "curb": 0.0,
    "sidewalk_under_walkway_lawn_step": 0.0,
    "road_middle": 0.0,
    "intersection_highpoint": 0.0,
    "lawn_step": 0.0,
    "porch_step": 0.0,
    "regime": "street"
  },
  "depths_in_wind_adjusted": {
    "grate_SW": 5.332799999999999,
    "grate_SE": 4.372799999999998,
    "corner_SE": 3.8927999999999976,
    "corner_SW": 3.8927999999999976,
    "grate_bay_ave_upstream": 3.8927999999999976,
    "gutter_walkway": 2.2128000000000014,
    "grate_NE": 1.9728000000000012,
    "grate_NW": 1.9728000000000012,
    "corner_NE": 0.6527999999999974,
    "corner_NW": 0.6527999999999974,
    "curb": 0.0,
    "sidewalk_under_walkway_lawn_step": 0.0,
    "road_middle": 0.0,
    "intersection_highpoint": 0.0,
    "lawn_step": 0.0,
    "porch_step": 0.0,
    "regime": "street"
  },
  "wind_adjustment": {
    "sector": "offshore",
    "adjustment_ft": -0.13,
    "wind_dir_at_peak": "S",
    "wind_speed_at_peak": "15 mph",
    "note": "Forecast wind at peak (S at 15 mph) is in the offshore sector \u2014 water at 342 Bay is typically ~1.6\" lower than the main prediction because bay-corner water is being pushed away from Highlands. Expect actual closer to this wind-adjusted estimate."
  },
  "hours_from_now": 9.33918253
}