{
  "time": "2026-06-15 20:51",
  "predicted_mllw": 6.381,
  "surge_ft": 0.44189999999999996,
  "forecast_peak_mllw": 6.822900000000001,
  "peak_rain_in_hr": 0.0,
  "peak_rain_offset_h": null,
  "rain_window_3h": [],
  "source": "surge-persistence",
  "depths_in": {
    "lowest_sentinel_grate": 9.634800000000007,
    "lowest_road_corner": 9.154800000000007,
    "gutter_walkway": 7.474800000000011,
    "corner_grate": 5.914800000000007,
    "curb": 2.9148000000000067,
    "road_middle": 0.5148000000000046,
    "intersection": 0.0,
    "lawn_step": 0.0,
    "porch_step": 0.0,
    "regime": "light"
  },
  "hours_from_now": 67.00314994555555
}