{
  "time": "2026-06-15 20:51",
  "predicted_mllw": 6.381,
  "surge_ft": 0.6005000000000003,
  "forecast_peak_mllw": 6.9815000000000005,
  "peak_rain_in_hr": 0.0,
  "peak_rain_offset_h": null,
  "rain_window_3h": [],
  "source": "surge-persistence",
  "depths_in": {
    "lowest_sentinel_grate": 11.538000000000006,
    "lowest_road_corner": 11.058000000000005,
    "gutter_walkway": 9.378000000000009,
    "corner_grate": 7.818000000000005,
    "curb": 4.818000000000005,
    "road_middle": 2.418000000000003,
    "intersection": 0.2580000000000062,
    "lawn_step": 0.0,
    "porch_step": 0.0,
    "regime": "moderate"
  },
  "hours_from_now": 41.603157172222225
}