{
  "time": "2026-06-15 20:51",
  "predicted_mllw": 6.381,
  "surge_ft": 0.6357999999999999,
  "forecast_peak_mllw": 7.0168,
  "peak_rain_in_hr": 0.0,
  "peak_rain_offset_h": null,
  "rain_window_3h": [],
  "source": "surge-persistence",
  "depths_in": {
    "lowest_sentinel_grate": 11.961599999999999,
    "lowest_road_corner": 11.481599999999998,
    "gutter_walkway": 9.801600000000002,
    "corner_grate": 8.241599999999998,
    "curb": 5.241599999999998,
    "road_middle": 2.841599999999996,
    "intersection": 0.6815999999999995,
    "lawn_step": 0.2015999999999991,
    "porch_step": 0.0,
    "regime": "moderate"
  },
  "hours_from_now": 54.06456284083333
}