{
  "time": "2026-06-15 20:51",
  "predicted_mllw": 6.381,
  "surge_ft": 0.569,
  "forecast_peak_mllw": 6.95,
  "peak_rain_in_hr": 0.0,
  "peak_rain_offset_h": null,
  "rain_window_3h": [],
  "source": "surge-persistence",
  "depths_in": {
    "lowest_sentinel_grate": 11.160000000000013,
    "lowest_road_corner": 10.680000000000012,
    "gutter_walkway": 9.000000000000016,
    "corner_grate": 7.440000000000012,
    "curb": 4.440000000000012,
    "road_middle": 2.04000000000001,
    "intersection": 0.0,
    "lawn_step": 0.0,
    "porch_step": 0.0,
    "regime": "moderate"
  },
  "hours_from_now": 28.263814434166665
}