{
  "time": "2026-06-15 20:51",
  "predicted_mllw": 6.381,
  "surge_ft": 0.6020000000000001,
  "forecast_peak_mllw": 6.9830000000000005,
  "peak_rain_in_hr": 0.0,
  "peak_rain_offset_h": null,
  "rain_window_3h": [],
  "source": "surge-persistence",
  "depths_in": {
    "lowest_sentinel_grate": 11.556000000000006,
    "lowest_road_corner": 11.076000000000006,
    "gutter_walkway": 9.39600000000001,
    "corner_grate": 7.836000000000006,
    "curb": 4.836000000000006,
    "road_middle": 2.4360000000000035,
    "intersection": 0.2760000000000069,
    "lawn_step": 0.0,
    "porch_step": 0.0,
    "regime": "moderate"
  },
  "hours_from_now": 63.26483705444444
}