{
  "time": "2026-06-15 20:51",
  "predicted_mllw": 6.381,
  "surge_ft": 0.6699999999999995,
  "forecast_peak_mllw": 7.051,
  "peak_rain_in_hr": 0.0,
  "peak_rain_offset_h": null,
  "rain_window_3h": [],
  "source": "surge-persistence",
  "depths_in": {
    "grate_SW": 6.97200000000001,
    "grate_SE": 6.012000000000009,
    "corner_SE": 5.532000000000009,
    "corner_SW": 5.532000000000009,
    "grate_bay_ave_upstream": 5.532000000000009,
    "gutter_walkway": 3.8520000000000127,
    "grate_NE": 3.6120000000000125,
    "grate_NW": 3.6120000000000125,
    "corner_NE": 2.2920000000000087,
    "corner_NW": 2.2920000000000087,
    "curb": 0.0,
    "road_middle": 0.0,
    "intersection_highpoint": 0.0,
    "lawn_step": 0.0,
    "porch_step": 0.0,
    "regime": "street"
  },
  "hours_from_now": -1.0434510927777778
}