{
  "time": "2026-06-15 20:51",
  "predicted_mllw": 6.381,
  "surge_ft": 0.6831,
  "forecast_peak_mllw": 7.0641,
  "peak_rain_in_hr": 0.0,
  "peak_rain_offset_h": null,
  "rain_window_3h": [],
  "source": "surge-persistence",
  "depths_in": {
    "grate_SW": 7.129200000000006,
    "grate_SE": 6.169200000000005,
    "corner_SE": 5.689200000000005,
    "corner_SW": 5.689200000000005,
    "grate_bay_ave_upstream": 5.689200000000005,
    "gutter_walkway": 4.009200000000009,
    "grate_NE": 3.7692000000000085,
    "grate_NW": 3.7692000000000085,
    "corner_NE": 2.4492000000000047,
    "corner_NW": 2.4492000000000047,
    "curb": 0.0,
    "road_middle": 0.0,
    "intersection_highpoint": 0.0,
    "lawn_step": 0.0,
    "porch_step": 0.0,
    "regime": "street"
  },
  "hours_from_now": 14.971363909444444
}