{
  "time": "2026-06-15 20:51",
  "predicted_mllw": 6.381,
  "surge_ft": 0.7860000000000005,
  "forecast_peak_mllw": 7.167000000000001,
  "peak_rain_in_hr": 0.0,
  "peak_rain_offset_h": null,
  "rain_window_3h": [],
  "source": "surge-persistence",
  "depths_in": {
    "lowest_sentinel_grate": 13.764000000000019,
    "lowest_road_corner": 13.284000000000018,
    "gutter_walkway": 11.604000000000022,
    "corner_grate": 10.044000000000018,
    "curb": 7.044000000000018,
    "road_middle": 4.644000000000016,
    "intersection": 2.4840000000000195,
    "lawn_step": 2.004000000000019,
    "porch_step": 0.0,
    "regime": "moderate"
  },
  "hours_from_now": 71.23988059472222
}