{
  "time": "2026-06-15 20:51",
  "predicted_mllw": 6.381,
  "surge_ft": 0.5291999999999999,
  "forecast_peak_mllw": 6.9102,
  "peak_rain_in_hr": 0.0,
  "peak_rain_offset_h": null,
  "rain_window_3h": [],
  "source": "surge-persistence",
  "depths_in": {
    "lowest_sentinel_grate": 10.682399999999996,
    "lowest_road_corner": 10.202399999999995,
    "gutter_walkway": 8.5224,
    "corner_grate": 6.962399999999995,
    "curb": 3.9623999999999953,
    "road_middle": 1.5623999999999931,
    "intersection": 0.0,
    "lawn_step": 0.0,
    "porch_step": 0.0,
    "regime": "light"
  },
  "hours_from_now": 56.15380050388889
}