{
  "time": "2026-06-15 20:51",
  "predicted_mllw": 6.381,
  "surge_ft": 0.52,
  "forecast_peak_mllw": 6.901,
  "peak_rain_in_hr": 0.0,
  "peak_rain_offset_h": null,
  "rain_window_3h": [],
  "source": "surge-persistence",
  "depths_in": {
    "grate_SW": 5.172000000000001,
    "grate_SE": 4.212,
    "corner_SE": 3.7319999999999993,
    "corner_SW": 3.7319999999999993,
    "grate_bay_ave_upstream": 3.7319999999999993,
    "gutter_walkway": 2.052000000000003,
    "grate_NE": 1.812000000000003,
    "grate_NW": 1.812000000000003,
    "corner_NE": 0.4919999999999991,
    "corner_NW": 0.4919999999999991,
    "curb": 0.0,
    "road_middle": 0.0,
    "intersection_highpoint": 0.0,
    "lawn_step": 0.0,
    "porch_step": 0.0,
    "regime": "street"
  },
  "hours_from_now": 4.182380005833333
}