{
  "time": "2026-06-15 20:51",
  "predicted_mllw": 6.381,
  "surge_ft": 0.522,
  "forecast_peak_mllw": 6.9030000000000005,
  "peak_rain_in_hr": 0.0,
  "peak_rain_offset_h": null,
  "rain_window_3h": [],
  "source": "surge-persistence",
  "depths_in": {
    "grate_SW": 5.196000000000009,
    "grate_SE": 4.236000000000008,
    "corner_SE": 3.7560000000000073,
    "corner_SW": 3.7560000000000073,
    "grate_bay_ave_upstream": 3.7560000000000073,
    "gutter_walkway": 2.076000000000011,
    "grate_NE": 1.836000000000011,
    "grate_NW": 1.836000000000011,
    "corner_NE": 0.5160000000000071,
    "corner_NW": 0.5160000000000071,
    "curb": 0.0,
    "road_middle": 0.0,
    "intersection_highpoint": 0.0,
    "lawn_step": 0.0,
    "porch_step": 0.0,
    "regime": "street"
  },
  "hours_from_now": 2.273122165
}