{
  "time": "2026-06-15 20:51",
  "predicted_mllw": 6.381,
  "surge_ft": 0.9649999999999999,
  "forecast_peak_mllw": 7.346,
  "peak_rain_in_hr": 0.0,
  "peak_rain_offset_h": null,
  "rain_window_3h": [],
  "source": "surge-persistence",
  "depths_in": {
    "lowest_sentinel_grate": 15.912,
    "lowest_road_corner": 15.432,
    "gutter_walkway": 13.752000000000004,
    "corner_grate": 12.192,
    "curb": 9.192,
    "road_middle": 6.791999999999998,
    "intersection": 4.6320000000000014,
    "lawn_step": 4.152000000000001,
    "porch_step": 0.0,
    "regime": "severe"
  },
  "hours_from_now": 25.27949045472222
}