{
  "time": "2026-06-15 20:51",
  "predicted_mllw": 6.381,
  "surge_ft": 0.875,
  "forecast_peak_mllw": 7.256,
  "peak_rain_in_hr": 0.0,
  "peak_rain_offset_h": null,
  "rain_window_3h": [],
  "source": "surge-persistence",
  "depths_in": {
    "lowest_sentinel_grate": 14.832000000000003,
    "lowest_road_corner": 14.352000000000002,
    "gutter_walkway": 12.672000000000006,
    "corner_grate": 11.112000000000002,
    "curb": 8.112000000000002,
    "road_middle": 5.712,
    "intersection": 3.552000000000003,
    "lawn_step": 3.0720000000000027,
    "porch_step": 0.0,
    "regime": "severe"
  },
  "hours_from_now": 61.45713754472222
}