{
  "time": "2026-06-15 20:51",
  "predicted_mllw": 6.381,
  "surge_ft": 0.9444000000000001,
  "forecast_peak_mllw": 7.3254,
  "peak_rain_in_hr": 0.0,
  "peak_rain_offset_h": null,
  "rain_window_3h": [],
  "source": "surge-persistence",
  "depths_in": {
    "lowest_sentinel_grate": 15.664800000000001,
    "lowest_road_corner": 15.184800000000001,
    "gutter_walkway": 13.504800000000005,
    "corner_grate": 11.9448,
    "curb": 8.9448,
    "road_middle": 6.544799999999999,
    "intersection": 4.384800000000002,
    "lawn_step": 3.9048000000000016,
    "porch_step": 0.0,
    "regime": "severe"
  },
  "hours_from_now": 37.15843760833334
}