{
  "time": "2026-06-15 20:51",
  "predicted_mllw": 6.381,
  "surge_ft": 0.8426999999999998,
  "forecast_peak_mllw": 7.2237,
  "peak_rain_in_hr": 0.0,
  "peak_rain_offset_h": null,
  "rain_window_3h": [],
  "source": "surge-persistence",
  "depths_in": {
    "lowest_sentinel_grate": 14.44440000000001,
    "lowest_road_corner": 13.96440000000001,
    "gutter_walkway": 12.284400000000014,
    "corner_grate": 10.72440000000001,
    "curb": 7.72440000000001,
    "road_middle": 5.324400000000008,
    "intersection": 3.164400000000011,
    "lawn_step": 2.6844000000000108,
    "porch_step": 0.0,
    "regime": "moderate"
  },
  "hours_from_now": 57.99852113
}