{
  "time": "2026-06-15 20:51",
  "predicted_mllw": 6.381,
  "surge_ft": 0.8451999999999993,
  "forecast_peak_mllw": 7.2261999999999995,
  "peak_rain_in_hr": 0.0,
  "peak_rain_offset_h": null,
  "rain_window_3h": [],
  "source": "surge-persistence",
  "depths_in": {
    "lowest_sentinel_grate": 14.474400000000005,
    "lowest_road_corner": 13.994400000000004,
    "gutter_walkway": 12.314400000000008,
    "corner_grate": 10.754400000000004,
    "curb": 7.754400000000004,
    "road_middle": 5.354400000000002,
    "intersection": 3.1944000000000052,
    "lawn_step": 2.714400000000005,
    "porch_step": 0.0,
    "regime": "moderate"
  },
  "hours_from_now": 21.327260078333335
}