{
  "time": "2026-06-15 20:51",
  "predicted_mllw": 6.381,
  "surge_ft": 0.9122000000000003,
  "forecast_peak_mllw": 7.293200000000001,
  "peak_rain_in_hr": 0.0,
  "peak_rain_offset_h": null,
  "rain_window_3h": [],
  "source": "surge-persistence",
  "depths_in": {
    "lowest_sentinel_grate": 15.278400000000007,
    "lowest_road_corner": 14.798400000000006,
    "gutter_walkway": 13.11840000000001,
    "corner_grate": 11.558400000000006,
    "curb": 8.558400000000006,
    "road_middle": 6.158400000000004,
    "intersection": 3.9984000000000073,
    "lawn_step": 3.518400000000007,
    "porch_step": 0.0,
    "regime": "severe"
  },
  "hours_from_now": 22.365208703055558
}