{
  "time": "2026-06-15 20:51",
  "predicted_mllw": 6.381,
  "surge_ft": 0.7941999999999996,
  "forecast_peak_mllw": 7.1752,
  "peak_rain_in_hr": 0.0,
  "peak_rain_offset_h": null,
  "rain_window_3h": [],
  "source": "surge-persistence",
  "depths_in": {
    "lowest_sentinel_grate": 13.862400000000003,
    "lowest_road_corner": 13.382400000000002,
    "gutter_walkway": 11.702400000000006,
    "corner_grate": 10.142400000000002,
    "curb": 7.142400000000002,
    "road_middle": 4.7424,
    "intersection": 2.5824000000000034,
    "lawn_step": 2.102400000000003,
    "porch_step": 0.0,
    "regime": "moderate"
  },
  "hours_from_now": 17.593906405277778
}