{
  "time": "2026-06-15 20:51",
  "predicted_mllw": 6.381,
  "surge_ft": 0.927,
  "forecast_peak_mllw": 7.308,
  "peak_rain_in_hr": 0.0,
  "peak_rain_offset_h": null,
  "rain_window_3h": [],
  "source": "surge-persistence",
  "depths_in": {
    "lowest_sentinel_grate": 15.455999999999998,
    "lowest_road_corner": 14.975999999999997,
    "gutter_walkway": 13.296000000000001,
    "corner_grate": 11.735999999999997,
    "curb": 8.735999999999997,
    "road_middle": 6.335999999999995,
    "intersection": 4.175999999999998,
    "lawn_step": 3.695999999999998,
    "porch_step": 0.0,
    "regime": "severe"
  },
  "hours_from_now": 35.683072025
}