{
  "time": "2026-06-15 20:51",
  "predicted_mllw": 6.381,
  "surge_ft": 0.7340000000000004,
  "forecast_peak_mllw": 7.115,
  "peak_rain_in_hr": 0.0,
  "peak_rain_offset_h": null,
  "rain_window_3h": [],
  "source": "surge-persistence",
  "depths_in": {
    "lowest_sentinel_grate": 13.140000000000002,
    "lowest_road_corner": 12.660000000000002,
    "gutter_walkway": 10.980000000000006,
    "corner_grate": 9.420000000000002,
    "curb": 6.420000000000002,
    "road_middle": 4.02,
    "intersection": 1.860000000000003,
    "lawn_step": 1.3800000000000026,
    "porch_step": 0.0,
    "regime": "moderate"
  },
  "hours_from_now": 59.70649415138889
}