{
  "time": "2026-06-15 20:51",
  "predicted_mllw": 6.381,
  "surge_ft": 0.8437999999999999,
  "forecast_peak_mllw": 7.2248,
  "peak_rain_in_hr": 0.0,
  "peak_rain_offset_h": null,
  "rain_window_3h": [],
  "source": "surge-persistence",
  "depths_in": {
    "lowest_sentinel_grate": 14.457600000000001,
    "lowest_road_corner": 13.9776,
    "gutter_walkway": 12.297600000000005,
    "corner_grate": 10.7376,
    "curb": 7.7376000000000005,
    "road_middle": 5.337599999999998,
    "intersection": 3.1776000000000018,
    "lawn_step": 2.6976000000000013,
    "porch_step": 0.0,
    "regime": "moderate"
  },
  "hours_from_now": 46.40803415777778
}