{
  "time": "2026-06-15 20:51",
  "predicted_mllw": 6.381,
  "surge_ft": 0.6345000000000001,
  "forecast_peak_mllw": 7.0155,
  "peak_rain_in_hr": 0.0,
  "peak_rain_offset_h": null,
  "rain_window_3h": [],
  "source": "surge-persistence",
  "depths_in": {
    "lowest_sentinel_grate": 11.946000000000014,
    "lowest_road_corner": 11.466000000000014,
    "gutter_walkway": 9.786000000000017,
    "corner_grate": 8.226000000000013,
    "curb": 5.226000000000013,
    "road_middle": 2.826000000000011,
    "intersection": 0.6660000000000146,
    "lawn_step": 0.18600000000001415,
    "porch_step": 0.0,
    "regime": "moderate"
  },
  "hours_from_now": 53.24981334361111
}