{
  "time": "2026-06-15 20:51",
  "predicted_mllw": 6.381,
  "surge_ft": 0.7416999999999998,
  "forecast_peak_mllw": 7.1227,
  "peak_rain_in_hr": 0.0,
  "peak_rain_offset_h": null,
  "rain_window_3h": [],
  "source": "surge-persistence",
  "depths_in": {
    "lowest_sentinel_grate": 13.2324,
    "lowest_road_corner": 12.7524,
    "gutter_walkway": 11.072400000000004,
    "corner_grate": 9.5124,
    "curb": 6.5123999999999995,
    "road_middle": 4.112399999999997,
    "intersection": 1.9524000000000008,
    "lawn_step": 1.4724000000000004,
    "porch_step": 0.0,
    "regime": "moderate"
  },
  "hours_from_now": 45.38555718777778
}