{
  "time": "2026-06-15 20:51",
  "predicted_mllw": 6.381,
  "surge_ft": 0.968799999999999,
  "forecast_peak_mllw": 7.349799999999999,
  "peak_rain_in_hr": 0.0,
  "peak_rain_offset_h": null,
  "rain_window_3h": [],
  "source": "surge-persistence",
  "depths_in": {
    "lowest_sentinel_grate": 15.957600000000001,
    "lowest_road_corner": 15.4776,
    "gutter_walkway": 13.797600000000005,
    "corner_grate": 12.2376,
    "curb": 9.2376,
    "road_middle": 6.837599999999998,
    "intersection": 4.677600000000002,
    "lawn_step": 4.197600000000001,
    "porch_step": 0.0,
    "regime": "severe"
  },
  "hours_from_now": 33.83078127388889
}