{
  "time": "2026-06-15 20:51",
  "predicted_mllw": 6.381,
  "surge_ft": 0.49040000000000017,
  "forecast_peak_mllw": 6.8714,
  "peak_rain_in_hr": 0.0,
  "peak_rain_offset_h": null,
  "rain_window_3h": [],
  "source": "surge-persistence",
  "depths_in": {
    "lowest_sentinel_grate": 10.216800000000015,
    "lowest_road_corner": 9.736800000000015,
    "gutter_walkway": 8.056800000000019,
    "corner_grate": 6.496800000000015,
    "curb": 3.4968000000000146,
    "road_middle": 1.0968000000000124,
    "intersection": 0.0,
    "lawn_step": 0.0,
    "porch_step": 0.0,
    "regime": "light"
  },
  "hours_from_now": 43.858829834999995
}