{
  "time": "2026-06-15 20:51",
  "predicted_mllw": 6.381,
  "surge_ft": 0.5773999999999999,
  "forecast_peak_mllw": 6.9584,
  "peak_rain_in_hr": 0.0,
  "peak_rain_offset_h": null,
  "rain_window_3h": [],
  "source": "surge-persistence",
  "depths_in": {
    "lowest_sentinel_grate": 11.260800000000012,
    "lowest_road_corner": 10.780800000000012,
    "gutter_walkway": 9.100800000000016,
    "corner_grate": 7.5408000000000115,
    "curb": 4.5408000000000115,
    "road_middle": 2.1408000000000094,
    "intersection": 0.0,
    "lawn_step": 0.0,
    "porch_step": 0.0,
    "regime": "moderate"
  },
  "hours_from_now": 69.2835729675
}