{
  "time": "2026-06-15 20:51",
  "predicted_mllw": 6.381,
  "surge_ft": 0.6270000000000007,
  "forecast_peak_mllw": 7.008000000000001,
  "peak_rain_in_hr": 0.0,
  "peak_rain_offset_h": null,
  "rain_window_3h": [],
  "source": "surge-persistence",
  "depths_in": {
    "lowest_sentinel_grate": 11.85600000000001,
    "lowest_road_corner": 11.37600000000001,
    "gutter_walkway": 9.696000000000014,
    "corner_grate": 8.13600000000001,
    "curb": 5.13600000000001,
    "road_middle": 2.7360000000000078,
    "intersection": 0.5760000000000112,
    "lawn_step": 0.09600000000001074,
    "porch_step": 0.0,
    "regime": "moderate"
  },
  "hours_from_now": 70.26317598444444
}