{
  "time": "2026-06-15 20:51",
  "predicted_mllw": 6.381,
  "surge_ft": 1.1400000000000006,
  "forecast_peak_mllw": 7.521000000000001,
  "peak_rain_in_hr": 0.0,
  "peak_rain_offset_h": null,
  "rain_window_3h": [],
  "source": "surge-persistence",
  "depths_in": {
    "grate_SW": 12.612000000000018,
    "grate_SE": 11.652000000000017,
    "corner_SE": 11.172000000000017,
    "corner_SW": 11.172000000000017,
    "grate_bay_ave_upstream": 11.172000000000017,
    "gutter_walkway": 9.49200000000002,
    "grate_NE": 9.25200000000002,
    "grate_NW": 9.25200000000002,
    "corner_NE": 7.932000000000016,
    "corner_NW": 7.932000000000016,
    "curb": 4.932000000000016,
    "road_middle": 2.5320000000000142,
    "intersection_highpoint": 0.37200000000001765,
    "lawn_step": 0.0,
    "porch_step": 0.0,
    "regime": "moderate"
  },
  "hours_from_now": 9.70427643111111
}