{
  "time": "2026-06-15 20:51",
  "predicted_mllw": 6.381,
  "surge_ft": 0.4534,
  "forecast_peak_mllw": 6.8344000000000005,
  "peak_rain_in_hr": 0.0,
  "peak_rain_offset_h": null,
  "rain_window_3h": [],
  "source": "surge-persistence",
  "depths_in": {
    "lowest_sentinel_grate": 9.772800000000005,
    "lowest_road_corner": 9.292800000000005,
    "gutter_walkway": 7.612800000000009,
    "corner_grate": 6.052800000000005,
    "curb": 3.052800000000005,
    "road_middle": 0.6528000000000027,
    "intersection": 0.0,
    "lawn_step": 0.0,
    "porch_step": 0.0,
    "regime": "light"
  },
  "hours_from_now": 65.64204519083333
}