{
  "time": "2026-06-15 20:51",
  "predicted_mllw": 6.381,
  "surge_ft": 0.7709999999999999,
  "forecast_peak_mllw": 7.152,
  "peak_rain_in_hr": 0.0,
  "peak_rain_offset_h": null,
  "rain_window_3h": [],
  "source": "surge-persistence",
  "depths_in": {
    "lowest_sentinel_grate": 13.584000000000012,
    "lowest_road_corner": 13.104000000000012,
    "gutter_walkway": 11.424000000000015,
    "corner_grate": 9.864000000000011,
    "curb": 6.864000000000011,
    "road_middle": 4.464000000000009,
    "intersection": 2.3040000000000127,
    "lawn_step": 1.8240000000000123,
    "porch_step": 0.0,
    "regime": "moderate"
  },
  "hours_from_now": 32.113406652777776
}