{
  "time": "2026-06-15 20:51",
  "predicted_mllw": 6.381,
  "surge_ft": 0.5975999999999999,
  "forecast_peak_mllw": 6.9786,
  "peak_rain_in_hr": 0.0,
  "peak_rain_offset_h": null,
  "rain_window_3h": [],
  "source": "surge-persistence",
  "depths_in": {
    "grate_SW": 6.10320000000001,
    "grate_SE": 5.143200000000009,
    "corner_SE": 4.663200000000009,
    "corner_SW": 4.663200000000009,
    "grate_bay_ave_upstream": 4.663200000000009,
    "gutter_walkway": 2.9832000000000125,
    "grate_NE": 2.7432000000000123,
    "grate_NW": 2.7432000000000123,
    "corner_NE": 1.4232000000000085,
    "corner_NW": 1.4232000000000085,
    "curb": 0.0,
    "road_middle": 0.0,
    "intersection_highpoint": 0.0,
    "lawn_step": 0.0,
    "porch_step": 0.0,
    "regime": "street"
  },
  "hours_from_now": -1.889782713888889
}