{
  "time": "2026-06-15 20:51",
  "predicted_mllw": 6.381,
  "surge_ft": 0.6736,
  "forecast_peak_mllw": 7.054600000000001,
  "peak_rain_in_hr": 0.0,
  "peak_rain_offset_h": null,
  "rain_window_3h": [],
  "source": "surge-persistence",
  "depths_in": {
    "lowest_sentinel_grate": 12.415200000000008,
    "lowest_road_corner": 11.935200000000007,
    "gutter_walkway": 10.255200000000011,
    "corner_grate": 8.695200000000007,
    "curb": 5.695200000000007,
    "road_middle": 3.295200000000005,
    "intersection": 1.1352000000000082,
    "lawn_step": 0.6552000000000078,
    "porch_step": 0.0,
    "regime": "moderate"
  },
  "hours_from_now": 26.273862983055555
}