{
  "time": "2026-06-15 20:51",
  "predicted_mllw": 6.381,
  "surge_ft": 1.1385999999999998,
  "forecast_peak_mllw": 7.5196000000000005,
  "peak_rain_in_hr": 0.0,
  "peak_rain_offset_h": null,
  "rain_window_3h": [],
  "source": "surge-persistence",
  "depths_in": {
    "lowest_sentinel_grate": 17.995200000000004,
    "lowest_road_corner": 17.515200000000007,
    "gutter_walkway": 15.83520000000001,
    "corner_grate": 14.275200000000005,
    "curb": 11.275200000000005,
    "road_middle": 8.875200000000003,
    "intersection": 6.7152000000000065,
    "lawn_step": 6.235200000000006,
    "porch_step": 0.23520000000000607,
    "regime": "severe"
  },
  "hours_from_now": 24.308960785
}