{
  "time": "2026-06-15 20:51",
  "predicted_mllw": 6.381,
  "surge_ft": 0.5615000000000001,
  "forecast_peak_mllw": 6.942500000000001,
  "peak_rain_in_hr": 0.0,
  "peak_rain_offset_h": null,
  "rain_window_3h": [],
  "source": "surge-persistence",
  "depths_in": {
    "lowest_sentinel_grate": 11.07000000000001,
    "lowest_road_corner": 10.590000000000009,
    "gutter_walkway": 8.910000000000013,
    "corner_grate": 7.3500000000000085,
    "curb": 4.3500000000000085,
    "road_middle": 1.9500000000000064,
    "intersection": 0.0,
    "lawn_step": 0.0,
    "porch_step": 0.0,
    "regime": "moderate"
  },
  "hours_from_now": 31.255449691666666
}