{
  "time": "2026-06-15 20:51",
  "predicted_mllw": 6.381,
  "surge_ft": 1.0990000000000002,
  "forecast_peak_mllw": 7.48,
  "peak_rain_in_hr": 0.0,
  "peak_rain_offset_h": null,
  "rain_window_3h": [],
  "source": "surge-persistence",
  "depths_in": {
    "lowest_sentinel_grate": 17.520000000000003,
    "lowest_road_corner": 17.040000000000006,
    "gutter_walkway": 15.360000000000008,
    "corner_grate": 13.800000000000004,
    "curb": 10.800000000000004,
    "road_middle": 8.400000000000002,
    "intersection": 6.2400000000000055,
    "lawn_step": 5.760000000000005,
    "porch_step": 0.0,
    "regime": "severe"
  },
  "hours_from_now": 23.32619160722222
}