{
  "time": "2026-06-15 20:51",
  "predicted_mllw": 6.381,
  "surge_ft": 0.6180000000000001,
  "forecast_peak_mllw": 6.9990000000000006,
  "peak_rain_in_hr": 0.0,
  "peak_rain_offset_h": null,
  "rain_window_3h": [],
  "source": "surge-persistence",
  "depths_in": {
    "lowest_sentinel_grate": 11.748000000000006,
    "lowest_road_corner": 11.268000000000006,
    "gutter_walkway": 9.58800000000001,
    "corner_grate": 8.028000000000006,
    "curb": 5.028000000000006,
    "road_middle": 2.6280000000000037,
    "intersection": 0.4680000000000071,
    "lawn_step": 0.0,
    "porch_step": 0.0,
    "regime": "moderate"
  },
  "hours_from_now": 29.241827028611112
}