{
  "time": "2026-06-15 20:51",
  "predicted_mllw": 6.381,
  "surge_ft": 0.8260000000000001,
  "forecast_peak_mllw": 7.207000000000001,
  "peak_rain_in_hr": 0.0,
  "peak_rain_offset_h": null,
  "rain_window_3h": [],
  "source": "surge-persistence",
  "depths_in": {
    "grate_SW": 8.844000000000017,
    "grate_SE": 7.884000000000016,
    "corner_SE": 7.404000000000016,
    "corner_SW": 7.404000000000016,
    "grate_bay_ave_upstream": 7.404000000000016,
    "gutter_walkway": 5.72400000000002,
    "grate_NE": 5.4840000000000195,
    "grate_NW": 5.4840000000000195,
    "corner_NE": 4.164000000000016,
    "corner_NW": 4.164000000000016,
    "curb": 1.1640000000000157,
    "road_middle": 0.0,
    "intersection_highpoint": 0.0,
    "lawn_step": 0.0,
    "porch_step": 0.0,
    "regime": "light"
  },
  "hours_from_now": 12.7174126675
}