{
  "time": "2026-06-15 20:51",
  "predicted_mllw": 6.381,
  "surge_ft": 0.58,
  "forecast_peak_mllw": 6.961,
  "peak_rain_in_hr": 0.0,
  "peak_rain_offset_h": null,
  "rain_window_3h": [],
  "source": "surge-persistence",
  "depths_in": {
    "lowest_sentinel_grate": 11.292000000000003,
    "lowest_road_corner": 10.812000000000003,
    "gutter_walkway": 9.132000000000007,
    "corner_grate": 7.572000000000003,
    "curb": 4.572000000000003,
    "road_middle": 2.1720000000000006,
    "intersection": 0.012000000000004007,
    "lawn_step": 0.0,
    "porch_step": 0.0,
    "regime": "moderate"
  },
  "hours_from_now": 39.2097069175
}