{
  "time": "2026-06-15 20:51",
  "predicted_mllw": 6.381,
  "surge_ft": 0.8541000000000007,
  "forecast_peak_mllw": 7.235100000000001,
  "peak_rain_in_hr": 0.0,
  "peak_rain_offset_h": null,
  "rain_window_3h": [],
  "source": "surge-persistence",
  "depths_in": {
    "lowest_sentinel_grate": 14.581200000000011,
    "lowest_road_corner": 14.101200000000011,
    "gutter_walkway": 12.421200000000015,
    "corner_grate": 10.86120000000001,
    "curb": 7.861200000000011,
    "road_middle": 5.461200000000009,
    "intersection": 3.301200000000012,
    "lawn_step": 2.8212000000000117,
    "porch_step": 0.0,
    "regime": "moderate"
  },
  "hours_from_now": 19.82735629722222
}