{
  "time": "2026-06-15 20:51",
  "predicted_mllw": 6.381,
  "surge_ft": 0.7285000000000004,
  "forecast_peak_mllw": 7.109500000000001,
  "peak_rain_in_hr": 0.0,
  "peak_rain_offset_h": null,
  "rain_window_3h": [],
  "source": "surge-persistence",
  "depths_in": {
    "lowest_sentinel_grate": 13.074000000000007,
    "lowest_road_corner": 12.594000000000007,
    "gutter_walkway": 10.91400000000001,
    "corner_grate": 9.354000000000006,
    "curb": 6.354000000000006,
    "road_middle": 3.954000000000004,
    "intersection": 1.7940000000000076,
    "lawn_step": 1.3140000000000072,
    "porch_step": 0.0,
    "regime": "moderate"
  },
  "hours_from_now": 57.19414801333333
}