{
  "time": "2026-06-15 20:51",
  "predicted_mllw": 6.381,
  "surge_ft": 0.5195999999999998,
  "forecast_peak_mllw": 6.9006,
  "peak_rain_in_hr": 0.0,
  "peak_rain_offset_h": null,
  "rain_window_3h": [],
  "source": "surge-persistence",
  "depths_in": {
    "lowest_sentinel_grate": 10.567200000000009,
    "lowest_road_corner": 10.087200000000008,
    "gutter_walkway": 8.407200000000012,
    "corner_grate": 6.847200000000008,
    "curb": 3.847200000000008,
    "road_middle": 1.4472000000000058,
    "intersection": 0.0,
    "lawn_step": 0.0,
    "porch_step": 0.0,
    "regime": "light"
  },
  "hours_from_now": 51.29612139416667
}