{
  "time": "2026-06-15 20:51",
  "predicted_mllw": 6.381,
  "surge_ft": 0.7236,
  "forecast_peak_mllw": 7.1046000000000005,
  "peak_rain_in_hr": 0.0,
  "peak_rain_offset_h": null,
  "rain_window_3h": [],
  "source": "surge-persistence",
  "depths_in": {
    "lowest_sentinel_grate": 13.015200000000016,
    "lowest_road_corner": 12.535200000000016,
    "gutter_walkway": 10.85520000000002,
    "corner_grate": 9.295200000000015,
    "curb": 6.2952000000000155,
    "road_middle": 3.8952000000000133,
    "intersection": 1.7352000000000167,
    "lawn_step": 1.2552000000000163,
    "porch_step": 0.0,
    "regime": "moderate"
  },
  "hours_from_now": 50.292434056666664
}