{
  "time": "2026-06-15 20:51",
  "predicted_mllw": 6.381,
  "surge_ft": 0.5332,
  "forecast_peak_mllw": 6.9142,
  "peak_rain_in_hr": 0.0,
  "peak_rain_offset_h": null,
  "rain_window_3h": [],
  "source": "surge-persistence",
  "depths_in": {
    "lowest_sentinel_grate": 10.730400000000012,
    "lowest_road_corner": 10.250400000000012,
    "gutter_walkway": 8.570400000000015,
    "corner_grate": 7.010400000000011,
    "curb": 4.010400000000011,
    "road_middle": 1.6104000000000092,
    "intersection": 0.0,
    "lawn_step": 0.0,
    "porch_step": 0.0,
    "regime": "moderate"
  },
  "hours_from_now": 27.315871443611112
}