{
  "time": "2026-06-15 20:51",
  "predicted_mllw": 6.381,
  "surge_ft": 0.7054999999999999,
  "forecast_peak_mllw": 7.0865,
  "peak_rain_in_hr": 0.0,
  "peak_rain_offset_h": null,
  "rain_window_3h": [],
  "source": "surge-persistence",
  "depths_in": {
    "grate_SW": 7.397999999999998,
    "grate_SE": 6.437999999999997,
    "corner_SE": 5.957999999999997,
    "corner_SW": 5.957999999999997,
    "grate_bay_ave_upstream": 5.957999999999997,
    "gutter_walkway": 4.2780000000000005,
    "grate_NE": 4.038,
    "grate_NW": 4.038,
    "corner_NE": 2.7179999999999964,
    "corner_NW": 2.7179999999999964,
    "curb": 0.0,
    "road_middle": 0.0,
    "intersection_highpoint": 0.0,
    "lawn_step": 0.0,
    "porch_step": 0.0,
    "regime": "street"
  },
  "hours_from_now": 0.6591451
}