{
  "time": "2026-06-15 20:51",
  "predicted_mllw": 6.381,
  "surge_ft": 0.9239999999999999,
  "forecast_peak_mllw": 7.305,
  "peak_rain_in_hr": 0.0,
  "peak_rain_offset_h": null,
  "rain_window_3h": [],
  "source": "surge-persistence",
  "depths_in": {
    "lowest_sentinel_grate": 15.419999999999996,
    "lowest_road_corner": 14.939999999999996,
    "gutter_walkway": 13.26,
    "corner_grate": 11.699999999999996,
    "curb": 8.699999999999996,
    "road_middle": 6.299999999999994,
    "intersection": 4.139999999999997,
    "lawn_step": 3.6599999999999966,
    "porch_step": 0.0,
    "regime": "severe"
  },
  "hours_from_now": 49.28033399416667
}