{
  "time": "2026-06-15 20:51",
  "predicted_mllw": 6.381,
  "surge_ft": 0.46799999999999997,
  "forecast_peak_mllw": 6.849,
  "peak_rain_in_hr": 0.0,
  "peak_rain_offset_h": null,
  "rain_window_3h": [],
  "source": "surge-persistence",
  "depths_in": {
    "lowest_sentinel_grate": 9.948000000000002,
    "lowest_road_corner": 9.468000000000002,
    "gutter_walkway": 7.788000000000006,
    "corner_grate": 6.2280000000000015,
    "curb": 3.2280000000000015,
    "road_middle": 0.8279999999999994,
    "intersection": 0.0,
    "lawn_step": 0.0,
    "porch_step": 0.0,
    "regime": "light"
  },
  "hours_from_now": 42.93525884722222
}