{
  "time": "2026-06-15 20:51",
  "predicted_mllw": 6.381,
  "surge_ft": 0.8952000000000004,
  "forecast_peak_mllw": 7.276200000000001,
  "peak_rain_in_hr": 0.0,
  "peak_rain_offset_h": null,
  "rain_window_3h": [],
  "source": "surge-persistence",
  "depths_in": {
    "lowest_sentinel_grate": 15.074400000000013,
    "lowest_road_corner": 14.594400000000013,
    "gutter_walkway": 12.914400000000017,
    "corner_grate": 11.354400000000012,
    "curb": 8.354400000000012,
    "road_middle": 5.95440000000001,
    "intersection": 3.7944000000000138,
    "lawn_step": 3.3144000000000133,
    "porch_step": 0.0,
    "regime": "severe"
  },
  "hours_from_now": 48.313123601111116
}