{
  "time": "2026-06-15 20:51",
  "predicted_mllw": 6.381,
  "surge_ft": 0.41969999999999974,
  "forecast_peak_mllw": 6.8007,
  "peak_rain_in_hr": 0.0,
  "peak_rain_offset_h": null,
  "rain_window_3h": [],
  "source": "surge-persistence",
  "depths_in": {
    "lowest_sentinel_grate": 9.36840000000001,
    "lowest_road_corner": 8.88840000000001,
    "gutter_walkway": 7.2084000000000135,
    "corner_grate": 5.648400000000009,
    "curb": 2.6484000000000094,
    "road_middle": 0.24840000000000728,
    "intersection": 0.0,
    "lawn_step": 0.0,
    "porch_step": 0.0,
    "regime": "light"
  },
  "hours_from_now": 67.86494022722222
}