{
  "time": "2026-06-15 20:51",
  "predicted_mllw": 6.381,
  "surge_ft": 0.5720000000000001,
  "forecast_peak_mllw": 6.953,
  "peak_rain_in_hr": 0.0,
  "peak_rain_offset_h": null,
  "rain_window_3h": [],
  "source": "surge-persistence",
  "depths_in": {
    "lowest_sentinel_grate": 11.196000000000014,
    "lowest_road_corner": 10.716000000000014,
    "gutter_walkway": 9.036000000000017,
    "corner_grate": 7.476000000000013,
    "curb": 4.476000000000013,
    "road_middle": 2.076000000000011,
    "intersection": 0.0,
    "lawn_step": 0.0,
    "porch_step": 0.0,
    "regime": "moderate"
  },
  "hours_from_now": 55.239192589999995
}