{
  "time": "2026-06-15 20:51",
  "predicted_mllw": 6.381,
  "surge_ft": 0.4742,
  "forecast_peak_mllw": 6.8552,
  "peak_rain_in_hr": 0.0,
  "peak_rain_offset_h": null,
  "rain_window_3h": [],
  "source": "surge-persistence",
  "depths_in": {
    "lowest_sentinel_grate": 10.0224,
    "lowest_road_corner": 9.542399999999999,
    "gutter_walkway": 7.862400000000003,
    "corner_grate": 6.302399999999999,
    "curb": 3.3023999999999987,
    "road_middle": 0.9023999999999965,
    "intersection": 0.0,
    "lawn_step": 0.0,
    "porch_step": 0.0,
    "regime": "light"
  },
  "hours_from_now": 52.27855754055556
}