{
  "time": "2026-06-15 20:51",
  "predicted_mllw": 6.381,
  "surge_ft": 0.8242000000000003,
  "forecast_peak_mllw": 7.2052000000000005,
  "peak_rain_in_hr": 0.0,
  "peak_rain_offset_h": null,
  "rain_window_3h": [],
  "source": "surge-persistence",
  "depths_in": {
    "lowest_sentinel_grate": 14.222400000000016,
    "lowest_road_corner": 13.742400000000016,
    "gutter_walkway": 12.06240000000002,
    "corner_grate": 10.502400000000016,
    "curb": 7.502400000000016,
    "road_middle": 5.102400000000014,
    "intersection": 2.942400000000017,
    "lawn_step": 2.4624000000000166,
    "porch_step": 0.0,
    "regime": "moderate"
  },
  "hours_from_now": 47.33555557305556
}