{
  "time": "2026-06-01 21:21",
  "predicted_mllw": 5.297,
  "surge_ft": 1.0339999999999998,
  "forecast_peak_mllw": 6.3309999999999995,
  "peak_rain_in_hr": 0.0,
  "peak_rain_offset_h": null,
  "rain_window_3h": [],
  "source": "surge-persistence",
  "depths_in": {
    "lowest_sentinel_grate": 3.7319999999999993,
    "lowest_road_corner": 3.251999999999999,
    "gutter_walkway": 1.5720000000000027,
    "corner_grate": 0.011999999999998678,
    "curb": 0.0,
    "road_middle": 0.0,
    "intersection": 0.0,
    "lawn_step": 0.0,
    "porch_step": 0.0,
    "regime": "street"
  },
  "hours_from_now": 6.217748153888889
}