{
  "time": "2026-06-01 21:21",
  "predicted_mllw": 5.297,
  "surge_ft": 0.9709999999999992,
  "forecast_peak_mllw": 6.267999999999999,
  "peak_rain_in_hr": 0.0,
  "peak_rain_offset_h": null,
  "rain_window_3h": [],
  "source": "surge-persistence",
  "depths_in": {
    "lowest_sentinel_grate": 2.975999999999992,
    "lowest_road_corner": 2.4959999999999916,
    "gutter_walkway": 0.8159999999999954,
    "corner_grate": 0.0,
    "curb": 0.0,
    "road_middle": 0.0,
    "intersection": 0.0,
    "lawn_step": 0.0,
    "porch_step": 0.0,
    "regime": "street"
  },
  "hours_from_now": 46.95555887555555
}