{
  "time": "2026-06-01 21:21",
  "predicted_mllw": 5.297,
  "surge_ft": 1.4417000000000004,
  "forecast_peak_mllw": 6.7387,
  "peak_rain_in_hr": 0.0,
  "peak_rain_offset_h": null,
  "rain_window_3h": [],
  "source": "surge-persistence",
  "depths_in": {
    "lowest_sentinel_grate": 8.624399999999996,
    "lowest_road_corner": 8.144399999999996,
    "gutter_walkway": 6.4643999999999995,
    "corner_grate": 4.904399999999995,
    "curb": 1.9043999999999954,
    "road_middle": 0.0,
    "intersection": 0.0,
    "lawn_step": 0.0,
    "porch_step": 0.0,
    "regime": "light"
  },
  "hours_from_now": 42.1175578325
}