{
  "time": "2026-06-01 21:21",
  "predicted_mllw": 5.297,
  "surge_ft": 1.4924,
  "forecast_peak_mllw": 6.7894,
  "peak_rain_in_hr": 0.0,
  "peak_rain_offset_h": null,
  "rain_window_3h": [],
  "source": "surge-persistence",
  "depths_in": {
    "lowest_sentinel_grate": 9.232800000000006,
    "lowest_road_corner": 8.752800000000006,
    "gutter_walkway": 7.07280000000001,
    "corner_grate": 5.512800000000006,
    "curb": 2.5128000000000057,
    "road_middle": 0.11280000000000356,
    "intersection": 0.0,
    "lawn_step": 0.0,
    "porch_step": 0.0,
    "regime": "light"
  },
  "hours_from_now": 43.569368661944445
}