{
  "time": "2026-07-15 21:31",
  "predicted_mllw": 6.17,
  "surge_ft": 0.6276000000000002,
  "forecast_peak_mllw": 6.7976,
  "peak_rain_in_hr": 0.0,
  "peak_rain_offset_h": null,
  "rain_window_3h": [
    [
      -2.5166666666666666,
      0.0
    ],
    [
      -1.5166666666666666,
      0.0
    ],
    [
      -0.5166666666666667,
      0.0
    ],
    [
      0.48333333333333334,
      0.0
    ],
    [
      1.4833333333333334,
      0.0
    ],
    [
      2.4833333333333334,
      0.0
    ]
  ],
  "source": "surge-persistence",
  "depths_in": {
    "grate_SW": 5.491200000000003,
    "grate_SE": 4.531200000000002,
    "corner_SE": 4.0512000000000015,
    "corner_SW": 4.0512000000000015,
    "grate_bay_ave_upstream": 4.0512000000000015,
    "gutter_walkway": 2.3712000000000053,
    "grate_NE": 2.131200000000005,
    "grate_NW": 2.131200000000005,
    "corner_NE": 0.8112000000000013,
    "corner_NW": 0.8112000000000013,
    "curb": 0.0,
    "sidewalk_under_walkway_lawn_step": 0.0,
    "road_middle": 0.0,
    "intersection_highpoint": 0.0,
    "lawn_step": 0.0,
    "porch_step_base": 0.0,
    "porch_step1_top": 0.0,
    "porch_deck": 0.0,
    "regime": "street"
  },
  "depths_in_wind_adjusted": null,
  "wind_adjustment": {
    "sector": "onshore",
    "adjustment_ft": 0.0,
    "wind_dir_at_peak": "N",
    "wind_speed_at_peak": "5 mph",
    "note": "Forecast wind at peak (N at 5 mph) is in the onshore sector \u2014 water gets piled into the bay corner where Highlands sits. Main prediction applies."
  },
  "hours_from_now": 47.1663861425
}