{
  "time": "2026-07-15 21:31",
  "predicted_mllw": 6.17,
  "surge_ft": 0.5924000000000005,
  "forecast_peak_mllw": 6.7624,
  "peak_rain_in_hr": 0.0,
  "peak_rain_offset_h": null,
  "rain_window_3h": [
    [
      -2.5166666666666666,
      0.0
    ],
    [
      -1.5166666666666666,
      0.0
    ],
    [
      -0.5166666666666667,
      0.0
    ],
    [
      0.48333333333333334,
      0.0
    ],
    [
      1.4833333333333334,
      0.0
    ],
    [
      2.4833333333333334,
      0.0
    ]
  ],
  "source": "surge-persistence",
  "depths_in": {
    "grate_SW": 5.068800000000007,
    "grate_SE": 4.108800000000006,
    "corner_SE": 3.6288000000000054,
    "corner_SW": 3.6288000000000054,
    "grate_bay_ave_upstream": 3.6288000000000054,
    "gutter_walkway": 1.9488000000000092,
    "grate_NE": 1.708800000000009,
    "grate_NW": 1.708800000000009,
    "corner_NE": 0.38880000000000514,
    "corner_NW": 0.38880000000000514,
    "curb": 0.0,
    "sidewalk_under_walkway_lawn_step": 0.0,
    "road_middle": 0.0,
    "intersection_highpoint": 0.0,
    "lawn_step": 0.0,
    "porch_step_base": 0.0,
    "porch_step1_top": 0.0,
    "porch_deck": 0.0,
    "regime": "street"
  },
  "depths_in_wind_adjusted": null,
  "wind_adjustment": {
    "sector": "neither",
    "adjustment_ft": 0.0,
    "wind_dir_at_peak": "NW",
    "wind_speed_at_peak": "10 mph",
    "note": "Forecast wind at peak (NW at 10 mph) is cross-shore or unspecified \u2014 defaulting to main prediction (no wind adjustment)."
  },
  "hours_from_now": -1.8462192441666667
}