{
  "time": "2026-07-15 21:31",
  "predicted_mllw": 6.17,
  "surge_ft": 0.7607999999999997,
  "forecast_peak_mllw": 6.9308,
  "peak_rain_in_hr": 0.0,
  "peak_rain_offset_h": null,
  "rain_window_3h": [
    [
      -2.5166666666666666,
      0.0
    ]
  ],
  "source": "surge-persistence",
  "depths_in": {
    "grate_SW": 7.089599999999992,
    "grate_SE": 6.129599999999991,
    "corner_SE": 5.649599999999991,
    "corner_SW": 5.649599999999991,
    "grate_bay_ave_upstream": 5.649599999999991,
    "gutter_walkway": 3.9695999999999945,
    "grate_NE": 3.7295999999999943,
    "grate_NW": 3.7295999999999943,
    "corner_NE": 2.4095999999999904,
    "corner_NW": 2.4095999999999904,
    "curb": 0.0,
    "sidewalk_under_walkway_lawn_step": 0.0,
    "road_middle": 0.0,
    "intersection_highpoint": 0.0,
    "lawn_step": 0.0,
    "porch_step_base": 0.0,
    "porch_step1_top": 0.0,
    "porch_deck": 0.0,
    "regime": "street"
  },
  "depths_in_wind_adjusted": null,
  "wind_adjustment": {
    "sector": "neither",
    "adjustment_ft": 0.0,
    "wind_dir_at_peak": "NW",
    "wind_speed_at_peak": "5 mph",
    "note": "Forecast wind at peak (NW at 5 mph) is cross-shore or unspecified \u2014 defaulting to main prediction (no wind adjustment)."
  },
  "hours_from_now": 56.63394778944444
}