{
  "time": "2026-07-15 21:31",
  "predicted_mllw": 6.17,
  "surge_ft": 0.5220000000000002,
  "forecast_peak_mllw": 6.692,
  "peak_rain_in_hr": 0.0,
  "peak_rain_offset_h": null,
  "rain_window_3h": [
    [
      -2.5166666666666666,
      0.0
    ],
    [
      -1.5166666666666666,
      0.0
    ],
    [
      -0.5166666666666667,
      0.0
    ],
    [
      0.48333333333333334,
      0.0
    ],
    [
      1.4833333333333334,
      0.0
    ],
    [
      2.4833333333333334,
      0.0
    ]
  ],
  "source": "surge-persistence",
  "depths_in": {
    "grate_SW": 4.224000000000004,
    "grate_SE": 3.264000000000003,
    "corner_SE": 2.7840000000000025,
    "corner_SW": 2.7840000000000025,
    "grate_bay_ave_upstream": 2.7840000000000025,
    "gutter_walkway": 1.1040000000000063,
    "grate_NE": 0.8640000000000061,
    "grate_NW": 0.8640000000000061,
    "corner_NE": 0.0,
    "corner_NW": 0.0,
    "curb": 0.0,
    "sidewalk_under_walkway_lawn_step": 0.0,
    "road_middle": 0.0,
    "intersection_highpoint": 0.0,
    "lawn_step": 0.0,
    "porch_step_base": 0.0,
    "porch_step1_top": 0.0,
    "porch_deck": 0.0,
    "regime": "street"
  },
  "depths_in_wind_adjusted": null,
  "wind_adjustment": {
    "sector": "neither",
    "adjustment_ft": 0.0,
    "wind_dir_at_peak": "NW",
    "wind_speed_at_peak": "10 mph",
    "note": "Forecast wind at peak (NW at 10 mph) is cross-shore or unspecified \u2014 defaulting to main prediction (no wind adjustment)."
  },
  "hours_from_now": -3.0728757427777778
}