{
  "time": "2026-07-15 21:31",
  "predicted_mllw": 6.17,
  "surge_ft": 0.5347999999999997,
  "forecast_peak_mllw": 6.7048,
  "peak_rain_in_hr": 0.0,
  "peak_rain_offset_h": null,
  "rain_window_3h": [
    [
      -2.5166666666666666,
      0.0
    ],
    [
      -1.5166666666666666,
      0.0
    ],
    [
      -0.5166666666666667,
      0.0
    ],
    [
      0.48333333333333334,
      0.0
    ],
    [
      1.4833333333333334,
      0.0
    ],
    [
      2.4833333333333334,
      0.0
    ]
  ],
  "source": "surge-persistence",
  "depths_in": {
    "grate_SW": 4.3775999999999975,
    "grate_SE": 3.4175999999999966,
    "corner_SE": 2.937599999999996,
    "corner_SW": 2.937599999999996,
    "grate_bay_ave_upstream": 2.937599999999996,
    "gutter_walkway": 1.2576,
    "grate_NE": 1.0175999999999998,
    "grate_NW": 1.0175999999999998,
    "corner_NE": 0.0,
    "corner_NW": 0.0,
    "curb": 0.0,
    "sidewalk_under_walkway_lawn_step": 0.0,
    "road_middle": 0.0,
    "intersection_highpoint": 0.0,
    "lawn_step": 0.0,
    "porch_step_base": 0.0,
    "porch_step1_top": 0.0,
    "porch_deck": 0.0,
    "regime": "street"
  },
  "depths_in_wind_adjusted": null,
  "wind_adjustment": {
    "sector": "onshore",
    "adjustment_ft": 0.0,
    "wind_dir_at_peak": "N",
    "wind_speed_at_peak": "5 mph",
    "note": "Forecast wind at peak (N at 5 mph) is in the onshore sector \u2014 water gets piled into the bay corner where Highlands sits. Main prediction applies."
  },
  "hours_from_now": 44.94422996944445
}