{
  "time": "2026-07-09 15:39",
  "predicted_mllw": 5.414,
  "surge_ft": 1.5875,
  "forecast_peak_mllw": 7.0015,
  "peak_rain_in_hr": 0.0,
  "peak_rain_offset_h": null,
  "rain_window_3h": [
    [
      -2.65,
      0.0
    ],
    [
      -1.65,
      0.0
    ],
    [
      -0.65,
      0.0
    ],
    [
      0.35,
      0.0
    ],
    [
      1.35,
      0.0
    ],
    [
      2.35,
      0.0
    ]
  ],
  "source": "surge-persistence",
  "depths_in": {
    "grate_SW": 7.937999999999997,
    "grate_SE": 6.977999999999996,
    "corner_SE": 6.497999999999996,
    "corner_SW": 6.497999999999996,
    "grate_bay_ave_upstream": 6.497999999999996,
    "gutter_walkway": 4.818,
    "grate_NE": 4.577999999999999,
    "grate_NW": 4.577999999999999,
    "corner_NE": 3.2579999999999956,
    "corner_NW": 3.2579999999999956,
    "curb": 0.25799999999999557,
    "sidewalk_under_walkway_lawn_step": 0.0,
    "road_middle": 0.0,
    "intersection_highpoint": 0.0,
    "lawn_step": 0.0,
    "porch_step_base": 0.0,
    "porch_step1_top": 0.0,
    "porch_deck": 0.0,
    "regime": "light"
  },
  "depths_in_wind_adjusted": {
    "grate_SW": 6.378000000000009,
    "grate_SE": 5.418000000000008,
    "corner_SE": 4.938000000000008,
    "corner_SW": 4.938000000000008,
    "grate_bay_ave_upstream": 4.938000000000008,
    "gutter_walkway": 3.2580000000000116,
    "grate_NE": 3.0180000000000113,
    "grate_NW": 3.0180000000000113,
    "corner_NE": 1.6980000000000075,
    "corner_NW": 1.6980000000000075,
    "curb": 0.0,
    "sidewalk_under_walkway_lawn_step": 0.0,
    "road_middle": 0.0,
    "intersection_highpoint": 0.0,
    "lawn_step": 0.0,
    "porch_step_base": 0.0,
    "porch_step1_top": 0.0,
    "porch_deck": 0.0,
    "regime": "street"
  },
  "wind_adjustment": {
    "sector": "offshore",
    "adjustment_ft": -0.13,
    "wind_dir_at_peak": "S",
    "wind_speed_at_peak": "10 mph",
    "note": "Forecast wind at peak (S at 10 mph) is in the offshore sector \u2014 water at 342 Bay is typically ~1.6\" lower than the main prediction because bay-corner water is being pushed away from Highlands. Expect actual closer to this wind-adjusted estimate."
  },
  "hours_from_now": 66.97643819666666
}