{
  "time": "2026-07-09 15:39",
  "predicted_mllw": 5.414,
  "surge_ft": 1.4966000000000004,
  "forecast_peak_mllw": 6.9106000000000005,
  "peak_rain_in_hr": 0.0,
  "peak_rain_offset_h": null,
  "rain_window_3h": [
    [
      -2.65,
      0.0
    ],
    [
      -1.65,
      0.0
    ],
    [
      -0.65,
      0.0
    ],
    [
      0.35,
      0.0
    ],
    [
      1.35,
      0.0
    ],
    [
      2.35,
      0.0
    ]
  ],
  "source": "surge-persistence",
  "depths_in": {
    "grate_SW": 6.847200000000003,
    "grate_SE": 5.887200000000002,
    "corner_SE": 5.407200000000001,
    "corner_SW": 5.407200000000001,
    "grate_bay_ave_upstream": 5.407200000000001,
    "gutter_walkway": 3.727200000000005,
    "grate_NE": 3.487200000000005,
    "grate_NW": 3.487200000000005,
    "corner_NE": 2.167200000000001,
    "corner_NW": 2.167200000000001,
    "curb": 0.0,
    "sidewalk_under_walkway_lawn_step": 0.0,
    "road_middle": 0.0,
    "intersection_highpoint": 0.0,
    "lawn_step": 0.0,
    "porch_step_base": 0.0,
    "porch_step1_top": 0.0,
    "porch_deck": 0.0,
    "regime": "street"
  },
  "depths_in_wind_adjusted": {
    "grate_SW": 5.287200000000009,
    "grate_SE": 4.327200000000008,
    "corner_SE": 3.847200000000008,
    "corner_SW": 3.847200000000008,
    "grate_bay_ave_upstream": 3.847200000000008,
    "gutter_walkway": 2.167200000000012,
    "grate_NE": 1.9272000000000116,
    "grate_NW": 1.9272000000000116,
    "corner_NE": 0.6072000000000077,
    "corner_NW": 0.6072000000000077,
    "curb": 0.0,
    "sidewalk_under_walkway_lawn_step": 0.0,
    "road_middle": 0.0,
    "intersection_highpoint": 0.0,
    "lawn_step": 0.0,
    "porch_step_base": 0.0,
    "porch_step1_top": 0.0,
    "porch_deck": 0.0,
    "regime": "street"
  },
  "wind_adjustment": {
    "sector": "offshore",
    "adjustment_ft": -0.13,
    "wind_dir_at_peak": "S",
    "wind_speed_at_peak": "10 mph",
    "note": "Forecast wind at peak (S at 10 mph) is in the offshore sector \u2014 water at 342 Bay is typically ~1.6\" lower than the main prediction because bay-corner water is being pushed away from Highlands. Expect actual closer to this wind-adjusted estimate."
  },
  "hours_from_now": 56.38746909333333
}