{
  "time": "2026-07-09 15:39",
  "predicted_mllw": 5.414,
  "surge_ft": 1.588,
  "forecast_peak_mllw": 7.002,
  "peak_rain_in_hr": 0.0,
  "peak_rain_offset_h": null,
  "rain_window_3h": [],
  "source": "surge-persistence",
  "depths_in": {
    "grate_SW": 7.944000000000004,
    "grate_SE": 6.9840000000000035,
    "corner_SE": 6.504000000000003,
    "corner_SW": 6.504000000000003,
    "grate_bay_ave_upstream": 6.504000000000003,
    "gutter_walkway": 4.824000000000007,
    "grate_NE": 4.584000000000007,
    "grate_NW": 4.584000000000007,
    "corner_NE": 3.264000000000003,
    "corner_NW": 3.264000000000003,
    "curb": 0.2640000000000029,
    "sidewalk_under_walkway_lawn_step": 0.0,
    "road_middle": 0.0,
    "intersection_highpoint": 0.0,
    "lawn_step": 0.0,
    "porch_step_base": 0.0,
    "porch_step1_top": 0.0,
    "porch_deck": 0.0,
    "regime": "light"
  },
  "depths_in_wind_adjusted": {
    "grate_SW": 6.383999999999995,
    "grate_SE": 5.423999999999994,
    "corner_SE": 4.943999999999994,
    "corner_SW": 4.943999999999994,
    "grate_bay_ave_upstream": 4.943999999999994,
    "gutter_walkway": 3.2639999999999976,
    "grate_NE": 3.0239999999999974,
    "grate_NW": 3.0239999999999974,
    "corner_NE": 1.7039999999999935,
    "corner_NW": 1.7039999999999935,
    "curb": 0.0,
    "sidewalk_under_walkway_lawn_step": 0.0,
    "road_middle": 0.0,
    "intersection_highpoint": 0.0,
    "lawn_step": 0.0,
    "porch_step_base": 0.0,
    "porch_step1_top": 0.0,
    "porch_deck": 0.0,
    "regime": "street"
  },
  "wind_adjustment": {
    "sector": "offshore",
    "adjustment_ft": -0.13,
    "wind_dir_at_peak": "S",
    "wind_speed_at_peak": "10 mph",
    "note": "Forecast wind at peak (S at 10 mph) is in the offshore sector \u2014 water at 342 Bay is typically ~1.6\" lower than the main prediction because bay-corner water is being pushed away from Highlands. Expect actual closer to this wind-adjusted estimate."
  },
  "hours_from_now": 67.48009702583333
}