{
  "time": "2026-07-09 15:39",
  "predicted_mllw": 5.414,
  "surge_ft": 1.3226999999999998,
  "forecast_peak_mllw": 6.736699999999999,
  "peak_rain_in_hr": 0.0,
  "peak_rain_offset_h": null,
  "rain_window_3h": [
    [
      -2.65,
      0.0
    ],
    [
      -1.65,
      0.0
    ],
    [
      -0.65,
      0.0
    ],
    [
      0.35,
      0.0
    ],
    [
      1.35,
      0.0
    ],
    [
      2.35,
      0.0
    ]
  ],
  "source": "surge-persistence",
  "depths_in": {
    "grate_SW": 4.76039999999999,
    "grate_SE": 3.800399999999989,
    "corner_SE": 3.3203999999999887,
    "corner_SW": 3.3203999999999887,
    "grate_bay_ave_upstream": 3.3203999999999887,
    "gutter_walkway": 1.6403999999999925,
    "grate_NE": 1.4003999999999923,
    "grate_NW": 1.4003999999999923,
    "corner_NE": 0.08039999999998848,
    "corner_NW": 0.08039999999998848,
    "curb": 0.0,
    "sidewalk_under_walkway_lawn_step": 0.0,
    "road_middle": 0.0,
    "intersection_highpoint": 0.0,
    "lawn_step": 0.0,
    "porch_step_base": 0.0,
    "porch_step1_top": 0.0,
    "porch_deck": 0.0,
    "regime": "street"
  },
  "depths_in_wind_adjusted": {
    "grate_SW": 3.2003999999999913,
    "grate_SE": 2.2403999999999904,
    "corner_SE": 1.76039999999999,
    "corner_SW": 1.76039999999999,
    "grate_bay_ave_upstream": 1.76039999999999,
    "gutter_walkway": 0.08039999999999381,
    "grate_NE": 0.0,
    "grate_NW": 0.0,
    "corner_NE": 0.0,
    "corner_NW": 0.0,
    "curb": 0.0,
    "sidewalk_under_walkway_lawn_step": 0.0,
    "road_middle": 0.0,
    "intersection_highpoint": 0.0,
    "lawn_step": 0.0,
    "porch_step_base": 0.0,
    "porch_step1_top": 0.0,
    "porch_deck": 0.0,
    "regime": "street"
  },
  "wind_adjustment": {
    "sector": "offshore",
    "adjustment_ft": -0.13,
    "wind_dir_at_peak": "S",
    "wind_speed_at_peak": "10 mph",
    "note": "Forecast wind at peak (S at 10 mph) is in the offshore sector \u2014 water at 342 Bay is typically ~1.6\" lower than the main prediction because bay-corner water is being pushed away from Highlands. Expect actual closer to this wind-adjusted estimate."
  },
  "hours_from_now": 52.586320030833335
}