{
  "time": "2026-07-09 15:39",
  "predicted_mllw": 5.414,
  "surge_ft": 1.5908000000000002,
  "forecast_peak_mllw": 7.0047999999999995,
  "peak_rain_in_hr": 0.0,
  "peak_rain_offset_h": null,
  "rain_window_3h": [
    [
      -2.65,
      0.0
    ],
    [
      -1.65,
      0.0
    ],
    [
      -0.65,
      0.0
    ],
    [
      0.35,
      0.0
    ],
    [
      1.35,
      0.0
    ],
    [
      2.35,
      0.0
    ]
  ],
  "source": "surge-persistence",
  "depths_in": {
    "grate_SW": 7.97759999999999,
    "grate_SE": 7.017599999999989,
    "corner_SE": 6.537599999999989,
    "corner_SW": 6.537599999999989,
    "grate_bay_ave_upstream": 6.537599999999989,
    "gutter_walkway": 4.857599999999993,
    "grate_NE": 4.617599999999992,
    "grate_NW": 4.617599999999992,
    "corner_NE": 3.2975999999999885,
    "corner_NW": 3.2975999999999885,
    "curb": 0.29759999999998854,
    "sidewalk_under_walkway_lawn_step": 0.0,
    "road_middle": 0.0,
    "intersection_highpoint": 0.0,
    "lawn_step": 0.0,
    "porch_step_base": 0.0,
    "porch_step1_top": 0.0,
    "porch_deck": 0.0,
    "regime": "light"
  },
  "depths_in_wind_adjusted": {
    "grate_SW": 6.417600000000002,
    "grate_SE": 5.457600000000001,
    "corner_SE": 4.977600000000001,
    "corner_SW": 4.977600000000001,
    "grate_bay_ave_upstream": 4.977600000000001,
    "gutter_walkway": 3.2976000000000045,
    "grate_NE": 3.0576000000000043,
    "grate_NW": 3.0576000000000043,
    "corner_NE": 1.7376000000000005,
    "corner_NW": 1.7376000000000005,
    "curb": 0.0,
    "sidewalk_under_walkway_lawn_step": 0.0,
    "road_middle": 0.0,
    "intersection_highpoint": 0.0,
    "lawn_step": 0.0,
    "porch_step_base": 0.0,
    "porch_step1_top": 0.0,
    "porch_deck": 0.0,
    "regime": "street"
  },
  "wind_adjustment": {
    "sector": "offshore",
    "adjustment_ft": -0.13,
    "wind_dir_at_peak": "S",
    "wind_speed_at_peak": "10 mph",
    "note": "Forecast wind at peak (S at 10 mph) is in the offshore sector \u2014 water at 342 Bay is typically ~1.6\" lower than the main prediction because bay-corner water is being pushed away from Highlands. Expect actual closer to this wind-adjusted estimate."
  },
  "hours_from_now": 66.08364224555555
}