{
  "time": "2026-07-09 15:39",
  "predicted_mllw": 5.414,
  "surge_ft": 1.3925,
  "forecast_peak_mllw": 6.8065,
  "peak_rain_in_hr": 0.0,
  "peak_rain_offset_h": null,
  "rain_window_3h": [
    [
      -2.65,
      0.0
    ],
    [
      -1.65,
      0.0
    ],
    [
      -0.65,
      0.0
    ],
    [
      0.35,
      0.0
    ],
    [
      1.35,
      0.0
    ],
    [
      2.35,
      0.0
    ]
  ],
  "source": "surge-persistence",
  "depths_in": {
    "grate_SW": 5.597999999999999,
    "grate_SE": 4.637999999999998,
    "corner_SE": 4.157999999999998,
    "corner_SW": 4.157999999999998,
    "grate_bay_ave_upstream": 4.157999999999998,
    "gutter_walkway": 2.4780000000000015,
    "grate_NE": 2.2380000000000013,
    "grate_NW": 2.2380000000000013,
    "corner_NE": 0.9179999999999975,
    "corner_NW": 0.9179999999999975,
    "curb": 0.0,
    "sidewalk_under_walkway_lawn_step": 0.0,
    "road_middle": 0.0,
    "intersection_highpoint": 0.0,
    "lawn_step": 0.0,
    "porch_step_base": 0.0,
    "porch_step1_top": 0.0,
    "porch_deck": 0.0,
    "regime": "street"
  },
  "depths_in_wind_adjusted": {
    "grate_SW": 4.038,
    "grate_SE": 3.0779999999999994,
    "corner_SE": 2.597999999999999,
    "corner_SW": 2.597999999999999,
    "grate_bay_ave_upstream": 2.597999999999999,
    "gutter_walkway": 0.9180000000000028,
    "grate_NE": 0.6780000000000026,
    "grate_NW": 0.6780000000000026,
    "corner_NE": 0.0,
    "corner_NW": 0.0,
    "curb": 0.0,
    "sidewalk_under_walkway_lawn_step": 0.0,
    "road_middle": 0.0,
    "intersection_highpoint": 0.0,
    "lawn_step": 0.0,
    "porch_step_base": 0.0,
    "porch_step1_top": 0.0,
    "porch_deck": 0.0,
    "regime": "street"
  },
  "wind_adjustment": {
    "sector": "offshore",
    "adjustment_ft": -0.13,
    "wind_dir_at_peak": "S",
    "wind_speed_at_peak": "10 mph",
    "note": "Forecast wind at peak (S at 10 mph) is in the offshore sector \u2014 water at 342 Bay is typically ~1.6\" lower than the main prediction because bay-corner water is being pushed away from Highlands. Expect actual closer to this wind-adjusted estimate."
  },
  "hours_from_now": 62.02355381277778
}