{
  "time": "2026-07-09 15:39",
  "predicted_mllw": 5.414,
  "surge_ft": 1.5917000000000003,
  "forecast_peak_mllw": 7.0057,
  "peak_rain_in_hr": 0.0,
  "peak_rain_offset_h": null,
  "rain_window_3h": [
    [
      -2.65,
      0.0
    ],
    [
      -1.65,
      0.0
    ],
    [
      -0.65,
      0.0
    ],
    [
      0.35,
      0.0
    ],
    [
      1.35,
      0.0
    ],
    [
      2.35,
      0.0
    ]
  ],
  "source": "surge-persistence",
  "depths_in": {
    "grate_SW": 7.9884000000000075,
    "grate_SE": 7.028400000000007,
    "corner_SE": 6.548400000000006,
    "corner_SW": 6.548400000000006,
    "grate_bay_ave_upstream": 6.548400000000006,
    "gutter_walkway": 4.86840000000001,
    "grate_NE": 4.62840000000001,
    "grate_NW": 4.62840000000001,
    "corner_NE": 3.308400000000006,
    "corner_NW": 3.308400000000006,
    "curb": 0.308400000000006,
    "sidewalk_under_walkway_lawn_step": 0.0,
    "road_middle": 0.0,
    "intersection_highpoint": 0.0,
    "lawn_step": 0.0,
    "porch_step_base": 0.0,
    "porch_step1_top": 0.0,
    "porch_deck": 0.0,
    "regime": "light"
  },
  "depths_in_wind_adjusted": {
    "grate_SW": 6.428399999999998,
    "grate_SE": 5.468399999999997,
    "corner_SE": 4.988399999999997,
    "corner_SW": 4.988399999999997,
    "grate_bay_ave_upstream": 4.988399999999997,
    "gutter_walkway": 3.3084000000000007,
    "grate_NE": 3.0684000000000005,
    "grate_NW": 3.0684000000000005,
    "corner_NE": 1.7483999999999966,
    "corner_NW": 1.7483999999999966,
    "curb": 0.0,
    "sidewalk_under_walkway_lawn_step": 0.0,
    "road_middle": 0.0,
    "intersection_highpoint": 0.0,
    "lawn_step": 0.0,
    "porch_step_base": 0.0,
    "porch_step1_top": 0.0,
    "porch_deck": 0.0,
    "regime": "street"
  },
  "wind_adjustment": {
    "sector": "offshore",
    "adjustment_ft": -0.13,
    "wind_dir_at_peak": "S",
    "wind_speed_at_peak": "10 mph",
    "note": "Forecast wind at peak (S at 10 mph) is in the offshore sector \u2014 water at 342 Bay is typically ~1.6\" lower than the main prediction because bay-corner water is being pushed away from Highlands. Expect actual closer to this wind-adjusted estimate."
  },
  "hours_from_now": 67.18220080694445
}