{
  "time": "2026-07-09 15:39",
  "predicted_mllw": 5.414,
  "surge_ft": 1.4788000000000006,
  "forecast_peak_mllw": 6.8928,
  "peak_rain_in_hr": 0.0,
  "peak_rain_offset_h": null,
  "rain_window_3h": [
    [
      -2.65,
      0.0
    ],
    [
      -1.65,
      0.0
    ],
    [
      -0.65,
      0.0
    ],
    [
      0.35,
      0.0
    ],
    [
      1.35,
      0.0
    ],
    [
      2.35,
      0.0
    ]
  ],
  "source": "surge-persistence",
  "depths_in": {
    "grate_SW": 6.63360000000001,
    "grate_SE": 5.673600000000009,
    "corner_SE": 5.193600000000009,
    "corner_SW": 5.193600000000009,
    "grate_bay_ave_upstream": 5.193600000000009,
    "gutter_walkway": 3.5136000000000127,
    "grate_NE": 3.2736000000000125,
    "grate_NW": 3.2736000000000125,
    "corner_NE": 1.9536000000000087,
    "corner_NW": 1.9536000000000087,
    "curb": 0.0,
    "sidewalk_under_walkway_lawn_step": 0.0,
    "road_middle": 0.0,
    "intersection_highpoint": 0.0,
    "lawn_step": 0.0,
    "porch_step_base": 0.0,
    "porch_step1_top": 0.0,
    "porch_deck": 0.0,
    "regime": "street"
  },
  "depths_in_wind_adjusted": {
    "grate_SW": 5.073600000000006,
    "grate_SE": 4.113600000000005,
    "corner_SE": 3.633600000000005,
    "corner_SW": 3.633600000000005,
    "grate_bay_ave_upstream": 3.633600000000005,
    "gutter_walkway": 1.9536000000000087,
    "grate_NE": 1.7136000000000084,
    "grate_NW": 1.7136000000000084,
    "corner_NE": 0.3936000000000046,
    "corner_NW": 0.3936000000000046,
    "curb": 0.0,
    "sidewalk_under_walkway_lawn_step": 0.0,
    "road_middle": 0.0,
    "intersection_highpoint": 0.0,
    "lawn_step": 0.0,
    "porch_step_base": 0.0,
    "porch_step1_top": 0.0,
    "porch_deck": 0.0,
    "regime": "street"
  },
  "wind_adjustment": {
    "sector": "offshore",
    "adjustment_ft": -0.13,
    "wind_dir_at_peak": "S",
    "wind_speed_at_peak": "10 mph",
    "note": "Forecast wind at peak (S at 10 mph) is in the offshore sector \u2014 water at 342 Bay is typically ~1.6\" lower than the main prediction because bay-corner water is being pushed away from Highlands. Expect actual closer to this wind-adjusted estimate."
  },
  "hours_from_now": 58.273586811111116
}