{
  "time": "2026-07-09 15:39",
  "predicted_mllw": 5.414,
  "surge_ft": 1.5599999999999998,
  "forecast_peak_mllw": 6.973999999999999,
  "peak_rain_in_hr": 0.0,
  "peak_rain_offset_h": null,
  "rain_window_3h": [
    [
      -2.65,
      0.0
    ],
    [
      -1.65,
      0.0
    ],
    [
      -0.65,
      0.0
    ],
    [
      0.35,
      0.0
    ],
    [
      1.35,
      0.0
    ],
    [
      2.35,
      0.0
    ]
  ],
  "source": "surge-persistence",
  "depths_in": {
    "grate_SW": 7.607999999999999,
    "grate_SE": 6.647999999999998,
    "corner_SE": 6.1679999999999975,
    "corner_SW": 6.1679999999999975,
    "grate_bay_ave_upstream": 6.1679999999999975,
    "gutter_walkway": 4.488000000000001,
    "grate_NE": 4.248000000000001,
    "grate_NW": 4.248000000000001,
    "corner_NE": 2.9279999999999973,
    "corner_NW": 2.9279999999999973,
    "curb": 0.0,
    "sidewalk_under_walkway_lawn_step": 0.0,
    "road_middle": 0.0,
    "intersection_highpoint": 0.0,
    "lawn_step": 0.0,
    "porch_step_base": 0.0,
    "porch_step1_top": 0.0,
    "porch_deck": 0.0,
    "regime": "street"
  },
  "depths_in_wind_adjusted": {
    "grate_SW": 6.047999999999989,
    "grate_SE": 5.0879999999999885,
    "corner_SE": 4.607999999999988,
    "corner_SW": 4.607999999999988,
    "grate_bay_ave_upstream": 4.607999999999988,
    "gutter_walkway": 2.927999999999992,
    "grate_NE": 2.6879999999999917,
    "grate_NW": 2.6879999999999917,
    "corner_NE": 1.367999999999988,
    "corner_NW": 1.367999999999988,
    "curb": 0.0,
    "sidewalk_under_walkway_lawn_step": 0.0,
    "road_middle": 0.0,
    "intersection_highpoint": 0.0,
    "lawn_step": 0.0,
    "porch_step_base": 0.0,
    "porch_step1_top": 0.0,
    "porch_deck": 0.0,
    "regime": "street"
  },
  "wind_adjustment": {
    "sector": "offshore",
    "adjustment_ft": -0.13,
    "wind_dir_at_peak": "S",
    "wind_speed_at_peak": "10 mph",
    "note": "Forecast wind at peak (S at 10 mph) is in the offshore sector \u2014 water at 342 Bay is typically ~1.6\" lower than the main prediction because bay-corner water is being pushed away from Highlands. Expect actual closer to this wind-adjusted estimate."
  },
  "hours_from_now": 54.46868995611111
}