{
  "time": "2026-07-09 15:39",
  "predicted_mllw": 5.414,
  "surge_ft": 4.284800000000001,
  "forecast_peak_mllw": 9.6988,
  "peak_rain_in_hr": 0.12000000000000001,
  "peak_rain_offset_h": -0.65,
  "rain_window_3h": [
    [
      -2.65,
      0.008333333333333333
    ],
    [
      -1.65,
      0.12000000000000001
    ],
    [
      -0.65,
      0.12000000000000001
    ],
    [
      0.35,
      0.12000000000000001
    ],
    [
      1.35,
      0.12000000000000001
    ],
    [
      2.35,
      0.12000000000000001
    ]
  ],
  "source": "surge-persistence",
  "depths_in": {
    "grate_SW": 41.26101838827509,
    "grate_SE": 40.30101838827509,
    "corner_SE": 39.82101838827509,
    "corner_SW": 39.82101838827509,
    "grate_bay_ave_upstream": 39.82101838827509,
    "gutter_walkway": 38.14101838827509,
    "grate_NE": 37.90101838827509,
    "grate_NW": 37.90101838827509,
    "corner_NE": 36.58101838827509,
    "corner_NW": 36.58101838827509,
    "curb": 33.58101838827509,
    "sidewalk_under_walkway_lawn_step": 31.54101838827509,
    "road_middle": 31.18101838827509,
    "intersection_highpoint": 29.021018388275092,
    "lawn_step": 27.58101838827509,
    "porch_step_base": 27.341018388275096,
    "porch_step1_top": 18.58101838827509,
    "porch_deck": 0.0,
    "regime": "severe"
  },
  "depths_in_wind_adjusted": {
    "grate_SW": 39.70101838827508,
    "grate_SE": 38.74101838827508,
    "corner_SE": 38.26101838827508,
    "corner_SW": 38.26101838827508,
    "grate_bay_ave_upstream": 38.26101838827508,
    "gutter_walkway": 36.58101838827508,
    "grate_NE": 36.34101838827509,
    "grate_NW": 36.34101838827509,
    "corner_NE": 35.02101838827508,
    "corner_NW": 35.02101838827508,
    "curb": 32.02101838827508,
    "sidewalk_under_walkway_lawn_step": 29.981018388275082,
    "road_middle": 29.62101838827508,
    "intersection_highpoint": 27.461018388275082,
    "lawn_step": 26.02101838827508,
    "porch_step_base": 25.781018388275086,
    "porch_step1_top": 17.02101838827508,
    "porch_deck": 0.0,
    "regime": "severe"
  },
  "wind_adjustment": {
    "sector": "offshore",
    "adjustment_ft": -0.13,
    "wind_dir_at_peak": "S",
    "wind_speed_at_peak": "10 mph",
    "note": "Forecast wind at peak (S at 10 mph) is in the offshore sector \u2014 water at 342 Bay is typically ~1.6\" lower than the main prediction because bay-corner water is being pushed away from Highlands. Expect actual closer to this wind-adjusted estimate."
  },
  "hours_from_now": -3.9178706922222224
}