{
  "time": "2026-07-09 15:39",
  "predicted_mllw": 5.414,
  "surge_ft": 1.6043999999999998,
  "forecast_peak_mllw": 7.0184,
  "peak_rain_in_hr": 0.0,
  "peak_rain_offset_h": null,
  "rain_window_3h": [
    [
      -2.65,
      0.0
    ],
    [
      -1.65,
      0.0
    ],
    [
      -0.65,
      0.0
    ],
    [
      0.35,
      0.0
    ],
    [
      1.35,
      0.0
    ],
    [
      2.35,
      0.0
    ]
  ],
  "source": "surge-persistence",
  "depths_in": {
    "grate_SW": 8.140799999999993,
    "grate_SE": 7.1807999999999925,
    "corner_SE": 6.700799999999992,
    "corner_SW": 6.700799999999992,
    "grate_bay_ave_upstream": 6.700799999999992,
    "gutter_walkway": 5.020799999999996,
    "grate_NE": 4.780799999999996,
    "grate_NW": 4.780799999999996,
    "corner_NE": 3.460799999999992,
    "corner_NW": 3.460799999999992,
    "curb": 0.4607999999999919,
    "sidewalk_under_walkway_lawn_step": 0.0,
    "road_middle": 0.0,
    "intersection_highpoint": 0.0,
    "lawn_step": 0.0,
    "porch_step_base": 0.0,
    "porch_step1_top": 0.0,
    "porch_deck": 0.0,
    "regime": "light"
  },
  "depths_in_wind_adjusted": {
    "grate_SW": 6.580800000000005,
    "grate_SE": 5.6208000000000045,
    "corner_SE": 5.140800000000004,
    "corner_SW": 5.140800000000004,
    "grate_bay_ave_upstream": 5.140800000000004,
    "gutter_walkway": 3.460800000000008,
    "grate_NE": 3.2208000000000077,
    "grate_NW": 3.2208000000000077,
    "corner_NE": 1.9008000000000038,
    "corner_NW": 1.9008000000000038,
    "curb": 0.0,
    "sidewalk_under_walkway_lawn_step": 0.0,
    "road_middle": 0.0,
    "intersection_highpoint": 0.0,
    "lawn_step": 0.0,
    "porch_step_base": 0.0,
    "porch_step1_top": 0.0,
    "porch_deck": 0.0,
    "regime": "street"
  },
  "wind_adjustment": {
    "sector": "offshore",
    "adjustment_ft": -0.13,
    "wind_dir_at_peak": "S",
    "wind_speed_at_peak": "10 mph",
    "note": "Forecast wind at peak (S at 10 mph) is in the offshore sector \u2014 water at 342 Bay is typically ~1.6\" lower than the main prediction because bay-corner water is being pushed away from Highlands. Expect actual closer to this wind-adjusted estimate."
  },
  "hours_from_now": 65.36850170777778
}