{
  "time": "2026-07-14 20:39",
  "predicted_mllw": 6.288,
  "surge_ft": 0.8123999999999993,
  "forecast_peak_mllw": 7.1004,
  "peak_rain_in_hr": 0.0,
  "peak_rain_offset_h": null,
  "rain_window_3h": [
    [
      -2.65,
      0.0
    ],
    [
      -1.65,
      0.0
    ],
    [
      -0.65,
      0.0
    ],
    [
      0.35,
      0.0
    ],
    [
      1.35,
      0.0
    ],
    [
      2.35,
      0.0
    ]
  ],
  "source": "surge-persistence",
  "depths_in": {
    "grate_SW": 9.124800000000002,
    "grate_SE": 8.164800000000001,
    "corner_SE": 7.684800000000001,
    "corner_SW": 7.684800000000001,
    "grate_bay_ave_upstream": 7.684800000000001,
    "gutter_walkway": 6.004800000000005,
    "grate_NE": 5.764800000000005,
    "grate_NW": 5.764800000000005,
    "corner_NE": 4.444800000000001,
    "corner_NW": 4.444800000000001,
    "curb": 1.4448000000000008,
    "sidewalk_under_walkway_lawn_step": 0.0,
    "road_middle": 0.0,
    "intersection_highpoint": 0.0,
    "lawn_step": 0.0,
    "porch_step_base": 0.0,
    "porch_step1_top": 0.0,
    "porch_deck": 0.0,
    "regime": "light"
  },
  "depths_in_wind_adjusted": {
    "grate_SW": 7.564799999999993,
    "grate_SE": 6.604799999999992,
    "corner_SE": 6.124799999999992,
    "corner_SW": 6.124799999999992,
    "grate_bay_ave_upstream": 6.124799999999992,
    "gutter_walkway": 4.444799999999995,
    "grate_NE": 4.204799999999995,
    "grate_NW": 4.204799999999995,
    "corner_NE": 2.8847999999999914,
    "corner_NW": 2.8847999999999914,
    "curb": 0.0,
    "sidewalk_under_walkway_lawn_step": 0.0,
    "road_middle": 0.0,
    "intersection_highpoint": 0.0,
    "lawn_step": 0.0,
    "porch_step_base": 0.0,
    "porch_step1_top": 0.0,
    "porch_deck": 0.0,
    "regime": "street"
  },
  "wind_adjustment": {
    "sector": "offshore",
    "adjustment_ft": -0.13,
    "wind_dir_at_peak": "SW",
    "wind_speed_at_peak": "10 mph",
    "note": "Forecast wind at peak (SW at 10 mph) is in the offshore sector \u2014 water at 342 Bay is typically ~1.6\" lower than the main prediction because bay-corner water is being pushed away from Highlands. Expect actual closer to this wind-adjusted estimate."
  },
  "hours_from_now": 47.33873234888889
}