{
  "time": "2026-07-14 20:39",
  "predicted_mllw": 6.288,
  "surge_ft": 0.5347999999999997,
  "forecast_peak_mllw": 6.8228,
  "peak_rain_in_hr": 0.0,
  "peak_rain_offset_h": null,
  "rain_window_3h": [
    [
      -2.65,
      0.0
    ],
    [
      -1.65,
      0.0
    ],
    [
      -0.65,
      0.0
    ],
    [
      0.35,
      0.0
    ],
    [
      1.35,
      0.0
    ],
    [
      2.35,
      0.0
    ]
  ],
  "source": "surge-persistence",
  "depths_in": {
    "grate_SW": 5.793600000000007,
    "grate_SE": 4.833600000000006,
    "corner_SE": 4.3536000000000055,
    "corner_SW": 4.3536000000000055,
    "grate_bay_ave_upstream": 4.3536000000000055,
    "gutter_walkway": 2.6736000000000093,
    "grate_NE": 2.433600000000009,
    "grate_NW": 2.433600000000009,
    "corner_NE": 1.1136000000000053,
    "corner_NW": 1.1136000000000053,
    "curb": 0.0,
    "sidewalk_under_walkway_lawn_step": 0.0,
    "road_middle": 0.0,
    "intersection_highpoint": 0.0,
    "lawn_step": 0.0,
    "porch_step_base": 0.0,
    "porch_step1_top": 0.0,
    "porch_deck": 0.0,
    "regime": "street"
  },
  "depths_in_wind_adjusted": {
    "grate_SW": 4.233600000000003,
    "grate_SE": 3.273600000000002,
    "corner_SE": 2.7936000000000014,
    "corner_SW": 2.7936000000000014,
    "grate_bay_ave_upstream": 2.7936000000000014,
    "gutter_walkway": 1.1136000000000053,
    "grate_NE": 0.873600000000005,
    "grate_NW": 0.873600000000005,
    "corner_NE": 0.0,
    "corner_NW": 0.0,
    "curb": 0.0,
    "sidewalk_under_walkway_lawn_step": 0.0,
    "road_middle": 0.0,
    "intersection_highpoint": 0.0,
    "lawn_step": 0.0,
    "porch_step_base": 0.0,
    "porch_step1_top": 0.0,
    "porch_deck": 0.0,
    "regime": "street"
  },
  "wind_adjustment": {
    "sector": "offshore",
    "adjustment_ft": -0.13,
    "wind_dir_at_peak": "SW",
    "wind_speed_at_peak": "15 mph",
    "note": "Forecast wind at peak (SW at 15 mph) is in the offshore sector \u2014 water at 342 Bay is typically ~1.6\" lower than the main prediction because bay-corner water is being pushed away from Highlands. Expect actual closer to this wind-adjusted estimate."
  },
  "hours_from_now": 20.077563440277775
}