{
  "time": "2026-07-14 20:39",
  "predicted_mllw": 6.288,
  "surge_ft": 0.6525999999999998,
  "forecast_peak_mllw": 6.9406,
  "peak_rain_in_hr": 0.0,
  "peak_rain_offset_h": null,
  "rain_window_3h": [
    [
      -2.65,
      0.0
    ],
    [
      -1.65,
      0.0
    ],
    [
      -0.65,
      0.0
    ],
    [
      0.35,
      0.0
    ],
    [
      1.35,
      0.0
    ],
    [
      2.35,
      0.0
    ]
  ],
  "source": "surge-persistence",
  "depths_in": {
    "grate_SW": 7.207199999999995,
    "grate_SE": 6.247199999999994,
    "corner_SE": 5.767199999999994,
    "corner_SW": 5.767199999999994,
    "grate_bay_ave_upstream": 5.767199999999994,
    "gutter_walkway": 4.0871999999999975,
    "grate_NE": 3.8471999999999973,
    "grate_NW": 3.8471999999999973,
    "corner_NE": 2.5271999999999935,
    "corner_NW": 2.5271999999999935,
    "curb": 0.0,
    "sidewalk_under_walkway_lawn_step": 0.0,
    "road_middle": 0.0,
    "intersection_highpoint": 0.0,
    "lawn_step": 0.0,
    "porch_step_base": 0.0,
    "porch_step1_top": 0.0,
    "porch_deck": 0.0,
    "regime": "street"
  },
  "depths_in_wind_adjusted": {
    "grate_SW": 5.6472000000000016,
    "grate_SE": 4.687200000000001,
    "corner_SE": 4.2072,
    "corner_SW": 4.2072,
    "grate_bay_ave_upstream": 4.2072,
    "gutter_walkway": 2.527200000000004,
    "grate_NE": 2.287200000000004,
    "grate_NW": 2.287200000000004,
    "corner_NE": 0.9672000000000001,
    "corner_NW": 0.9672000000000001,
    "curb": 0.0,
    "sidewalk_under_walkway_lawn_step": 0.0,
    "road_middle": 0.0,
    "intersection_highpoint": 0.0,
    "lawn_step": 0.0,
    "porch_step_base": 0.0,
    "porch_step1_top": 0.0,
    "porch_deck": 0.0,
    "regime": "street"
  },
  "wind_adjustment": {
    "sector": "offshore",
    "adjustment_ft": -0.13,
    "wind_dir_at_peak": "SW",
    "wind_speed_at_peak": "5 mph",
    "note": "Forecast wind at peak (SW at 5 mph) is in the offshore sector \u2014 water at 342 Bay is typically ~1.6\" lower than the main prediction because bay-corner water is being pushed away from Highlands. Expect actual closer to this wind-adjusted estimate."
  },
  "hours_from_now": 54.11585907138889
}