{
  "time": "2026-07-14 20:39",
  "predicted_mllw": 6.288,
  "surge_ft": 0.6276000000000002,
  "forecast_peak_mllw": 6.9156,
  "peak_rain_in_hr": 0.0,
  "peak_rain_offset_h": null,
  "rain_window_3h": [
    [
      -2.65,
      0.0
    ],
    [
      -1.65,
      0.0
    ],
    [
      -0.65,
      0.0
    ],
    [
      0.35,
      0.0
    ],
    [
      1.35,
      0.0
    ],
    [
      2.35,
      0.0
    ]
  ],
  "source": "surge-persistence",
  "depths_in": {
    "grate_SW": 6.907200000000012,
    "grate_SE": 5.947200000000011,
    "corner_SE": 5.467200000000011,
    "corner_SW": 5.467200000000011,
    "grate_bay_ave_upstream": 5.467200000000011,
    "gutter_walkway": 3.7872000000000146,
    "grate_NE": 3.5472000000000143,
    "grate_NW": 3.5472000000000143,
    "corner_NE": 2.2272000000000105,
    "corner_NW": 2.2272000000000105,
    "curb": 0.0,
    "sidewalk_under_walkway_lawn_step": 0.0,
    "road_middle": 0.0,
    "intersection_highpoint": 0.0,
    "lawn_step": 0.0,
    "porch_step_base": 0.0,
    "porch_step1_top": 0.0,
    "porch_deck": 0.0,
    "regime": "street"
  },
  "depths_in_wind_adjusted": {
    "grate_SW": 5.347200000000008,
    "grate_SE": 4.387200000000007,
    "corner_SE": 3.9072000000000067,
    "corner_SW": 3.9072000000000067,
    "grate_bay_ave_upstream": 3.9072000000000067,
    "gutter_walkway": 2.2272000000000105,
    "grate_NE": 1.9872000000000103,
    "grate_NW": 1.9872000000000103,
    "corner_NE": 0.6672000000000065,
    "corner_NW": 0.6672000000000065,
    "curb": 0.0,
    "sidewalk_under_walkway_lawn_step": 0.0,
    "road_middle": 0.0,
    "intersection_highpoint": 0.0,
    "lawn_step": 0.0,
    "porch_step_base": 0.0,
    "porch_step1_top": 0.0,
    "porch_deck": 0.0,
    "regime": "street"
  },
  "wind_adjustment": {
    "sector": "offshore",
    "adjustment_ft": -0.13,
    "wind_dir_at_peak": "SW",
    "wind_speed_at_peak": "15 mph",
    "note": "Forecast wind at peak (SW at 15 mph) is in the offshore sector \u2014 water at 342 Bay is typically ~1.6\" lower than the main prediction because bay-corner water is being pushed away from Highlands. Expect actual closer to this wind-adjusted estimate."
  },
  "hours_from_now": 22.29971960416667
}