{
  "time": "2026-07-14 20:39",
  "predicted_mllw": 6.288,
  "surge_ft": 0.7506999999999997,
  "forecast_peak_mllw": 7.0387,
  "peak_rain_in_hr": 0.0,
  "peak_rain_offset_h": null,
  "rain_window_3h": [
    [
      -2.65,
      0.0
    ],
    [
      -1.65,
      0.0
    ],
    [
      -0.65,
      0.0
    ],
    [
      0.35,
      0.0
    ],
    [
      1.35,
      0.0
    ],
    [
      2.35,
      0.0
    ]
  ],
  "source": "surge-persistence",
  "depths_in": {
    "grate_SW": 8.384400000000001,
    "grate_SE": 7.4244,
    "corner_SE": 6.9444,
    "corner_SW": 6.9444,
    "grate_bay_ave_upstream": 6.9444,
    "gutter_walkway": 5.264400000000004,
    "grate_NE": 5.0244000000000035,
    "grate_NW": 5.0244000000000035,
    "corner_NE": 3.7043999999999997,
    "corner_NW": 3.7043999999999997,
    "curb": 0.7043999999999997,
    "sidewalk_under_walkway_lawn_step": 0.0,
    "road_middle": 0.0,
    "intersection_highpoint": 0.0,
    "lawn_step": 0.0,
    "porch_step_base": 0.0,
    "porch_step1_top": 0.0,
    "porch_deck": 0.0,
    "regime": "light"
  },
  "depths_in_wind_adjusted": {
    "grate_SW": 6.824400000000013,
    "grate_SE": 5.864400000000012,
    "corner_SE": 5.384400000000012,
    "corner_SW": 5.384400000000012,
    "grate_bay_ave_upstream": 5.384400000000012,
    "gutter_walkway": 3.7044000000000157,
    "grate_NE": 3.4644000000000155,
    "grate_NW": 3.4644000000000155,
    "corner_NE": 2.1444000000000116,
    "corner_NW": 2.1444000000000116,
    "curb": 0.0,
    "sidewalk_under_walkway_lawn_step": 0.0,
    "road_middle": 0.0,
    "intersection_highpoint": 0.0,
    "lawn_step": 0.0,
    "porch_step_base": 0.0,
    "porch_step1_top": 0.0,
    "porch_deck": 0.0,
    "regime": "street"
  },
  "wind_adjustment": {
    "sector": "offshore",
    "adjustment_ft": -0.13,
    "wind_dir_at_peak": "SW",
    "wind_speed_at_peak": "15 mph",
    "note": "Forecast wind at peak (SW at 15 mph) is in the offshore sector \u2014 water at 342 Bay is typically ~1.6\" lower than the main prediction because bay-corner water is being pushed away from Highlands. Expect actual closer to this wind-adjusted estimate."
  },
  "hours_from_now": 24.166583477222222
}