{
  "time": "2026-07-14 20:39",
  "predicted_mllw": 6.288,
  "surge_ft": 0.8479999999999999,
  "forecast_peak_mllw": 7.136,
  "peak_rain_in_hr": 0.0,
  "peak_rain_offset_h": null,
  "rain_window_3h": [
    [
      -2.65,
      0.0
    ],
    [
      -1.65,
      0.0
    ]
  ],
  "source": "surge-persistence",
  "depths_in": {
    "grate_SW": 9.552000000000008,
    "grate_SE": 8.592000000000008,
    "corner_SE": 8.112000000000007,
    "corner_SW": 8.112000000000007,
    "grate_bay_ave_upstream": 8.112000000000007,
    "gutter_walkway": 6.432000000000011,
    "grate_NE": 6.192000000000011,
    "grate_NW": 6.192000000000011,
    "corner_NE": 4.872000000000007,
    "corner_NW": 4.872000000000007,
    "curb": 1.872000000000007,
    "sidewalk_under_walkway_lawn_step": 0.0,
    "road_middle": 0.0,
    "intersection_highpoint": 0.0,
    "lawn_step": 0.0,
    "porch_step_base": 0.0,
    "porch_step1_top": 0.0,
    "porch_deck": 0.0,
    "regime": "light"
  },
  "depths_in_wind_adjusted": {
    "grate_SW": 7.991999999999999,
    "grate_SE": 7.031999999999998,
    "corner_SE": 6.551999999999998,
    "corner_SW": 6.551999999999998,
    "grate_bay_ave_upstream": 6.551999999999998,
    "gutter_walkway": 4.872000000000002,
    "grate_NE": 4.6320000000000014,
    "grate_NW": 4.6320000000000014,
    "corner_NE": 3.3119999999999976,
    "corner_NW": 3.3119999999999976,
    "curb": 0.3119999999999976,
    "sidewalk_under_walkway_lawn_step": 0.0,
    "road_middle": 0.0,
    "intersection_highpoint": 0.0,
    "lawn_step": 0.0,
    "porch_step_base": 0.0,
    "porch_step1_top": 0.0,
    "porch_deck": 0.0,
    "regime": "light"
  },
  "wind_adjustment": {
    "sector": "offshore",
    "adjustment_ft": -0.13,
    "wind_dir_at_peak": "SW",
    "wind_speed_at_peak": "15 mph",
    "note": "Forecast wind at peak (SW at 15 mph) is in the offshore sector \u2014 water at 342 Bay is typically ~1.6\" lower than the main prediction because bay-corner water is being pushed away from Highlands. Expect actual closer to this wind-adjusted estimate."
  },
  "hours_from_now": 67.04196596416666
}