{
  "time": "2026-07-14 20:39",
  "predicted_mllw": 6.288,
  "surge_ft": 0.827,
  "forecast_peak_mllw": 7.115,
  "peak_rain_in_hr": 0.0,
  "peak_rain_offset_h": null,
  "rain_window_3h": [
    [
      -2.65,
      0.0
    ],
    [
      -1.65,
      0.0
    ],
    [
      -0.65,
      0.0
    ],
    [
      0.35,
      0.0
    ],
    [
      1.35,
      0.0
    ],
    [
      2.35,
      0.0
    ]
  ],
  "source": "surge-persistence",
  "depths_in": {
    "grate_SW": 9.299999999999999,
    "grate_SE": 8.339999999999998,
    "corner_SE": 7.859999999999998,
    "corner_SW": 7.859999999999998,
    "grate_bay_ave_upstream": 7.859999999999998,
    "gutter_walkway": 6.1800000000000015,
    "grate_NE": 5.940000000000001,
    "grate_NW": 5.940000000000001,
    "corner_NE": 4.619999999999997,
    "corner_NW": 4.619999999999997,
    "curb": 1.6199999999999974,
    "sidewalk_under_walkway_lawn_step": 0.0,
    "road_middle": 0.0,
    "intersection_highpoint": 0.0,
    "lawn_step": 0.0,
    "porch_step_base": 0.0,
    "porch_step1_top": 0.0,
    "porch_deck": 0.0,
    "regime": "light"
  },
  "depths_in_wind_adjusted": {
    "grate_SW": 7.740000000000011,
    "grate_SE": 6.78000000000001,
    "corner_SE": 6.30000000000001,
    "corner_SW": 6.30000000000001,
    "grate_bay_ave_upstream": 6.30000000000001,
    "gutter_walkway": 4.620000000000013,
    "grate_NE": 4.380000000000013,
    "grate_NW": 4.380000000000013,
    "corner_NE": 3.0600000000000094,
    "corner_NW": 3.0600000000000094,
    "curb": 0.06000000000000938,
    "sidewalk_under_walkway_lawn_step": 0.0,
    "road_middle": 0.0,
    "intersection_highpoint": 0.0,
    "lawn_step": 0.0,
    "porch_step_base": 0.0,
    "porch_step1_top": 0.0,
    "porch_deck": 0.0,
    "regime": "light"
  },
  "wind_adjustment": {
    "sector": "offshore",
    "adjustment_ft": -0.13,
    "wind_dir_at_peak": "SW",
    "wind_speed_at_peak": "5 mph",
    "note": "Forecast wind at peak (SW at 5 mph) is in the offshore sector \u2014 water at 342 Bay is typically ~1.6\" lower than the main prediction because bay-corner water is being pushed away from Highlands. Expect actual closer to this wind-adjusted estimate."
  },
  "hours_from_now": 58.11032942861111
}