{
  "time": "2026-07-14 20:39",
  "predicted_mllw": 6.288,
  "surge_ft": 0.7607999999999997,
  "forecast_peak_mllw": 7.0488,
  "peak_rain_in_hr": 0.0,
  "peak_rain_offset_h": null,
  "rain_window_3h": [
    [
      -2.65,
      0.0
    ],
    [
      -1.65,
      0.0
    ],
    [
      -0.65,
      0.0
    ],
    [
      0.35,
      0.0
    ],
    [
      1.35,
      0.0
    ],
    [
      2.35,
      0.0
    ]
  ],
  "source": "surge-persistence",
  "depths_in": {
    "grate_SW": 8.505599999999996,
    "grate_SE": 7.545599999999995,
    "corner_SE": 7.0655999999999946,
    "corner_SW": 7.0655999999999946,
    "grate_bay_ave_upstream": 7.0655999999999946,
    "gutter_walkway": 5.385599999999998,
    "grate_NE": 5.145599999999998,
    "grate_NW": 5.145599999999998,
    "corner_NE": 3.8255999999999943,
    "corner_NW": 3.8255999999999943,
    "curb": 0.8255999999999943,
    "sidewalk_under_walkway_lawn_step": 0.0,
    "road_middle": 0.0,
    "intersection_highpoint": 0.0,
    "lawn_step": 0.0,
    "porch_step_base": 0.0,
    "porch_step1_top": 0.0,
    "porch_deck": 0.0,
    "regime": "light"
  },
  "depths_in_wind_adjusted": {
    "grate_SW": 6.945600000000008,
    "grate_SE": 5.985600000000007,
    "corner_SE": 5.5056000000000065,
    "corner_SW": 5.5056000000000065,
    "grate_bay_ave_upstream": 5.5056000000000065,
    "gutter_walkway": 3.8256000000000103,
    "grate_NE": 3.58560000000001,
    "grate_NW": 3.58560000000001,
    "corner_NE": 2.2656000000000063,
    "corner_NW": 2.2656000000000063,
    "curb": 0.0,
    "sidewalk_under_walkway_lawn_step": 0.0,
    "road_middle": 0.0,
    "intersection_highpoint": 0.0,
    "lawn_step": 0.0,
    "porch_step_base": 0.0,
    "porch_step1_top": 0.0,
    "porch_deck": 0.0,
    "regime": "street"
  },
  "wind_adjustment": {
    "sector": "offshore",
    "adjustment_ft": -0.13,
    "wind_dir_at_peak": "SW",
    "wind_speed_at_peak": "10 mph",
    "note": "Forecast wind at peak (SW at 10 mph) is in the offshore sector \u2014 water at 342 Bay is typically ~1.6\" lower than the main prediction because bay-corner water is being pushed away from Highlands. Expect actual closer to this wind-adjusted estimate."
  },
  "hours_from_now": 31.767281200000003
}