{
  "time": "2026-07-14 20:39",
  "predicted_mllw": 6.288,
  "surge_ft": 0.9180000000000001,
  "forecast_peak_mllw": 7.206,
  "peak_rain_in_hr": 0.0,
  "peak_rain_offset_h": null,
  "rain_window_3h": [
    [
      -2.65,
      0.0
    ],
    [
      -1.65,
      0.0
    ]
  ],
  "source": "surge-persistence",
  "depths_in": {
    "grate_SW": 10.392000000000012,
    "grate_SE": 9.432000000000011,
    "corner_SE": 8.95200000000001,
    "corner_SW": 8.95200000000001,
    "grate_bay_ave_upstream": 8.95200000000001,
    "gutter_walkway": 7.2720000000000145,
    "grate_NE": 7.032000000000014,
    "grate_NW": 7.032000000000014,
    "corner_NE": 5.71200000000001,
    "corner_NW": 5.71200000000001,
    "curb": 2.7120000000000104,
    "sidewalk_under_walkway_lawn_step": 0.6720000000000113,
    "road_middle": 0.31200000000000827,
    "intersection_highpoint": 0.0,
    "lawn_step": 0.0,
    "porch_step_base": 0.0,
    "porch_step1_top": 0.0,
    "porch_deck": 0.0,
    "regime": "light"
  },
  "depths_in_wind_adjusted": {
    "grate_SW": 8.832000000000003,
    "grate_SE": 7.872000000000002,
    "corner_SE": 7.392000000000001,
    "corner_SW": 7.392000000000001,
    "grate_bay_ave_upstream": 7.392000000000001,
    "gutter_walkway": 5.712000000000005,
    "grate_NE": 5.472000000000005,
    "grate_NW": 5.472000000000005,
    "corner_NE": 4.152000000000001,
    "corner_NW": 4.152000000000001,
    "curb": 1.152000000000001,
    "sidewalk_under_walkway_lawn_step": 0.0,
    "road_middle": 0.0,
    "intersection_highpoint": 0.0,
    "lawn_step": 0.0,
    "porch_step_base": 0.0,
    "porch_step1_top": 0.0,
    "porch_deck": 0.0,
    "regime": "light"
  },
  "wind_adjustment": {
    "sector": "offshore",
    "adjustment_ft": -0.13,
    "wind_dir_at_peak": "SW",
    "wind_speed_at_peak": "15 mph",
    "note": "Forecast wind at peak (SW at 15 mph) is in the offshore sector \u2014 water at 342 Bay is typically ~1.6\" lower than the main prediction because bay-corner water is being pushed away from Highlands. Expect actual closer to this wind-adjusted estimate."
  },
  "hours_from_now": 60.86262371555555
}