{
  "time": "2026-07-14 20:39",
  "predicted_mllw": 6.288,
  "surge_ft": 0.6039,
  "forecast_peak_mllw": 6.891900000000001,
  "peak_rain_in_hr": 0.0,
  "peak_rain_offset_h": null,
  "rain_window_3h": [
    [
      -2.65,
      0.0
    ],
    [
      -1.65,
      0.0
    ],
    [
      -0.65,
      0.0
    ],
    [
      0.35,
      0.0
    ],
    [
      1.35,
      0.0
    ],
    [
      2.35,
      0.0
    ]
  ],
  "source": "surge-persistence",
  "depths_in": {
    "grate_SW": 6.622800000000014,
    "grate_SE": 5.662800000000013,
    "corner_SE": 5.182800000000013,
    "corner_SW": 5.182800000000013,
    "grate_bay_ave_upstream": 5.182800000000013,
    "gutter_walkway": 3.5028000000000166,
    "grate_NE": 3.2628000000000164,
    "grate_NW": 3.2628000000000164,
    "corner_NE": 1.9428000000000125,
    "corner_NW": 1.9428000000000125,
    "curb": 0.0,
    "sidewalk_under_walkway_lawn_step": 0.0,
    "road_middle": 0.0,
    "intersection_highpoint": 0.0,
    "lawn_step": 0.0,
    "porch_step_base": 0.0,
    "porch_step1_top": 0.0,
    "porch_deck": 0.0,
    "regime": "street"
  },
  "depths_in_wind_adjusted": {
    "grate_SW": 5.06280000000001,
    "grate_SE": 4.102800000000009,
    "corner_SE": 3.6228000000000087,
    "corner_SW": 3.6228000000000087,
    "grate_bay_ave_upstream": 3.6228000000000087,
    "gutter_walkway": 1.9428000000000125,
    "grate_NE": 1.7028000000000123,
    "grate_NW": 1.7028000000000123,
    "corner_NE": 0.38280000000000847,
    "corner_NW": 0.38280000000000847,
    "curb": 0.0,
    "sidewalk_under_walkway_lawn_step": 0.0,
    "road_middle": 0.0,
    "intersection_highpoint": 0.0,
    "lawn_step": 0.0,
    "porch_step_base": 0.0,
    "porch_step1_top": 0.0,
    "porch_deck": 0.0,
    "regime": "street"
  },
  "wind_adjustment": {
    "sector": "offshore",
    "adjustment_ft": -0.13,
    "wind_dir_at_peak": "SW",
    "wind_speed_at_peak": "10 mph",
    "note": "Forecast wind at peak (SW at 10 mph) is in the offshore sector \u2014 water at 342 Bay is typically ~1.6\" lower than the main prediction because bay-corner water is being pushed away from Highlands. Expect actual closer to this wind-adjusted estimate."
  },
  "hours_from_now": 37.44080651166667
}