{
  "time": "2026-07-14 20:39",
  "predicted_mllw": 6.288,
  "surge_ft": 0.5086000000000004,
  "forecast_peak_mllw": 6.796600000000001,
  "peak_rain_in_hr": 0.0,
  "peak_rain_offset_h": null,
  "rain_window_3h": [
    [
      -2.65,
      0.0
    ],
    [
      -1.65,
      0.0
    ],
    [
      -0.65,
      0.0
    ],
    [
      0.35,
      0.0
    ],
    [
      1.35,
      0.0
    ],
    [
      2.35,
      0.0
    ]
  ],
  "source": "surge-persistence",
  "depths_in": {
    "grate_SW": 5.479200000000009,
    "grate_SE": 4.5192000000000085,
    "corner_SE": 4.039200000000008,
    "corner_SW": 4.039200000000008,
    "grate_bay_ave_upstream": 4.039200000000008,
    "gutter_walkway": 2.359200000000012,
    "grate_NE": 2.1192000000000117,
    "grate_NW": 2.1192000000000117,
    "corner_NE": 0.7992000000000079,
    "corner_NW": 0.7992000000000079,
    "curb": 0.0,
    "sidewalk_under_walkway_lawn_step": 0.0,
    "road_middle": 0.0,
    "intersection_highpoint": 0.0,
    "lawn_step": 0.0,
    "porch_step_base": 0.0,
    "porch_step1_top": 0.0,
    "porch_deck": 0.0,
    "regime": "street"
  },
  "depths_in_wind_adjusted": {
    "grate_SW": 3.9192000000000107,
    "grate_SE": 2.95920000000001,
    "corner_SE": 2.4792000000000094,
    "corner_SW": 2.4792000000000094,
    "grate_bay_ave_upstream": 2.4792000000000094,
    "gutter_walkway": 0.7992000000000132,
    "grate_NE": 0.559200000000013,
    "grate_NW": 0.559200000000013,
    "corner_NE": 0.0,
    "corner_NW": 0.0,
    "curb": 0.0,
    "sidewalk_under_walkway_lawn_step": 0.0,
    "road_middle": 0.0,
    "intersection_highpoint": 0.0,
    "lawn_step": 0.0,
    "porch_step_base": 0.0,
    "porch_step1_top": 0.0,
    "porch_deck": 0.0,
    "regime": "street"
  },
  "wind_adjustment": {
    "sector": "offshore",
    "adjustment_ft": -0.13,
    "wind_dir_at_peak": "SW",
    "wind_speed_at_peak": "15 mph",
    "note": "Forecast wind at peak (SW at 15 mph) is in the offshore sector \u2014 water at 342 Bay is typically ~1.6\" lower than the main prediction because bay-corner water is being pushed away from Highlands. Expect actual closer to this wind-adjusted estimate."
  },
  "hours_from_now": 21.30239134888889
}