{
  "time": "2026-07-14 20:39",
  "predicted_mllw": 6.288,
  "surge_ft": 0.9121999999999995,
  "forecast_peak_mllw": 7.2002,
  "peak_rain_in_hr": 0.0,
  "peak_rain_offset_h": null,
  "rain_window_3h": [
    [
      -2.65,
      0.0
    ],
    [
      -1.65,
      0.0
    ],
    [
      -0.65,
      0.0
    ],
    [
      0.35,
      0.0
    ],
    [
      1.35,
      0.0
    ],
    [
      2.35,
      0.0
    ]
  ],
  "source": "surge-persistence",
  "depths_in": {
    "grate_SW": 10.322400000000004,
    "grate_SE": 9.362400000000003,
    "corner_SE": 8.882400000000002,
    "corner_SW": 8.882400000000002,
    "grate_bay_ave_upstream": 8.882400000000002,
    "gutter_walkway": 7.202400000000006,
    "grate_NE": 6.962400000000006,
    "grate_NW": 6.962400000000006,
    "corner_NE": 5.642400000000002,
    "corner_NW": 5.642400000000002,
    "curb": 2.642400000000002,
    "sidewalk_under_walkway_lawn_step": 0.6024000000000029,
    "road_middle": 0.24239999999999995,
    "intersection_highpoint": 0.0,
    "lawn_step": 0.0,
    "porch_step_base": 0.0,
    "porch_step1_top": 0.0,
    "porch_deck": 0.0,
    "regime": "light"
  },
  "depths_in_wind_adjusted": {
    "grate_SW": 8.762399999999994,
    "grate_SE": 7.802399999999993,
    "corner_SE": 7.322399999999993,
    "corner_SW": 7.322399999999993,
    "grate_bay_ave_upstream": 7.322399999999993,
    "gutter_walkway": 5.642399999999997,
    "grate_NE": 5.4023999999999965,
    "grate_NW": 5.4023999999999965,
    "corner_NE": 4.082399999999993,
    "corner_NW": 4.082399999999993,
    "curb": 1.0823999999999927,
    "sidewalk_under_walkway_lawn_step": 0.0,
    "road_middle": 0.0,
    "intersection_highpoint": 0.0,
    "lawn_step": 0.0,
    "porch_step_base": 0.0,
    "porch_step1_top": 0.0,
    "porch_deck": 0.0,
    "regime": "light"
  },
  "wind_adjustment": {
    "sector": "offshore",
    "adjustment_ft": -0.13,
    "wind_dir_at_peak": "SW",
    "wind_speed_at_peak": "5 mph",
    "note": "Forecast wind at peak (SW at 5 mph) is in the offshore sector \u2014 water at 342 Bay is typically ~1.6\" lower than the main prediction because bay-corner water is being pushed away from Highlands. Expect actual closer to this wind-adjusted estimate."
  },
  "hours_from_now": 59.86181338555556
}