{
  "time": "2026-07-14 20:39",
  "predicted_mllw": 6.288,
  "surge_ft": 0.6198999999999999,
  "forecast_peak_mllw": 6.9079,
  "peak_rain_in_hr": 0.0,
  "peak_rain_offset_h": null,
  "rain_window_3h": [
    [
      -2.65,
      0.0
    ],
    [
      -1.65,
      0.0
    ],
    [
      -0.65,
      0.0
    ],
    [
      0.35,
      0.0
    ],
    [
      1.35,
      0.0
    ],
    [
      2.35,
      0.0
    ]
  ],
  "source": "surge-persistence",
  "depths_in": {
    "grate_SW": 6.814799999999993,
    "grate_SE": 5.854799999999992,
    "corner_SE": 5.374799999999992,
    "corner_SW": 5.374799999999992,
    "grate_bay_ave_upstream": 5.374799999999992,
    "gutter_walkway": 3.6947999999999954,
    "grate_NE": 3.454799999999995,
    "grate_NW": 3.454799999999995,
    "corner_NE": 2.1347999999999914,
    "corner_NW": 2.1347999999999914,
    "curb": 0.0,
    "sidewalk_under_walkway_lawn_step": 0.0,
    "road_middle": 0.0,
    "intersection_highpoint": 0.0,
    "lawn_step": 0.0,
    "porch_step_base": 0.0,
    "porch_step1_top": 0.0,
    "porch_deck": 0.0,
    "regime": "street"
  },
  "depths_in_wind_adjusted": {
    "grate_SW": 5.2547999999999995,
    "grate_SE": 4.294799999999999,
    "corner_SE": 3.814799999999998,
    "corner_SW": 3.814799999999998,
    "grate_bay_ave_upstream": 3.814799999999998,
    "gutter_walkway": 2.134800000000002,
    "grate_NE": 1.8948000000000018,
    "grate_NW": 1.8948000000000018,
    "corner_NE": 0.574799999999998,
    "corner_NW": 0.574799999999998,
    "curb": 0.0,
    "sidewalk_under_walkway_lawn_step": 0.0,
    "road_middle": 0.0,
    "intersection_highpoint": 0.0,
    "lawn_step": 0.0,
    "porch_step_base": 0.0,
    "porch_step1_top": 0.0,
    "porch_deck": 0.0,
    "regime": "street"
  },
  "wind_adjustment": {
    "sector": "offshore",
    "adjustment_ft": -0.13,
    "wind_dir_at_peak": "SW",
    "wind_speed_at_peak": "5 mph",
    "note": "Forecast wind at peak (SW at 5 mph) is in the offshore sector \u2014 water at 342 Bay is typically ~1.6\" lower than the main prediction because bay-corner water is being pushed away from Highlands. Expect actual closer to this wind-adjusted estimate."
  },
  "hours_from_now": 53.25343010361111
}