{
  "time": "2026-07-14 20:39",
  "predicted_mllw": 6.288,
  "surge_ft": 0.9478,
  "forecast_peak_mllw": 7.2358,
  "peak_rain_in_hr": 0.0,
  "peak_rain_offset_h": null,
  "rain_window_3h": [
    [
      -2.65,
      0.0
    ],
    [
      -1.65,
      0.0
    ]
  ],
  "source": "surge-persistence",
  "depths_in": {
    "grate_SW": 10.74960000000001,
    "grate_SE": 9.789600000000009,
    "corner_SE": 9.309600000000009,
    "corner_SW": 9.309600000000009,
    "grate_bay_ave_upstream": 9.309600000000009,
    "gutter_walkway": 7.629600000000012,
    "grate_NE": 7.389600000000012,
    "grate_NW": 7.389600000000012,
    "corner_NE": 6.069600000000008,
    "corner_NW": 6.069600000000008,
    "curb": 3.0696000000000083,
    "sidewalk_under_walkway_lawn_step": 1.0296000000000092,
    "road_middle": 0.6696000000000062,
    "intersection_highpoint": 0.0,
    "lawn_step": 0.0,
    "porch_step_base": 0.0,
    "porch_step1_top": 0.0,
    "porch_deck": 0.0,
    "regime": "light"
  },
  "depths_in_wind_adjusted": {
    "grate_SW": 9.1896,
    "grate_SE": 8.2296,
    "corner_SE": 7.749599999999999,
    "corner_SW": 7.749599999999999,
    "grate_bay_ave_upstream": 7.749599999999999,
    "gutter_walkway": 6.069600000000003,
    "grate_NE": 5.829600000000003,
    "grate_NW": 5.829600000000003,
    "corner_NE": 4.509599999999999,
    "corner_NW": 4.509599999999999,
    "curb": 1.509599999999999,
    "sidewalk_under_walkway_lawn_step": 0.0,
    "road_middle": 0.0,
    "intersection_highpoint": 0.0,
    "lawn_step": 0.0,
    "porch_step_base": 0.0,
    "porch_step1_top": 0.0,
    "porch_deck": 0.0,
    "regime": "light"
  },
  "wind_adjustment": {
    "sector": "offshore",
    "adjustment_ft": -0.13,
    "wind_dir_at_peak": "SW",
    "wind_speed_at_peak": "15 mph",
    "note": "Forecast wind at peak (SW at 15 mph) is in the offshore sector \u2014 water at 342 Bay is typically ~1.6\" lower than the main prediction because bay-corner water is being pushed away from Highlands. Expect actual closer to this wind-adjusted estimate."
  },
  "hours_from_now": 61.69921383722222
}