{
  "time": "2026-07-14 20:39",
  "predicted_mllw": 6.288,
  "surge_ft": 0.5938000000000001,
  "forecast_peak_mllw": 6.8818,
  "peak_rain_in_hr": 0.0,
  "peak_rain_offset_h": null,
  "rain_window_3h": [
    [
      -2.65,
      0.0
    ],
    [
      -1.65,
      0.0
    ],
    [
      -0.65,
      0.0
    ],
    [
      0.35,
      0.0
    ],
    [
      1.35,
      0.0
    ],
    [
      2.35,
      0.0
    ]
  ],
  "source": "surge-persistence",
  "depths_in": {
    "grate_SW": 6.501599999999998,
    "grate_SE": 5.541599999999997,
    "corner_SE": 5.061599999999997,
    "corner_SW": 5.061599999999997,
    "grate_bay_ave_upstream": 5.061599999999997,
    "gutter_walkway": 3.3816000000000006,
    "grate_NE": 3.1416000000000004,
    "grate_NW": 3.1416000000000004,
    "corner_NE": 1.8215999999999966,
    "corner_NW": 1.8215999999999966,
    "curb": 0.0,
    "sidewalk_under_walkway_lawn_step": 0.0,
    "road_middle": 0.0,
    "intersection_highpoint": 0.0,
    "lawn_step": 0.0,
    "porch_step_base": 0.0,
    "porch_step1_top": 0.0,
    "porch_deck": 0.0,
    "regime": "street"
  },
  "depths_in_wind_adjusted": {
    "grate_SW": 4.941600000000005,
    "grate_SE": 3.981600000000004,
    "corner_SE": 3.5016000000000034,
    "corner_SW": 3.5016000000000034,
    "grate_bay_ave_upstream": 3.5016000000000034,
    "gutter_walkway": 1.8216000000000072,
    "grate_NE": 1.581600000000007,
    "grate_NW": 1.581600000000007,
    "corner_NE": 0.26160000000000316,
    "corner_NW": 0.26160000000000316,
    "curb": 0.0,
    "sidewalk_under_walkway_lawn_step": 0.0,
    "road_middle": 0.0,
    "intersection_highpoint": 0.0,
    "lawn_step": 0.0,
    "porch_step_base": 0.0,
    "porch_step1_top": 0.0,
    "porch_deck": 0.0,
    "regime": "street"
  },
  "wind_adjustment": {
    "sector": "offshore",
    "adjustment_ft": -0.13,
    "wind_dir_at_peak": "SW",
    "wind_speed_at_peak": "15 mph",
    "note": "Forecast wind at peak (SW at 15 mph) is in the offshore sector \u2014 water at 342 Bay is typically ~1.6\" lower than the main prediction because bay-corner water is being pushed away from Highlands. Expect actual closer to this wind-adjusted estimate."
  },
  "hours_from_now": 25.119499891666667
}