{
  "time": "2026-07-14 20:39",
  "predicted_mllw": 6.288,
  "surge_ft": 0.7641,
  "forecast_peak_mllw": 7.0521,
  "peak_rain_in_hr": 0.0,
  "peak_rain_offset_h": null,
  "rain_window_3h": [
    [
      -2.65,
      0.0
    ],
    [
      -1.65,
      0.0
    ],
    [
      -0.65,
      0.0
    ],
    [
      0.35,
      0.0
    ],
    [
      1.35,
      0.0
    ],
    [
      2.35,
      0.0
    ]
  ],
  "source": "surge-persistence",
  "depths_in": {
    "grate_SW": 8.54520000000001,
    "grate_SE": 7.585200000000009,
    "corner_SE": 7.105200000000009,
    "corner_SW": 7.105200000000009,
    "grate_bay_ave_upstream": 7.105200000000009,
    "gutter_walkway": 5.425200000000013,
    "grate_NE": 5.1852000000000125,
    "grate_NW": 5.1852000000000125,
    "corner_NE": 3.8652000000000086,
    "corner_NW": 3.8652000000000086,
    "curb": 0.8652000000000086,
    "sidewalk_under_walkway_lawn_step": 0.0,
    "road_middle": 0.0,
    "intersection_highpoint": 0.0,
    "lawn_step": 0.0,
    "porch_step_base": 0.0,
    "porch_step1_top": 0.0,
    "porch_deck": 0.0,
    "regime": "light"
  },
  "depths_in_wind_adjusted": {
    "grate_SW": 6.985200000000001,
    "grate_SE": 6.0252,
    "corner_SE": 5.5451999999999995,
    "corner_SW": 5.5451999999999995,
    "grate_bay_ave_upstream": 5.5451999999999995,
    "gutter_walkway": 3.8652000000000033,
    "grate_NE": 3.625200000000003,
    "grate_NW": 3.625200000000003,
    "corner_NE": 2.3051999999999992,
    "corner_NW": 2.3051999999999992,
    "curb": 0.0,
    "sidewalk_under_walkway_lawn_step": 0.0,
    "road_middle": 0.0,
    "intersection_highpoint": 0.0,
    "lawn_step": 0.0,
    "porch_step_base": 0.0,
    "porch_step1_top": 0.0,
    "porch_deck": 0.0,
    "regime": "street"
  },
  "wind_adjustment": {
    "sector": "offshore",
    "adjustment_ft": -0.13,
    "wind_dir_at_peak": "SW",
    "wind_speed_at_peak": "5 mph",
    "note": "Forecast wind at peak (SW at 5 mph) is in the offshore sector \u2014 water at 342 Bay is typically ~1.6\" lower than the main prediction because bay-corner water is being pushed away from Highlands. Expect actual closer to this wind-adjusted estimate."
  },
  "hours_from_now": 49.20709003638889
}