{
  "time": "2026-07-14 20:39",
  "predicted_mllw": 6.288,
  "surge_ft": 0.7350000000000003,
  "forecast_peak_mllw": 7.023000000000001,
  "peak_rain_in_hr": 0.0,
  "peak_rain_offset_h": null,
  "rain_window_3h": [
    [
      -2.65,
      0.0
    ],
    [
      -1.65,
      0.0
    ],
    [
      -0.65,
      0.0
    ],
    [
      0.35,
      0.0
    ],
    [
      1.35,
      0.0
    ],
    [
      2.35,
      0.0
    ]
  ],
  "source": "surge-persistence",
  "depths_in": {
    "grate_SW": 8.196000000000014,
    "grate_SE": 7.236000000000013,
    "corner_SE": 6.756000000000013,
    "corner_SW": 6.756000000000013,
    "grate_bay_ave_upstream": 6.756000000000013,
    "gutter_walkway": 5.0760000000000165,
    "grate_NE": 4.836000000000016,
    "grate_NW": 4.836000000000016,
    "corner_NE": 3.5160000000000124,
    "corner_NW": 3.5160000000000124,
    "curb": 0.5160000000000124,
    "sidewalk_under_walkway_lawn_step": 0.0,
    "road_middle": 0.0,
    "intersection_highpoint": 0.0,
    "lawn_step": 0.0,
    "porch_step_base": 0.0,
    "porch_step1_top": 0.0,
    "porch_deck": 0.0,
    "regime": "light"
  },
  "depths_in_wind_adjusted": {
    "grate_SW": 6.636000000000005,
    "grate_SE": 5.676000000000004,
    "corner_SE": 5.196000000000003,
    "corner_SW": 5.196000000000003,
    "grate_bay_ave_upstream": 5.196000000000003,
    "gutter_walkway": 3.516000000000007,
    "grate_NE": 3.276000000000007,
    "grate_NW": 3.276000000000007,
    "corner_NE": 1.956000000000003,
    "corner_NW": 1.956000000000003,
    "curb": 0.0,
    "sidewalk_under_walkway_lawn_step": 0.0,
    "road_middle": 0.0,
    "intersection_highpoint": 0.0,
    "lawn_step": 0.0,
    "porch_step_base": 0.0,
    "porch_step1_top": 0.0,
    "porch_deck": 0.0,
    "regime": "street"
  },
  "wind_adjustment": {
    "sector": "offshore",
    "adjustment_ft": -0.13,
    "wind_dir_at_peak": "SW",
    "wind_speed_at_peak": "10 mph",
    "note": "Forecast wind at peak (SW at 10 mph) is in the offshore sector \u2014 water at 342 Bay is typically ~1.6\" lower than the main prediction because bay-corner water is being pushed away from Highlands. Expect actual closer to this wind-adjusted estimate."
  },
  "hours_from_now": 33.5763739375
}