{
  "time": "2026-07-14 20:39",
  "predicted_mllw": 6.288,
  "surge_ft": 0.5596000000000001,
  "forecast_peak_mllw": 6.8476,
  "peak_rain_in_hr": 0.0,
  "peak_rain_offset_h": null,
  "rain_window_3h": [
    [
      -2.65,
      0.0
    ],
    [
      -1.65,
      0.0
    ],
    [
      -0.65,
      0.0
    ],
    [
      0.35,
      0.0
    ],
    [
      1.35,
      0.0
    ],
    [
      2.35,
      0.0
    ]
  ],
  "source": "surge-persistence",
  "depths_in": {
    "grate_SW": 6.091199999999995,
    "grate_SE": 5.131199999999994,
    "corner_SE": 4.651199999999994,
    "corner_SW": 4.651199999999994,
    "grate_bay_ave_upstream": 4.651199999999994,
    "gutter_walkway": 2.971199999999998,
    "grate_NE": 2.7311999999999976,
    "grate_NW": 2.7311999999999976,
    "corner_NE": 1.4111999999999938,
    "corner_NW": 1.4111999999999938,
    "curb": 0.0,
    "sidewalk_under_walkway_lawn_step": 0.0,
    "road_middle": 0.0,
    "intersection_highpoint": 0.0,
    "lawn_step": 0.0,
    "porch_step_base": 0.0,
    "porch_step1_top": 0.0,
    "porch_deck": 0.0,
    "regime": "street"
  },
  "depths_in_wind_adjusted": {
    "grate_SW": 4.531200000000002,
    "grate_SE": 3.571200000000001,
    "corner_SE": 3.0912000000000006,
    "corner_SW": 3.0912000000000006,
    "grate_bay_ave_upstream": 3.0912000000000006,
    "gutter_walkway": 1.4112000000000045,
    "grate_NE": 1.1712000000000042,
    "grate_NW": 1.1712000000000042,
    "corner_NE": 0.0,
    "corner_NW": 0.0,
    "curb": 0.0,
    "sidewalk_under_walkway_lawn_step": 0.0,
    "road_middle": 0.0,
    "intersection_highpoint": 0.0,
    "lawn_step": 0.0,
    "porch_step_base": 0.0,
    "porch_step1_top": 0.0,
    "porch_deck": 0.0,
    "regime": "street"
  },
  "wind_adjustment": {
    "sector": "offshore",
    "adjustment_ft": -0.13,
    "wind_dir_at_peak": "SW",
    "wind_speed_at_peak": "10 mph",
    "note": "Forecast wind at peak (SW at 10 mph) is in the offshore sector \u2014 water at 342 Bay is typically ~1.6\" lower than the main prediction because bay-corner water is being pushed away from Highlands. Expect actual closer to this wind-adjusted estimate."
  },
  "hours_from_now": 30.92359447722222
}