{
  "time": "2026-07-14 20:39",
  "predicted_mllw": 6.288,
  "surge_ft": 0.8624999999999998,
  "forecast_peak_mllw": 7.1505,
  "peak_rain_in_hr": 0.0,
  "peak_rain_offset_h": null,
  "rain_window_3h": [
    [
      -2.65,
      0.0
    ],
    [
      -1.65,
      0.0
    ],
    [
      -0.65,
      0.0
    ],
    [
      0.35,
      0.0
    ],
    [
      1.35,
      0.0
    ],
    [
      2.35,
      0.0
    ]
  ],
  "source": "surge-persistence",
  "depths_in": {
    "grate_SW": 9.726000000000008,
    "grate_SE": 8.766000000000007,
    "corner_SE": 8.286000000000007,
    "corner_SW": 8.286000000000007,
    "grate_bay_ave_upstream": 8.286000000000007,
    "gutter_walkway": 6.6060000000000105,
    "grate_NE": 6.36600000000001,
    "grate_NW": 6.36600000000001,
    "corner_NE": 5.0460000000000065,
    "corner_NW": 5.0460000000000065,
    "curb": 2.0460000000000065,
    "sidewalk_under_walkway_lawn_step": 0.006000000000007333,
    "road_middle": 0.0,
    "intersection_highpoint": 0.0,
    "lawn_step": 0.0,
    "porch_step_base": 0.0,
    "porch_step1_top": 0.0,
    "porch_deck": 0.0,
    "regime": "light"
  },
  "depths_in_wind_adjusted": {
    "grate_SW": 8.165999999999999,
    "grate_SE": 7.205999999999998,
    "corner_SE": 6.725999999999997,
    "corner_SW": 6.725999999999997,
    "grate_bay_ave_upstream": 6.725999999999997,
    "gutter_walkway": 5.046000000000001,
    "grate_NE": 4.806000000000001,
    "grate_NW": 4.806000000000001,
    "corner_NE": 3.485999999999997,
    "corner_NW": 3.485999999999997,
    "curb": 0.4859999999999971,
    "sidewalk_under_walkway_lawn_step": 0.0,
    "road_middle": 0.0,
    "intersection_highpoint": 0.0,
    "lawn_step": 0.0,
    "porch_step_base": 0.0,
    "porch_step1_top": 0.0,
    "porch_deck": 0.0,
    "regime": "light"
  },
  "wind_adjustment": {
    "sector": "offshore",
    "adjustment_ft": -0.13,
    "wind_dir_at_peak": "SW",
    "wind_speed_at_peak": "5 mph",
    "note": "Forecast wind at peak (SW at 5 mph) is in the offshore sector \u2014 water at 342 Bay is typically ~1.6\" lower than the main prediction because bay-corner water is being pushed away from Highlands. Expect actual closer to this wind-adjusted estimate."
  },
  "hours_from_now": 59.05380247527778
}