{
  "time": "2026-07-14 20:39",
  "predicted_mllw": 6.288,
  "surge_ft": 0.615,
  "forecast_peak_mllw": 6.9030000000000005,
  "peak_rain_in_hr": 0.0,
  "peak_rain_offset_h": null,
  "rain_window_3h": [
    [
      -2.65,
      0.0
    ],
    [
      -1.65,
      0.0
    ],
    [
      -0.65,
      0.0
    ],
    [
      0.35,
      0.0
    ],
    [
      1.35,
      0.0
    ],
    [
      2.35,
      0.0
    ]
  ],
  "source": "surge-persistence",
  "depths_in": {
    "grate_SW": 6.756000000000002,
    "grate_SE": 5.796000000000001,
    "corner_SE": 5.316000000000001,
    "corner_SW": 5.316000000000001,
    "grate_bay_ave_upstream": 5.316000000000001,
    "gutter_walkway": 3.6360000000000046,
    "grate_NE": 3.3960000000000043,
    "grate_NW": 3.3960000000000043,
    "corner_NE": 2.0760000000000005,
    "corner_NW": 2.0760000000000005,
    "curb": 0.0,
    "sidewalk_under_walkway_lawn_step": 0.0,
    "road_middle": 0.0,
    "intersection_highpoint": 0.0,
    "lawn_step": 0.0,
    "porch_step_base": 0.0,
    "porch_step1_top": 0.0,
    "porch_deck": 0.0,
    "regime": "street"
  },
  "depths_in_wind_adjusted": {
    "grate_SW": 5.196000000000009,
    "grate_SE": 4.236000000000008,
    "corner_SE": 3.7560000000000073,
    "corner_SW": 3.7560000000000073,
    "grate_bay_ave_upstream": 3.7560000000000073,
    "gutter_walkway": 2.076000000000011,
    "grate_NE": 1.836000000000011,
    "grate_NW": 1.836000000000011,
    "corner_NE": 0.5160000000000071,
    "corner_NW": 0.5160000000000071,
    "curb": 0.0,
    "sidewalk_under_walkway_lawn_step": 0.0,
    "road_middle": 0.0,
    "intersection_highpoint": 0.0,
    "lawn_step": 0.0,
    "porch_step_base": 0.0,
    "porch_step1_top": 0.0,
    "porch_deck": 0.0,
    "regime": "street"
  },
  "wind_adjustment": {
    "sector": "offshore",
    "adjustment_ft": -0.13,
    "wind_dir_at_peak": "SW",
    "wind_speed_at_peak": "5 mph",
    "note": "Forecast wind at peak (SW at 5 mph) is in the offshore sector \u2014 water at 342 Bay is typically ~1.6\" lower than the main prediction because bay-corner water is being pushed away from Highlands. Expect actual closer to this wind-adjusted estimate."
  },
  "hours_from_now": 50.28861664805556
}