{
  "time": "2026-07-14 20:39",
  "predicted_mllw": 6.288,
  "surge_ft": 0.7767999999999997,
  "forecast_peak_mllw": 7.0648,
  "peak_rain_in_hr": 0.0,
  "peak_rain_offset_h": null,
  "rain_window_3h": [
    [
      -2.65,
      0.0
    ],
    [
      -1.65,
      0.0
    ],
    [
      -0.65,
      0.0
    ],
    [
      0.35,
      0.0
    ],
    [
      1.35,
      0.0
    ],
    [
      2.35,
      0.0
    ]
  ],
  "source": "surge-persistence",
  "depths_in": {
    "grate_SW": 8.697599999999996,
    "grate_SE": 7.737599999999995,
    "corner_SE": 7.257599999999995,
    "corner_SW": 7.257599999999995,
    "grate_bay_ave_upstream": 7.257599999999995,
    "gutter_walkway": 5.577599999999999,
    "grate_NE": 5.337599999999998,
    "grate_NW": 5.337599999999998,
    "corner_NE": 4.0175999999999945,
    "corner_NW": 4.0175999999999945,
    "curb": 1.0175999999999945,
    "sidewalk_under_walkway_lawn_step": 0.0,
    "road_middle": 0.0,
    "intersection_highpoint": 0.0,
    "lawn_step": 0.0,
    "porch_step_base": 0.0,
    "porch_step1_top": 0.0,
    "porch_deck": 0.0,
    "regime": "light"
  },
  "depths_in_wind_adjusted": {
    "grate_SW": 7.137600000000008,
    "grate_SE": 6.177600000000007,
    "corner_SE": 5.697600000000007,
    "corner_SW": 5.697600000000007,
    "grate_bay_ave_upstream": 5.697600000000007,
    "gutter_walkway": 4.0176000000000105,
    "grate_NE": 3.7776000000000103,
    "grate_NW": 3.7776000000000103,
    "corner_NE": 2.4576000000000064,
    "corner_NW": 2.4576000000000064,
    "curb": 0.0,
    "sidewalk_under_walkway_lawn_step": 0.0,
    "road_middle": 0.0,
    "intersection_highpoint": 0.0,
    "lawn_step": 0.0,
    "porch_step_base": 0.0,
    "porch_step1_top": 0.0,
    "porch_deck": 0.0,
    "regime": "street"
  },
  "wind_adjustment": {
    "sector": "offshore",
    "adjustment_ft": -0.13,
    "wind_dir_at_peak": "SW",
    "wind_speed_at_peak": "15 mph",
    "note": "Forecast wind at peak (SW at 15 mph) is in the offshore sector \u2014 water at 342 Bay is typically ~1.6\" lower than the main prediction because bay-corner water is being pushed away from Highlands. Expect actual closer to this wind-adjusted estimate."
  },
  "hours_from_now": 23.28639692472222
}