{
  "time": "2026-07-14 20:39",
  "predicted_mllw": 6.288,
  "surge_ft": 0.7220000000000001,
  "forecast_peak_mllw": 7.010000000000001,
  "peak_rain_in_hr": 0.0,
  "peak_rain_offset_h": null,
  "rain_window_3h": [
    [
      -2.65,
      0.0
    ],
    [
      -1.65,
      0.0
    ]
  ],
  "source": "surge-persistence",
  "depths_in": {
    "grate_SW": 8.040000000000015,
    "grate_SE": 7.080000000000014,
    "corner_SE": 6.600000000000014,
    "corner_SW": 6.600000000000014,
    "grate_bay_ave_upstream": 6.600000000000014,
    "gutter_walkway": 4.920000000000018,
    "grate_NE": 4.6800000000000175,
    "grate_NW": 4.6800000000000175,
    "corner_NE": 3.3600000000000136,
    "corner_NW": 3.3600000000000136,
    "curb": 0.36000000000001364,
    "sidewalk_under_walkway_lawn_step": 0.0,
    "road_middle": 0.0,
    "intersection_highpoint": 0.0,
    "lawn_step": 0.0,
    "porch_step_base": 0.0,
    "porch_step1_top": 0.0,
    "porch_deck": 0.0,
    "regime": "light"
  },
  "depths_in_wind_adjusted": {
    "grate_SW": 6.480000000000006,
    "grate_SE": 5.520000000000005,
    "corner_SE": 5.0400000000000045,
    "corner_SW": 5.0400000000000045,
    "grate_bay_ave_upstream": 5.0400000000000045,
    "gutter_walkway": 3.3600000000000083,
    "grate_NE": 3.120000000000008,
    "grate_NW": 3.120000000000008,
    "corner_NE": 1.8000000000000043,
    "corner_NW": 1.8000000000000043,
    "curb": 0.0,
    "sidewalk_under_walkway_lawn_step": 0.0,
    "road_middle": 0.0,
    "intersection_highpoint": 0.0,
    "lawn_step": 0.0,
    "porch_step_base": 0.0,
    "porch_step1_top": 0.0,
    "porch_deck": 0.0,
    "regime": "street"
  },
  "wind_adjustment": {
    "sector": "offshore",
    "adjustment_ft": -0.13,
    "wind_dir_at_peak": "SW",
    "wind_speed_at_peak": "15 mph",
    "note": "Forecast wind at peak (SW at 15 mph) is in the offshore sector \u2014 water at 342 Bay is typically ~1.6\" lower than the main prediction because bay-corner water is being pushed away from Highlands. Expect actual closer to this wind-adjusted estimate."
  },
  "hours_from_now": 65.5309634511111
}