{
  "time": "2026-07-14 20:39",
  "predicted_mllw": 6.288,
  "surge_ft": 0.8075999999999999,
  "forecast_peak_mllw": 7.0956,
  "peak_rain_in_hr": 0.0,
  "peak_rain_offset_h": null,
  "rain_window_3h": [
    [
      -2.65,
      0.0
    ],
    [
      -1.65,
      0.0
    ],
    [
      -0.65,
      0.0
    ],
    [
      0.35,
      0.0
    ],
    [
      1.35,
      0.0
    ],
    [
      2.35,
      0.0
    ]
  ],
  "source": "surge-persistence",
  "depths_in": {
    "grate_SW": 9.067200000000009,
    "grate_SE": 8.107200000000008,
    "corner_SE": 7.627200000000007,
    "corner_SW": 7.627200000000007,
    "grate_bay_ave_upstream": 7.627200000000007,
    "gutter_walkway": 5.947200000000011,
    "grate_NE": 5.707200000000011,
    "grate_NW": 5.707200000000011,
    "corner_NE": 4.387200000000007,
    "corner_NW": 4.387200000000007,
    "curb": 1.387200000000007,
    "sidewalk_under_walkway_lawn_step": 0.0,
    "road_middle": 0.0,
    "intersection_highpoint": 0.0,
    "lawn_step": 0.0,
    "porch_step_base": 0.0,
    "porch_step1_top": 0.0,
    "porch_deck": 0.0,
    "regime": "light"
  },
  "depths_in_wind_adjusted": {
    "grate_SW": 7.507199999999999,
    "grate_SE": 6.547199999999998,
    "corner_SE": 6.067199999999998,
    "corner_SW": 6.067199999999998,
    "grate_bay_ave_upstream": 6.067199999999998,
    "gutter_walkway": 4.387200000000002,
    "grate_NE": 4.1472000000000016,
    "grate_NW": 4.1472000000000016,
    "corner_NE": 2.8271999999999977,
    "corner_NW": 2.8271999999999977,
    "curb": 0.0,
    "sidewalk_under_walkway_lawn_step": 0.0,
    "road_middle": 0.0,
    "intersection_highpoint": 0.0,
    "lawn_step": 0.0,
    "porch_step_base": 0.0,
    "porch_step1_top": 0.0,
    "porch_deck": 0.0,
    "regime": "street"
  },
  "wind_adjustment": {
    "sector": "offshore",
    "adjustment_ft": -0.13,
    "wind_dir_at_peak": "SW",
    "wind_speed_at_peak": "10 mph",
    "note": "Forecast wind at peak (SW at 10 mph) is in the offshore sector \u2014 water at 342 Bay is typically ~1.6\" lower than the main prediction because bay-corner water is being pushed away from Highlands. Expect actual closer to this wind-adjusted estimate."
  },
  "hours_from_now": 48.343965643333334
}