{
  "time": "2026-07-14 20:39",
  "predicted_mllw": 6.288,
  "surge_ft": 0.6349999999999998,
  "forecast_peak_mllw": 6.923,
  "peak_rain_in_hr": 0.0,
  "peak_rain_offset_h": null,
  "rain_window_3h": [
    [
      -2.65,
      0.0
    ],
    [
      -1.65,
      0.0
    ],
    [
      -0.65,
      0.0
    ],
    [
      0.35,
      0.0
    ],
    [
      1.35,
      0.0
    ],
    [
      2.35,
      0.0
    ]
  ],
  "source": "surge-persistence",
  "depths_in": {
    "grate_SW": 6.995999999999997,
    "grate_SE": 6.035999999999996,
    "corner_SE": 5.555999999999996,
    "corner_SW": 5.555999999999996,
    "grate_bay_ave_upstream": 5.555999999999996,
    "gutter_walkway": 3.8759999999999994,
    "grate_NE": 3.6359999999999992,
    "grate_NW": 3.6359999999999992,
    "corner_NE": 2.3159999999999954,
    "corner_NW": 2.3159999999999954,
    "curb": 0.0,
    "sidewalk_under_walkway_lawn_step": 0.0,
    "road_middle": 0.0,
    "intersection_highpoint": 0.0,
    "lawn_step": 0.0,
    "porch_step_base": 0.0,
    "porch_step1_top": 0.0,
    "porch_deck": 0.0,
    "regime": "street"
  },
  "depths_in_wind_adjusted": {
    "grate_SW": 5.4360000000000035,
    "grate_SE": 4.476000000000003,
    "corner_SE": 3.996000000000002,
    "corner_SW": 3.996000000000002,
    "grate_bay_ave_upstream": 3.996000000000002,
    "gutter_walkway": 2.316000000000006,
    "grate_NE": 2.076000000000006,
    "grate_NW": 2.076000000000006,
    "corner_NE": 0.756000000000002,
    "corner_NW": 0.756000000000002,
    "curb": 0.0,
    "sidewalk_under_walkway_lawn_step": 0.0,
    "road_middle": 0.0,
    "intersection_highpoint": 0.0,
    "lawn_step": 0.0,
    "porch_step_base": 0.0,
    "porch_step1_top": 0.0,
    "porch_deck": 0.0,
    "regime": "street"
  },
  "wind_adjustment": {
    "sector": "offshore",
    "adjustment_ft": -0.13,
    "wind_dir_at_peak": "SW",
    "wind_speed_at_peak": "5 mph",
    "note": "Forecast wind at peak (SW at 5 mph) is in the offshore sector \u2014 water at 342 Bay is typically ~1.6\" lower than the main prediction because bay-corner water is being pushed away from Highlands. Expect actual closer to this wind-adjusted estimate."
  },
  "hours_from_now": 55.11450132583334
}