{
  "time": "2026-07-14 20:39",
  "predicted_mllw": 6.288,
  "surge_ft": 0.6060000000000003,
  "forecast_peak_mllw": 6.894,
  "peak_rain_in_hr": 0.0,
  "peak_rain_offset_h": null,
  "rain_window_3h": [
    [
      -2.65,
      0.0
    ],
    [
      -1.65,
      0.0
    ],
    [
      -0.65,
      0.0
    ],
    [
      0.35,
      0.0
    ],
    [
      1.35,
      0.0
    ],
    [
      2.35,
      0.0
    ]
  ],
  "source": "surge-persistence",
  "depths_in": {
    "grate_SW": 6.647999999999998,
    "grate_SE": 5.687999999999997,
    "corner_SE": 5.207999999999997,
    "corner_SW": 5.207999999999997,
    "grate_bay_ave_upstream": 5.207999999999997,
    "gutter_walkway": 3.5280000000000005,
    "grate_NE": 3.2880000000000003,
    "grate_NW": 3.2880000000000003,
    "corner_NE": 1.9679999999999964,
    "corner_NW": 1.9679999999999964,
    "curb": 0.0,
    "sidewalk_under_walkway_lawn_step": 0.0,
    "road_middle": 0.0,
    "intersection_highpoint": 0.0,
    "lawn_step": 0.0,
    "porch_step_base": 0.0,
    "porch_step1_top": 0.0,
    "porch_deck": 0.0,
    "regime": "street"
  },
  "depths_in_wind_adjusted": {
    "grate_SW": 5.0880000000000045,
    "grate_SE": 4.128000000000004,
    "corner_SE": 3.6480000000000032,
    "corner_SW": 3.6480000000000032,
    "grate_bay_ave_upstream": 3.6480000000000032,
    "gutter_walkway": 1.968000000000007,
    "grate_NE": 1.7280000000000069,
    "grate_NW": 1.7280000000000069,
    "corner_NE": 0.408000000000003,
    "corner_NW": 0.408000000000003,
    "curb": 0.0,
    "sidewalk_under_walkway_lawn_step": 0.0,
    "road_middle": 0.0,
    "intersection_highpoint": 0.0,
    "lawn_step": 0.0,
    "porch_step_base": 0.0,
    "porch_step1_top": 0.0,
    "porch_deck": 0.0,
    "regime": "street"
  },
  "wind_adjustment": {
    "sector": "offshore",
    "adjustment_ft": -0.13,
    "wind_dir_at_peak": "SW",
    "wind_speed_at_peak": "5 mph",
    "note": "Forecast wind at peak (SW at 5 mph) is in the offshore sector \u2014 water at 342 Bay is typically ~1.6\" lower than the main prediction because bay-corner water is being pushed away from Highlands. Expect actual closer to this wind-adjusted estimate."
  },
  "hours_from_now": 56.28928440861111
}