{
  "time": "2026-07-14 20:39",
  "predicted_mllw": 6.288,
  "surge_ft": 0.702,
  "forecast_peak_mllw": 6.99,
  "peak_rain_in_hr": 0.0,
  "peak_rain_offset_h": null,
  "rain_window_3h": [
    [
      -2.65,
      0.0
    ],
    [
      -1.65,
      0.0
    ],
    [
      -0.65,
      0.0
    ],
    [
      0.35,
      0.0
    ],
    [
      1.35,
      0.0
    ],
    [
      2.35,
      0.0
    ]
  ],
  "source": "surge-persistence",
  "depths_in": {
    "grate_SW": 7.799999999999999,
    "grate_SE": 6.839999999999998,
    "corner_SE": 6.359999999999998,
    "corner_SW": 6.359999999999998,
    "grate_bay_ave_upstream": 6.359999999999998,
    "gutter_walkway": 4.6800000000000015,
    "grate_NE": 4.440000000000001,
    "grate_NW": 4.440000000000001,
    "corner_NE": 3.1199999999999974,
    "corner_NW": 3.1199999999999974,
    "curb": 0.11999999999999744,
    "sidewalk_under_walkway_lawn_step": 0.0,
    "road_middle": 0.0,
    "intersection_highpoint": 0.0,
    "lawn_step": 0.0,
    "porch_step_base": 0.0,
    "porch_step1_top": 0.0,
    "porch_deck": 0.0,
    "regime": "light"
  },
  "depths_in_wind_adjusted": {
    "grate_SW": 6.240000000000011,
    "grate_SE": 5.28000000000001,
    "corner_SE": 4.80000000000001,
    "corner_SW": 4.80000000000001,
    "grate_bay_ave_upstream": 4.80000000000001,
    "gutter_walkway": 3.1200000000000134,
    "grate_NE": 2.880000000000013,
    "grate_NW": 2.880000000000013,
    "corner_NE": 1.5600000000000094,
    "corner_NW": 1.5600000000000094,
    "curb": 0.0,
    "sidewalk_under_walkway_lawn_step": 0.0,
    "road_middle": 0.0,
    "intersection_highpoint": 0.0,
    "lawn_step": 0.0,
    "porch_step_base": 0.0,
    "porch_step1_top": 0.0,
    "porch_deck": 0.0,
    "regime": "street"
  },
  "wind_adjustment": {
    "sector": "offshore",
    "adjustment_ft": -0.13,
    "wind_dir_at_peak": "SW",
    "wind_speed_at_peak": "10 mph",
    "note": "Forecast wind at peak (SW at 10 mph) is in the offshore sector \u2014 water at 342 Bay is typically ~1.6\" lower than the main prediction because bay-corner water is being pushed away from Highlands. Expect actual closer to this wind-adjusted estimate."
  },
  "hours_from_now": 46.32996720361111
}