{
  "time": "2026-07-11 05:20",
  "predicted_mllw": 4.408,
  "surge_ft": 4.284800000000001,
  "forecast_peak_mllw": 8.692800000000002,
  "peak_rain_in_hr": 0.008333333333333333,
  "peak_rain_offset_h": -1.3333333333333333,
  "rain_window_3h": [
    [
      -2.3333333333333335,
      0.008333333333333333
    ],
    [
      -1.3333333333333333,
      0.008333333333333333
    ],
    [
      -0.3333333333333333,
      0.008333333333333333
    ],
    [
      0.6666666666666666,
      0.008333333333333333
    ],
    [
      1.6666666666666667,
      0.008333333333333333
    ],
    [
      2.6666666666666665,
      0.005
    ]
  ],
  "source": "surge-persistence",
  "depths_in": {
    "grate_SW": 28.233600000000017,
    "grate_SE": 27.273600000000016,
    "corner_SE": 26.79360000000002,
    "corner_SW": 26.79360000000002,
    "grate_bay_ave_upstream": 26.79360000000002,
    "gutter_walkway": 25.11360000000002,
    "grate_NE": 24.87360000000002,
    "grate_NW": 24.87360000000002,
    "corner_NE": 23.553600000000017,
    "corner_NW": 23.553600000000017,
    "curb": 20.553600000000017,
    "sidewalk_under_walkway_lawn_step": 18.513600000000018,
    "road_middle": 18.153600000000015,
    "intersection_highpoint": 15.993600000000018,
    "lawn_step": 14.553600000000017,
    "porch_step_base": 14.313600000000022,
    "porch_step1_top": 5.553600000000017,
    "porch_deck": 0.0,
    "regime": "severe"
  },
  "depths_in_wind_adjusted": null,
  "wind_adjustment": {
    "sector": "onshore",
    "adjustment_ft": 0.0,
    "wind_dir_at_peak": "N",
    "wind_speed_at_peak": "5 mph",
    "note": "Forecast wind at peak (N at 5 mph) is in the onshore sector \u2014 water gets piled into the bay corner where Highlands sits. Main prediction applies."
  },
  "hours_from_now": 33.76546233611111
}