{
  "time": "2026-07-11 05:20",
  "predicted_mllw": 4.408,
  "surge_ft": 0.8055000000000003,
  "forecast_peak_mllw": 5.213500000000001,
  "peak_rain_in_hr": 0.005,
  "peak_rain_offset_h": -1.3333333333333333,
  "rain_window_3h": [
    [
      -2.3333333333333335,
      0.005
    ],
    [
      -1.3333333333333333,
      0.005
    ],
    [
      -0.3333333333333333,
      0.005
    ],
    [
      0.6666666666666666,
      0.005
    ],
    [
      1.6666666666666667,
      0.005
    ],
    [
      2.6666666666666665,
      0.018333333333333337
    ]
  ],
  "source": "surge-persistence",
  "depths_in": {
    "grate_SW": 0.0,
    "grate_SE": 0.0,
    "corner_SE": 0.0,
    "corner_SW": 0.0,
    "grate_bay_ave_upstream": 0.0,
    "gutter_walkway": 0.0,
    "grate_NE": 0.0,
    "grate_NW": 0.0,
    "corner_NE": 0.0,
    "corner_NW": 0.0,
    "curb": 0.0,
    "sidewalk_under_walkway_lawn_step": 0.0,
    "road_middle": 0.0,
    "intersection_highpoint": 0.0,
    "lawn_step": 0.0,
    "porch_step_base": 0.0,
    "porch_step1_top": 0.0,
    "porch_deck": 0.0,
    "regime": "dry"
  },
  "depths_in_wind_adjusted": null,
  "wind_adjustment": {
    "sector": "unknown",
    "adjustment_ft": 0.0,
    "wind_dir_at_peak": "",
    "wind_speed_at_peak": "0 mph",
    "note": "Forecast wind at peak (unknown at 0 mph) is cross-shore or unspecified \u2014 defaulting to main prediction (no wind adjustment)."
  },
  "hours_from_now": 18.272536984166667
}