{
  "time": "2026-07-10 16:44",
  "predicted_mllw": 5.63,
  "surge_ft": 0.8374999999999995,
  "forecast_peak_mllw": 6.467499999999999,
  "peak_rain_in_hr": 0.030000000000000002,
  "peak_rain_offset_h": -0.7333333333333333,
  "rain_window_3h": [
    [
      -2.7333333333333334,
      0.030000000000000002
    ],
    [
      -1.7333333333333334,
      0.030000000000000002
    ],
    [
      -0.7333333333333333,
      0.030000000000000002
    ],
    [
      0.26666666666666666,
      0.030000000000000002
    ],
    [
      1.2666666666666666,
      0.030000000000000002
    ],
    [
      2.2666666666666666,
      0.030000000000000002
    ]
  ],
  "source": "surge-persistence",
  "depths_in": {
    "grate_SW": 1.529999999999994,
    "grate_SE": 0.5699999999999932,
    "corner_SE": 0.08999999999999275,
    "corner_SW": 0.08999999999999275,
    "grate_bay_ave_upstream": 0.08999999999999275,
    "gutter_walkway": 0.0,
    "grate_NE": 0.0,
    "grate_NW": 0.0,
    "corner_NE": 0.0,
    "corner_NW": 0.0,
    "curb": 0.0,
    "sidewalk_under_walkway_lawn_step": 0.0,
    "road_middle": 0.0,
    "intersection_highpoint": 0.0,
    "lawn_step": 0.0,
    "porch_step_base": 0.0,
    "porch_step1_top": 0.0,
    "porch_deck": 0.0,
    "regime": "street"
  },
  "depths_in_wind_adjusted": null,
  "wind_adjustment": {
    "sector": "neither",
    "adjustment_ft": 0.0,
    "wind_dir_at_peak": "W",
    "wind_speed_at_peak": "5 mph",
    "note": "Forecast wind at peak (W at 5 mph) is cross-shore or unspecified \u2014 defaulting to main prediction (no wind adjustment)."
  },
  "hours_from_now": 23.072835360555555
}