{
  "time": "2026-07-10 16:44",
  "predicted_mllw": 5.63,
  "surge_ft": 4.284800000000001,
  "forecast_peak_mllw": 9.9148,
  "peak_rain_in_hr": 0.0016666666666666668,
  "peak_rain_offset_h": -0.7333333333333333,
  "rain_window_3h": [
    [
      -2.7333333333333334,
      0.0016666666666666668
    ],
    [
      -1.7333333333333334,
      0.0016666666666666668
    ],
    [
      -0.7333333333333333,
      0.0016666666666666668
    ],
    [
      0.26666666666666666,
      0.0016666666666666668
    ],
    [
      1.2666666666666666,
      0.0016666666666666668
    ],
    [
      2.2666666666666666,
      0.0016666666666666668
    ]
  ],
  "source": "surge-persistence",
  "depths_in": {
    "grate_SW": 42.89759999999999,
    "grate_SE": 41.93759999999999,
    "corner_SE": 41.45759999999999,
    "corner_SW": 41.45759999999999,
    "grate_bay_ave_upstream": 41.45759999999999,
    "gutter_walkway": 39.77759999999999,
    "grate_NE": 39.5376,
    "grate_NW": 39.5376,
    "corner_NE": 38.21759999999999,
    "corner_NW": 38.21759999999999,
    "curb": 35.21759999999999,
    "sidewalk_under_walkway_lawn_step": 33.17759999999999,
    "road_middle": 32.817599999999985,
    "intersection_highpoint": 30.65759999999999,
    "lawn_step": 29.21759999999999,
    "porch_step_base": 28.977599999999995,
    "porch_step1_top": 20.21759999999999,
    "porch_deck": 0.0,
    "regime": "severe"
  },
  "depths_in_wind_adjusted": null,
  "wind_adjustment": {
    "sector": "neither",
    "adjustment_ft": 0.0,
    "wind_dir_at_peak": "W",
    "wind_speed_at_peak": "5 mph",
    "note": "Forecast wind at peak (W at 5 mph) is cross-shore or unspecified \u2014 defaulting to main prediction (no wind adjustment)."
  },
  "hours_from_now": 21.165462415555556
}