{
  "time": "2026-07-10 16:44",
  "predicted_mllw": 5.63,
  "surge_ft": 0.839,
  "forecast_peak_mllw": 6.468999999999999,
  "peak_rain_in_hr": 0.015000000000000001,
  "peak_rain_offset_h": -0.7333333333333333,
  "rain_window_3h": [
    [
      -2.7333333333333334,
      0.015000000000000001
    ],
    [
      -1.7333333333333334,
      0.015000000000000001
    ],
    [
      -0.7333333333333333,
      0.015000000000000001
    ],
    [
      0.26666666666666666,
      0.015000000000000001
    ],
    [
      1.2666666666666666,
      0.015000000000000001
    ],
    [
      2.2666666666666666,
      0.015000000000000001
    ]
  ],
  "source": "surge-persistence",
  "depths_in": {
    "grate_SW": 1.5479999999999947,
    "grate_SE": 0.5879999999999939,
    "corner_SE": 0.10799999999999343,
    "corner_SW": 0.10799999999999343,
    "grate_bay_ave_upstream": 0.10799999999999343,
    "gutter_walkway": 0.0,
    "grate_NE": 0.0,
    "grate_NW": 0.0,
    "corner_NE": 0.0,
    "corner_NW": 0.0,
    "curb": 0.0,
    "sidewalk_under_walkway_lawn_step": 0.0,
    "road_middle": 0.0,
    "intersection_highpoint": 0.0,
    "lawn_step": 0.0,
    "porch_step_base": 0.0,
    "porch_step1_top": 0.0,
    "porch_deck": 0.0,
    "regime": "street"
  },
  "depths_in_wind_adjusted": {
    "grate_SW": 0.0,
    "grate_SE": 0.0,
    "corner_SE": 0.0,
    "corner_SW": 0.0,
    "grate_bay_ave_upstream": 0.0,
    "gutter_walkway": 0.0,
    "grate_NE": 0.0,
    "grate_NW": 0.0,
    "corner_NE": 0.0,
    "corner_NW": 0.0,
    "curb": 0.0,
    "sidewalk_under_walkway_lawn_step": 0.0,
    "road_middle": 0.0,
    "intersection_highpoint": 0.0,
    "lawn_step": 0.0,
    "porch_step_base": 0.0,
    "porch_step1_top": 0.0,
    "porch_deck": 0.0,
    "regime": "dry"
  },
  "wind_adjustment": {
    "sector": "offshore",
    "adjustment_ft": -0.13,
    "wind_dir_at_peak": "SW",
    "wind_speed_at_peak": "5 mph",
    "note": "Forecast wind at peak (SW at 5 mph) is in the offshore sector \u2014 water at 342 Bay is typically ~1.6\" lower than the main prediction because bay-corner water is being pushed away from Highlands. Expect actual closer to this wind-adjusted estimate."
  },
  "hours_from_now": 55.81494221416666
}