{
  "time": "2026-07-16 22:22",
  "predicted_mllw": 5.93,
  "surge_ft": 0.7500000000000009,
  "forecast_peak_mllw": 6.680000000000001,
  "peak_rain_in_hr": 0.0,
  "peak_rain_offset_h": null,
  "rain_window_3h": [
    [
      -2.3666666666666667,
      0.0
    ],
    [
      -1.3666666666666667,
      0.0
    ],
    [
      -0.36666666666666664,
      0.0
    ],
    [
      0.6333333333333333,
      0.0
    ],
    [
      1.6333333333333333,
      0.0
    ],
    [
      2.6333333333333333,
      0.0
    ]
  ],
  "source": "surge-persistence",
  "depths_in": {
    "grate_SW": 4.080000000000009,
    "grate_SE": 3.120000000000008,
    "corner_SE": 2.6400000000000077,
    "corner_SW": 2.6400000000000077,
    "grate_bay_ave_upstream": 2.6400000000000077,
    "gutter_walkway": 0.9600000000000115,
    "grate_NE": 0.7200000000000113,
    "grate_NW": 0.7200000000000113,
    "corner_NE": 0.0,
    "corner_NW": 0.0,
    "curb": 0.0,
    "sidewalk_under_walkway_lawn_step": 0.0,
    "road_middle": 0.0,
    "intersection_highpoint": 0.0,
    "lawn_step": 0.0,
    "porch_step_base": 0.0,
    "porch_step1_top": 0.0,
    "porch_deck": 0.0,
    "regime": "street"
  },
  "depths_in_wind_adjusted": null,
  "wind_adjustment": {
    "sector": "onshore",
    "adjustment_ft": 0.0,
    "wind_dir_at_peak": "N",
    "wind_speed_at_peak": "15 mph",
    "note": "Forecast wind at peak (N at 15 mph) is in the onshore sector \u2014 water gets piled into the bay corner where Highlands sits. Main prediction applies."
  },
  "hours_from_now": 7.661189245
}