{
  "time": "2026-07-16 22:22",
  "predicted_mllw": 5.93,
  "surge_ft": 0.9355000000000002,
  "forecast_peak_mllw": 6.8655,
  "peak_rain_in_hr": 0.0,
  "peak_rain_offset_h": null,
  "rain_window_3h": [
    [
      -2.3666666666666667,
      0.0
    ],
    [
      -1.3666666666666667,
      0.0
    ],
    [
      -0.36666666666666664,
      0.0
    ],
    [
      0.6333333333333333,
      0.0
    ],
    [
      1.6333333333333333,
      0.0
    ],
    [
      2.6333333333333333,
      0.0
    ]
  ],
  "source": "surge-persistence",
  "depths_in": {
    "grate_SW": 6.306000000000006,
    "grate_SE": 5.346000000000005,
    "corner_SE": 4.866000000000005,
    "corner_SW": 4.866000000000005,
    "grate_bay_ave_upstream": 4.866000000000005,
    "gutter_walkway": 3.186000000000009,
    "grate_NE": 2.9460000000000086,
    "grate_NW": 2.9460000000000086,
    "corner_NE": 1.6260000000000048,
    "corner_NW": 1.6260000000000048,
    "curb": 0.0,
    "sidewalk_under_walkway_lawn_step": 0.0,
    "road_middle": 0.0,
    "intersection_highpoint": 0.0,
    "lawn_step": 0.0,
    "porch_step_base": 0.0,
    "porch_step1_top": 0.0,
    "porch_deck": 0.0,
    "regime": "street"
  },
  "depths_in_wind_adjusted": null,
  "wind_adjustment": {
    "sector": "onshore",
    "adjustment_ft": 0.0,
    "wind_dir_at_peak": "N",
    "wind_speed_at_peak": "10 mph",
    "note": "Forecast wind at peak (N at 10 mph) is in the onshore sector \u2014 water gets piled into the bay corner where Highlands sits. Main prediction applies."
  },
  "hours_from_now": -2.2599914216666668
}