{
  "time": "2026-07-16 22:22",
  "predicted_mllw": 5.93,
  "surge_ft": 0.8565999999999994,
  "forecast_peak_mllw": 6.786599999999999,
  "peak_rain_in_hr": 0.0,
  "peak_rain_offset_h": null,
  "rain_window_3h": [
    [
      -2.3666666666666667,
      0.0
    ],
    [
      -1.3666666666666667,
      0.0
    ],
    [
      -0.36666666666666664,
      0.0
    ],
    [
      0.6333333333333333,
      0.0
    ],
    [
      1.6333333333333333,
      0.0
    ],
    [
      2.6333333333333333,
      0.0
    ]
  ],
  "source": "surge-persistence",
  "depths_in": {
    "grate_SW": 5.359199999999991,
    "grate_SE": 4.39919999999999,
    "corner_SE": 3.9191999999999894,
    "corner_SW": 3.9191999999999894,
    "grate_bay_ave_upstream": 3.9191999999999894,
    "gutter_walkway": 2.239199999999993,
    "grate_NE": 1.999199999999993,
    "grate_NW": 1.999199999999993,
    "corner_NE": 0.6791999999999891,
    "corner_NW": 0.6791999999999891,
    "curb": 0.0,
    "sidewalk_under_walkway_lawn_step": 0.0,
    "road_middle": 0.0,
    "intersection_highpoint": 0.0,
    "lawn_step": 0.0,
    "porch_step_base": 0.0,
    "porch_step1_top": 0.0,
    "porch_deck": 0.0,
    "regime": "street"
  },
  "depths_in_wind_adjusted": null,
  "wind_adjustment": {
    "sector": "onshore",
    "adjustment_ft": 0.0,
    "wind_dir_at_peak": "N",
    "wind_speed_at_peak": "15 mph",
    "note": "Forecast wind at peak (N at 15 mph) is in the onshore sector \u2014 water gets piled into the bay corner where Highlands sits. Main prediction applies."
  },
  "hours_from_now": 8.79238905138889
}