{
  "time": "2026-06-14 19:58",
  "predicted_mllw": 6.386,
  "surge_ft": 0.8426999999999998,
  "forecast_peak_mllw": 7.2287,
  "peak_rain_in_hr": 0.0,
  "peak_rain_offset_h": null,
  "rain_window_3h": [],
  "source": "surge-persistence",
  "depths_in": {
    "lowest_sentinel_grate": 14.504399999999999,
    "lowest_road_corner": 14.024399999999998,
    "gutter_walkway": 12.344400000000002,
    "corner_grate": 10.784399999999998,
    "curb": 7.784399999999998,
    "road_middle": 5.384399999999996,
    "intersection": 3.2243999999999993,
    "lawn_step": 2.744399999999999,
    "porch_step": 0.0,
    "regime": "moderate"
  },
  "hours_from_now": 33.11518780916666
}