{
  "time": "2026-06-14 19:58",
  "predicted_mllw": 6.386,
  "surge_ft": 0.9811999999999999,
  "forecast_peak_mllw": 7.3672,
  "peak_rain_in_hr": 0.0,
  "peak_rain_offset_h": null,
  "rain_window_3h": [],
  "source": "surge-persistence",
  "depths_in": {
    "lowest_sentinel_grate": 16.166400000000003,
    "lowest_road_corner": 15.686400000000004,
    "gutter_walkway": 14.006400000000008,
    "corner_grate": 12.446400000000004,
    "curb": 9.446400000000004,
    "road_middle": 7.046400000000002,
    "intersection": 4.886400000000005,
    "lawn_step": 4.406400000000005,
    "porch_step": 0.0,
    "regime": "severe"
  },
  "hours_from_now": 49.22374971333333
}