{
  "time": "2026-06-14 19:58",
  "predicted_mllw": 6.386,
  "surge_ft": 0.46799999999999997,
  "forecast_peak_mllw": 6.854,
  "peak_rain_in_hr": 0.0,
  "peak_rain_offset_h": null,
  "rain_window_3h": [],
  "source": "surge-persistence",
  "depths_in": {
    "lowest_sentinel_grate": 10.008000000000012,
    "lowest_road_corner": 9.528000000000011,
    "gutter_walkway": 7.848000000000015,
    "corner_grate": 6.288000000000011,
    "curb": 3.288000000000011,
    "road_middle": 0.8880000000000088,
    "intersection": 0.0,
    "lawn_step": 0.0,
    "porch_step": 0.0,
    "regime": "light"
  },
  "hours_from_now": 18.051925538333332
}