{
  "time": "2026-06-14 19:58",
  "predicted_mllw": 6.386,
  "surge_ft": 0.7709999999999999,
  "forecast_peak_mllw": 7.157,
  "peak_rain_in_hr": 0.0,
  "peak_rain_offset_h": null,
  "rain_window_3h": [],
  "source": "surge-persistence",
  "depths_in": {
    "lowest_sentinel_grate": 13.644,
    "lowest_road_corner": 13.164,
    "gutter_walkway": 11.484000000000004,
    "corner_grate": 9.924,
    "curb": 6.9239999999999995,
    "road_middle": 4.523999999999997,
    "intersection": 2.3640000000000008,
    "lawn_step": 1.8840000000000003,
    "porch_step": 0.0,
    "regime": "moderate"
  },
  "hours_from_now": 7.230073346666667
}