{
  "time": "2026-06-14 19:58",
  "predicted_mllw": 6.386,
  "surge_ft": 0.4290999999999999,
  "forecast_peak_mllw": 6.8151,
  "peak_rain_in_hr": 0.0,
  "peak_rain_offset_h": null,
  "rain_window_3h": [],
  "source": "surge-persistence",
  "depths_in": {
    "lowest_sentinel_grate": 9.541200000000012,
    "lowest_road_corner": 9.061200000000012,
    "gutter_walkway": 7.381200000000016,
    "corner_grate": 5.821200000000012,
    "curb": 2.8212000000000117,
    "road_middle": 0.42120000000000957,
    "intersection": 0.0,
    "lawn_step": 0.0,
    "porch_step": 0.0,
    "regime": "light"
  },
  "hours_from_now": 64.73135966305556
}