{
  "time": "2026-06-14 19:58",
  "predicted_mllw": 6.386,
  "surge_ft": 0.6180000000000001,
  "forecast_peak_mllw": 7.0040000000000004,
  "peak_rain_in_hr": 0.0,
  "peak_rain_offset_h": null,
  "rain_window_3h": [],
  "source": "surge-persistence",
  "depths_in": {
    "lowest_sentinel_grate": 11.808000000000016,
    "lowest_road_corner": 11.328000000000015,
    "gutter_walkway": 9.64800000000002,
    "corner_grate": 8.088000000000015,
    "curb": 5.088000000000015,
    "road_middle": 2.688000000000013,
    "intersection": 0.5280000000000165,
    "lawn_step": 0.04800000000001603,
    "porch_step": 0.0,
    "regime": "moderate"
  },
  "hours_from_now": 4.358493723333333
}