{
  "time": "2026-06-14 19:58",
  "predicted_mllw": 6.386,
  "surge_ft": 0.49040000000000017,
  "forecast_peak_mllw": 6.8764,
  "peak_rain_in_hr": 0.0,
  "peak_rain_offset_h": null,
  "rain_window_3h": [],
  "source": "surge-persistence",
  "depths_in": {
    "lowest_sentinel_grate": 10.276800000000003,
    "lowest_road_corner": 9.796800000000003,
    "gutter_walkway": 8.116800000000007,
    "corner_grate": 6.556800000000003,
    "curb": 3.5568000000000026,
    "road_middle": 1.1568000000000005,
    "intersection": 0.0,
    "lawn_step": 0.0,
    "porch_step": 0.0,
    "regime": "light"
  },
  "hours_from_now": 18.97549652027778
}