{
  "time": "2026-06-14 19:58",
  "predicted_mllw": 6.386,
  "surge_ft": 0.5332,
  "forecast_peak_mllw": 6.9192,
  "peak_rain_in_hr": 0.0,
  "peak_rain_offset_h": null,
  "rain_window_3h": [],
  "source": "surge-persistence",
  "depths_in": {
    "lowest_sentinel_grate": 10.7904,
    "lowest_road_corner": 10.3104,
    "gutter_walkway": 8.630400000000003,
    "corner_grate": 7.070399999999999,
    "curb": 4.070399999999999,
    "road_middle": 1.6703999999999972,
    "intersection": 0.0,
    "lawn_step": 0.0,
    "porch_step": 0.0,
    "regime": "moderate"
  },
  "hours_from_now": 2.4325381419444447
}