{
  "time": "2026-06-14 19:58",
  "predicted_mllw": 6.386,
  "surge_ft": 0.6270000000000007,
  "forecast_peak_mllw": 7.013000000000001,
  "peak_rain_in_hr": 0.0,
  "peak_rain_offset_h": null,
  "rain_window_3h": [],
  "source": "surge-persistence",
  "depths_in": {
    "lowest_sentinel_grate": 11.91600000000002,
    "lowest_road_corner": 11.43600000000002,
    "gutter_walkway": 9.756000000000023,
    "corner_grate": 8.19600000000002,
    "curb": 5.196000000000019,
    "road_middle": 2.796000000000017,
    "intersection": 0.6360000000000205,
    "lawn_step": 0.15600000000002012,
    "porch_step": 0.0,
    "regime": "moderate"
  },
  "hours_from_now": 45.37984268861111
}