{
  "time": "2026-06-14 19:58",
  "predicted_mllw": 6.386,
  "surge_ft": 0.5665,
  "forecast_peak_mllw": 6.952500000000001,
  "peak_rain_in_hr": 0.0,
  "peak_rain_offset_h": null,
  "rain_window_3h": [],
  "source": "surge-persistence",
  "depths_in": {
    "lowest_sentinel_grate": 11.190000000000007,
    "lowest_road_corner": 10.710000000000006,
    "gutter_walkway": 9.03000000000001,
    "corner_grate": 7.470000000000006,
    "curb": 4.470000000000006,
    "road_middle": 2.070000000000004,
    "intersection": 0.0,
    "lawn_step": 0.0,
    "porch_step": 0.0,
    "regime": "moderate"
  },
  "hours_from_now": 5.1509996466666665
}