{
  "time": "2026-06-14 19:58",
  "predicted_mllw": 6.386,
  "surge_ft": 0.5982999999999998,
  "forecast_peak_mllw": 6.9843,
  "peak_rain_in_hr": 0.0,
  "peak_rain_offset_h": null,
  "rain_window_3h": [],
  "source": "surge-persistence",
  "depths_in": {
    "lowest_sentinel_grate": 11.571600000000013,
    "lowest_road_corner": 11.091600000000012,
    "gutter_walkway": 9.411600000000016,
    "corner_grate": 7.851600000000012,
    "curb": 4.851600000000012,
    "road_middle": 2.4516000000000098,
    "intersection": 0.2916000000000132,
    "lawn_step": 0.0,
    "porch_step": 0.0,
    "regime": "moderate"
  },
  "hours_from_now": 54.706628485555555
}