{
  "time": "2026-06-14 19:58",
  "predicted_mllw": 6.386,
  "surge_ft": 0.7344999999999999,
  "forecast_peak_mllw": 7.1205,
  "peak_rain_in_hr": 0.0,
  "peak_rain_offset_h": null,
  "rain_window_3h": [],
  "source": "surge-persistence",
  "depths_in": {
    "lowest_sentinel_grate": 13.205999999999998,
    "lowest_road_corner": 12.725999999999997,
    "gutter_walkway": 11.046000000000001,
    "corner_grate": 9.485999999999997,
    "curb": 6.485999999999997,
    "road_middle": 4.085999999999995,
    "intersection": 1.9259999999999984,
    "lawn_step": 1.445999999999998,
    "porch_step": 0.0,
    "regime": "moderate"
  },
  "hours_from_now": 50.90269550111111
}