{
  "time": "2026-06-14 19:58",
  "predicted_mllw": 6.386,
  "surge_ft": 0.6736,
  "forecast_peak_mllw": 7.0596,
  "peak_rain_in_hr": 0.0,
  "peak_rain_offset_h": null,
  "rain_window_3h": [],
  "source": "surge-persistence",
  "depths_in": {
    "lowest_sentinel_grate": 12.475199999999996,
    "lowest_road_corner": 11.995199999999995,
    "gutter_walkway": 10.315199999999999,
    "corner_grate": 8.755199999999995,
    "curb": 5.755199999999995,
    "road_middle": 3.355199999999993,
    "intersection": 1.1951999999999963,
    "lawn_step": 0.7151999999999958,
    "porch_step": 0.0,
    "regime": "moderate"
  },
  "hours_from_now": 1.3905296772222222
}