{
  "time": "2026-06-14 19:58",
  "predicted_mllw": 6.386,
  "surge_ft": 1.0990000000000002,
  "forecast_peak_mllw": 7.485,
  "peak_rain_in_hr": 0.0,
  "peak_rain_offset_h": null,
  "rain_window_3h": [],
  "source": "surge-persistence",
  "depths_in": {
    "lowest_sentinel_grate": 17.580000000000013,
    "lowest_road_corner": 17.100000000000016,
    "gutter_walkway": 15.420000000000018,
    "corner_grate": 13.860000000000014,
    "curb": 10.860000000000014,
    "road_middle": 8.460000000000012,
    "intersection": 6.300000000000015,
    "lawn_step": 5.8200000000000145,
    "porch_step": 0.0,
    "regime": "severe"
  },
  "hours_from_now": -1.5571416975
}