{
  "time": "2026-06-14 19:58",
  "predicted_mllw": 6.386,
  "surge_ft": 1.0076,
  "forecast_peak_mllw": 7.3936,
  "peak_rain_in_hr": 0.0,
  "peak_rain_offset_h": null,
  "rain_window_3h": [],
  "source": "surge-persistence",
  "depths_in": {
    "lowest_sentinel_grate": 16.48320000000001,
    "lowest_road_corner": 16.003200000000014,
    "gutter_walkway": 14.323200000000016,
    "corner_grate": 12.763200000000012,
    "curb": 9.763200000000012,
    "road_middle": 7.36320000000001,
    "intersection": 5.203200000000013,
    "lawn_step": 4.723200000000013,
    "porch_step": 0.0,
    "regime": "severe"
  },
  "hours_from_now": 48.26471940305555
}