{
  "time": "2026-06-14 19:58",
  "predicted_mllw": 6.386,
  "surge_ft": 0.7340000000000004,
  "forecast_peak_mllw": 7.120000000000001,
  "peak_rain_in_hr": 0.0,
  "peak_rain_offset_h": null,
  "rain_window_3h": [],
  "source": "surge-persistence",
  "depths_in": {
    "lowest_sentinel_grate": 13.200000000000012,
    "lowest_road_corner": 12.720000000000011,
    "gutter_walkway": 11.040000000000015,
    "corner_grate": 9.480000000000011,
    "curb": 6.480000000000011,
    "road_middle": 4.080000000000009,
    "intersection": 1.9200000000000124,
    "lawn_step": 1.440000000000012,
    "porch_step": 0.0,
    "regime": "moderate"
  },
  "hours_from_now": 34.823160843888886
}