{
  "time": "2026-06-14 19:58",
  "predicted_mllw": 6.386,
  "surge_ft": 0.8242000000000003,
  "forecast_peak_mllw": 7.2102,
  "peak_rain_in_hr": 0.0,
  "peak_rain_offset_h": null,
  "rain_window_3h": [],
  "source": "surge-persistence",
  "depths_in": {
    "lowest_sentinel_grate": 14.282400000000004,
    "lowest_road_corner": 13.802400000000004,
    "gutter_walkway": 12.122400000000008,
    "corner_grate": 10.562400000000004,
    "curb": 7.562400000000004,
    "road_middle": 5.162400000000002,
    "intersection": 3.002400000000005,
    "lawn_step": 2.5224000000000046,
    "porch_step": 0.0,
    "regime": "moderate"
  },
  "hours_from_now": 22.452222263888892
}