{
  "time": "2026-06-14 19:58",
  "predicted_mllw": 6.386,
  "surge_ft": 0.6671999999999993,
  "forecast_peak_mllw": 7.0531999999999995,
  "peak_rain_in_hr": 0.0,
  "peak_rain_offset_h": null,
  "rain_window_3h": [],
  "source": "surge-persistence",
  "depths_in": {
    "lowest_sentinel_grate": 12.398400000000004,
    "lowest_road_corner": 11.918400000000004,
    "gutter_walkway": 10.238400000000007,
    "corner_grate": 8.678400000000003,
    "curb": 5.6784000000000034,
    "road_middle": 3.2784000000000013,
    "intersection": 1.1184000000000047,
    "lawn_step": 0.6384000000000043,
    "porch_step": 0.0,
    "regime": "moderate"
  },
  "hours_from_now": 71.08995271222221
}