{
  "time": "2026-06-14 19:58",
  "predicted_mllw": 6.386,
  "surge_ft": 0.6357999999999999,
  "forecast_peak_mllw": 7.0218,
  "peak_rain_in_hr": 0.0,
  "peak_rain_offset_h": null,
  "rain_window_3h": [],
  "source": "surge-persistence",
  "depths_in": {
    "lowest_sentinel_grate": 12.021600000000008,
    "lowest_road_corner": 11.541600000000008,
    "gutter_walkway": 9.861600000000012,
    "corner_grate": 8.301600000000008,
    "curb": 5.301600000000008,
    "road_middle": 2.9016000000000055,
    "intersection": 0.7416000000000089,
    "lawn_step": 0.2616000000000085,
    "porch_step": 0.0,
    "regime": "moderate"
  },
  "hours_from_now": 29.181229520833334
}