{
  "time": "2026-06-14 19:58",
  "predicted_mllw": 6.386,
  "surge_ft": 0.4742,
  "forecast_peak_mllw": 6.8602,
  "peak_rain_in_hr": 0.0,
  "peak_rain_offset_h": null,
  "rain_window_3h": [],
  "source": "surge-persistence",
  "depths_in": {
    "lowest_sentinel_grate": 10.082400000000009,
    "lowest_road_corner": 9.602400000000008,
    "gutter_walkway": 7.922400000000012,
    "corner_grate": 6.362400000000008,
    "curb": 3.362400000000008,
    "road_middle": 0.9624000000000059,
    "intersection": 0.0,
    "lawn_step": 0.0,
    "porch_step": 0.0,
    "regime": "light"
  },
  "hours_from_now": 27.39522422222222
}