{
  "time": "2026-06-14 19:58",
  "predicted_mllw": 6.386,
  "surge_ft": 0.9649999999999999,
  "forecast_peak_mllw": 7.351,
  "peak_rain_in_hr": 0.0,
  "peak_rain_offset_h": null,
  "rain_window_3h": [],
  "source": "surge-persistence",
  "depths_in": {
    "lowest_sentinel_grate": 15.97200000000001,
    "lowest_road_corner": 15.49200000000001,
    "gutter_walkway": 13.812000000000014,
    "corner_grate": 12.25200000000001,
    "curb": 9.25200000000001,
    "road_middle": 6.852000000000007,
    "intersection": 4.692000000000011,
    "lawn_step": 4.21200000000001,
    "porch_step": 0.0,
    "regime": "severe"
  },
  "hours_from_now": 0.39615715194444445
}