{
  "time": "2026-06-14 19:58",
  "predicted_mllw": 6.386,
  "surge_ft": 0.5866000000000007,
  "forecast_peak_mllw": 6.972600000000001,
  "peak_rain_in_hr": 0.0,
  "peak_rain_offset_h": null,
  "rain_window_3h": [],
  "source": "surge-persistence",
  "depths_in": {
    "lowest_sentinel_grate": 11.43120000000002,
    "lowest_road_corner": 10.95120000000002,
    "gutter_walkway": 9.271200000000023,
    "corner_grate": 7.711200000000019,
    "curb": 4.711200000000019,
    "road_middle": 2.3112000000000172,
    "intersection": 0.15120000000002065,
    "lawn_step": 0.0,
    "porch_step": 0.0,
    "regime": "moderate"
  },
  "hours_from_now": 70.18065039527778
}