{
  "time": "2026-06-14 19:58",
  "predicted_mllw": 6.386,
  "surge_ft": 0.44459999999999944,
  "forecast_peak_mllw": 6.8306,
  "peak_rain_in_hr": 0.0,
  "peak_rain_offset_h": null,
  "rain_window_3h": [],
  "source": "surge-persistence",
  "depths_in": {
    "lowest_sentinel_grate": 9.727200000000005,
    "lowest_road_corner": 9.247200000000005,
    "gutter_walkway": 7.567200000000009,
    "corner_grate": 6.0072000000000045,
    "curb": 3.0072000000000045,
    "road_middle": 0.6072000000000024,
    "intersection": 0.0,
    "lawn_step": 0.0,
    "porch_step": 0.0,
    "regime": "light"
  },
  "hours_from_now": 68.3931408975
}