{
  "time": "2026-06-14 19:58",
  "predicted_mllw": 6.386,
  "surge_ft": 0.6196000000000002,
  "forecast_peak_mllw": 7.0056,
  "peak_rain_in_hr": 0.0,
  "peak_rain_offset_h": null,
  "rain_window_3h": [],
  "source": "surge-persistence",
  "depths_in": {
    "lowest_sentinel_grate": 11.827200000000014,
    "lowest_road_corner": 11.347200000000013,
    "gutter_walkway": 9.667200000000017,
    "corner_grate": 8.107200000000013,
    "curb": 5.107200000000013,
    "road_middle": 2.707200000000011,
    "intersection": 0.5472000000000143,
    "lawn_step": 0.06720000000001392,
    "porch_step": 0.0,
    "regime": "moderate"
  },
  "hours_from_now": 66.96016551083333
}