{
  "time": "2026-06-14 19:58",
  "predicted_mllw": 6.386,
  "surge_ft": 0.5720000000000001,
  "forecast_peak_mllw": 6.958,
  "peak_rain_in_hr": 0.0,
  "peak_rain_offset_h": null,
  "rain_window_3h": [],
  "source": "surge-persistence",
  "depths_in": {
    "lowest_sentinel_grate": 11.256000000000002,
    "lowest_road_corner": 10.776000000000002,
    "gutter_walkway": 9.096000000000005,
    "corner_grate": 7.536000000000001,
    "curb": 4.536000000000001,
    "road_middle": 2.1359999999999992,
    "intersection": 0.0,
    "lawn_step": 0.0,
    "porch_step": 0.0,
    "regime": "moderate"
  },
  "hours_from_now": 30.35585927972222
}