{
  "time": "2026-06-14 19:58",
  "predicted_mllw": 6.386,
  "surge_ft": 1.1385999999999998,
  "forecast_peak_mllw": 7.5245999999999995,
  "peak_rain_in_hr": 0.0,
  "peak_rain_offset_h": null,
  "rain_window_3h": [],
  "source": "surge-persistence",
  "depths_in": {
    "lowest_sentinel_grate": 18.055199999999992,
    "lowest_road_corner": 17.575199999999995,
    "gutter_walkway": 15.895199999999997,
    "corner_grate": 14.335199999999993,
    "curb": 11.335199999999993,
    "road_middle": 8.935199999999991,
    "intersection": 6.775199999999995,
    "lawn_step": 6.295199999999994,
    "porch_step": 0.29519999999999413,
    "regime": "severe"
  },
  "hours_from_now": -0.5743725188888888
}