{
  "time": "2026-06-14 19:58",
  "predicted_mllw": 6.386,
  "surge_ft": 0.7860000000000005,
  "forecast_peak_mllw": 7.172000000000001,
  "peak_rain_in_hr": 0.0,
  "peak_rain_offset_h": null,
  "rain_window_3h": [],
  "source": "surge-persistence",
  "depths_in": {
    "lowest_sentinel_grate": 13.824000000000007,
    "lowest_road_corner": 13.344000000000007,
    "gutter_walkway": 11.66400000000001,
    "corner_grate": 10.104000000000006,
    "curb": 7.104000000000006,
    "road_middle": 4.704000000000004,
    "intersection": 2.5440000000000076,
    "lawn_step": 2.064000000000007,
    "porch_step": 0.0,
    "regime": "moderate"
  },
  "hours_from_now": 46.356547284444446
}