{
  "time": "2026-06-14 19:58",
  "predicted_mllw": 6.386,
  "surge_ft": 0.6020000000000001,
  "forecast_peak_mllw": 6.988,
  "peak_rain_in_hr": 0.0,
  "peak_rain_offset_h": null,
  "rain_window_3h": [],
  "source": "surge-persistence",
  "depths_in": {
    "lowest_sentinel_grate": 11.616000000000016,
    "lowest_road_corner": 11.136000000000015,
    "gutter_walkway": 9.456000000000019,
    "corner_grate": 7.896000000000015,
    "curb": 4.896000000000015,
    "road_middle": 2.496000000000013,
    "intersection": 0.3360000000000163,
    "lawn_step": 0.0,
    "porch_step": 0.0,
    "regime": "moderate"
  },
  "hours_from_now": 38.38150374361111
}