{
  "time": "2026-06-14 19:58",
  "predicted_mllw": 6.386,
  "surge_ft": 0.44189999999999996,
  "forecast_peak_mllw": 6.8279,
  "peak_rain_in_hr": 0.0,
  "peak_rain_offset_h": null,
  "rain_window_3h": [],
  "source": "surge-persistence",
  "depths_in": {
    "lowest_sentinel_grate": 9.694799999999995,
    "lowest_road_corner": 9.214799999999995,
    "gutter_walkway": 7.534799999999999,
    "corner_grate": 5.974799999999995,
    "curb": 2.974799999999995,
    "road_middle": 0.5747999999999927,
    "intersection": 0.0,
    "lawn_step": 0.0,
    "porch_step": 0.0,
    "regime": "light"
  },
  "hours_from_now": 42.11981663472222
}