{
  "time": "2026-06-14 19:58",
  "predicted_mllw": 6.386,
  "surge_ft": 0.6005000000000003,
  "forecast_peak_mllw": 6.9865,
  "peak_rain_in_hr": 0.0,
  "peak_rain_offset_h": null,
  "rain_window_3h": [],
  "source": "surge-persistence",
  "depths_in": {
    "lowest_sentinel_grate": 11.598000000000015,
    "lowest_road_corner": 11.118000000000015,
    "gutter_walkway": 9.438000000000018,
    "corner_grate": 7.878000000000014,
    "curb": 4.878000000000014,
    "road_middle": 2.478000000000012,
    "intersection": 0.3180000000000156,
    "lawn_step": 0.0,
    "porch_step": 0.0,
    "regime": "moderate"
  },
  "hours_from_now": 16.719823863333332
}