{
  "time": "2026-06-14 19:58",
  "predicted_mllw": 6.386,
  "surge_ft": 0.8270000000000002,
  "forecast_peak_mllw": 7.213,
  "peak_rain_in_hr": 0.0,
  "peak_rain_offset_h": null,
  "rain_window_3h": [],
  "source": "surge-persistence",
  "depths_in": {
    "lowest_sentinel_grate": 14.316000000000011,
    "lowest_road_corner": 13.836000000000011,
    "gutter_walkway": 12.156000000000015,
    "corner_grate": 10.59600000000001,
    "curb": 7.596000000000011,
    "road_middle": 5.196000000000009,
    "intersection": 3.036000000000012,
    "lawn_step": 2.5560000000000116,
    "porch_step": 0.0,
    "regime": "moderate"
  },
  "hours_from_now": 52.84389773777777
}