{
  "time": "2026-06-14 19:58",
  "predicted_mllw": 6.386,
  "surge_ft": 0.968799999999999,
  "forecast_peak_mllw": 7.354799999999999,
  "peak_rain_in_hr": 0.0,
  "peak_rain_offset_h": null,
  "rain_window_3h": [],
  "source": "surge-persistence",
  "depths_in": {
    "lowest_sentinel_grate": 16.017599999999987,
    "lowest_road_corner": 15.537599999999989,
    "gutter_walkway": 13.857599999999993,
    "corner_grate": 12.297599999999989,
    "curb": 9.297599999999989,
    "road_middle": 6.897599999999986,
    "intersection": 4.73759999999999,
    "lawn_step": 4.257599999999989,
    "porch_step": 0.0,
    "regime": "severe"
  },
  "hours_from_now": 8.947447968333334
}