{
  "time": "2026-06-14 19:58",
  "predicted_mllw": 6.386,
  "surge_ft": 0.58,
  "forecast_peak_mllw": 6.966,
  "peak_rain_in_hr": 0.0,
  "peak_rain_offset_h": null,
  "rain_window_3h": [],
  "source": "surge-persistence",
  "depths_in": {
    "lowest_sentinel_grate": 11.352000000000013,
    "lowest_road_corner": 10.872000000000012,
    "gutter_walkway": 9.192000000000016,
    "corner_grate": 7.632000000000012,
    "curb": 4.632000000000012,
    "road_middle": 2.23200000000001,
    "intersection": 0.07200000000001339,
    "lawn_step": 0.0,
    "porch_step": 0.0,
    "regime": "moderate"
  },
  "hours_from_now": 14.326373611666666
}