{
  "time": "2026-06-14 19:58",
  "predicted_mllw": 6.386,
  "surge_ft": 0.7416999999999998,
  "forecast_peak_mllw": 7.1277,
  "peak_rain_in_hr": 0.0,
  "peak_rain_offset_h": null,
  "rain_window_3h": [],
  "source": "surge-persistence",
  "depths_in": {
    "lowest_sentinel_grate": 13.29240000000001,
    "lowest_road_corner": 12.81240000000001,
    "gutter_walkway": 11.132400000000013,
    "corner_grate": 9.572400000000009,
    "curb": 6.572400000000009,
    "road_middle": 4.172400000000007,
    "intersection": 2.01240000000001,
    "lawn_step": 1.5324000000000098,
    "porch_step": 0.0,
    "regime": "moderate"
  },
  "hours_from_now": 20.502223895555556
}