{
  "time": "2026-06-14 19:58",
  "predicted_mllw": 6.386,
  "surge_ft": 0.41969999999999974,
  "forecast_peak_mllw": 6.8057,
  "peak_rain_in_hr": 0.0,
  "peak_rain_offset_h": null,
  "rain_window_3h": [],
  "source": "surge-persistence",
  "depths_in": {
    "lowest_sentinel_grate": 9.428399999999998,
    "lowest_road_corner": 8.948399999999998,
    "gutter_walkway": 7.2684000000000015,
    "corner_grate": 5.7083999999999975,
    "curb": 2.7083999999999975,
    "road_middle": 0.30839999999999534,
    "intersection": 0.0,
    "lawn_step": 0.0,
    "porch_step": 0.0,
    "regime": "light"
  },
  "hours_from_now": 42.98160692222223
}