{
  "time": "2026-06-14 19:58",
  "predicted_mllw": 6.386,
  "surge_ft": 0.9319999999999999,
  "forecast_peak_mllw": 7.318,
  "peak_rain_in_hr": 0.0,
  "peak_rain_offset_h": null,
  "rain_window_3h": [],
  "source": "surge-persistence",
  "depths_in": {
    "lowest_sentinel_grate": 15.575999999999995,
    "lowest_road_corner": 15.095999999999995,
    "gutter_walkway": 13.415999999999999,
    "corner_grate": 11.855999999999995,
    "curb": 8.855999999999995,
    "road_middle": 6.455999999999992,
    "intersection": 4.295999999999996,
    "lawn_step": 3.8159999999999954,
    "porch_step": 0.0,
    "regime": "severe"
  },
  "hours_from_now": 62.31359744722222
}