{
  "time": "2026-06-14 19:58",
  "predicted_mllw": 6.386,
  "surge_ft": 0.875,
  "forecast_peak_mllw": 7.261,
  "peak_rain_in_hr": 0.0,
  "peak_rain_offset_h": null,
  "rain_window_3h": [],
  "source": "surge-persistence",
  "depths_in": {
    "lowest_sentinel_grate": 14.892000000000012,
    "lowest_road_corner": 14.412000000000011,
    "gutter_walkway": 12.732000000000015,
    "corner_grate": 11.172000000000011,
    "curb": 8.172000000000011,
    "road_middle": 5.772000000000009,
    "intersection": 3.6120000000000125,
    "lawn_step": 3.132000000000012,
    "porch_step": 0.0,
    "regime": "severe"
  },
  "hours_from_now": 36.573804233888886
}