{
  "time": "2026-06-14 19:58",
  "predicted_mllw": 6.386,
  "surge_ft": 0.8437999999999999,
  "forecast_peak_mllw": 7.2298,
  "peak_rain_in_hr": 0.0,
  "peak_rain_offset_h": null,
  "rain_window_3h": [],
  "source": "surge-persistence",
  "depths_in": {
    "lowest_sentinel_grate": 14.51760000000001,
    "lowest_road_corner": 14.03760000000001,
    "gutter_walkway": 12.357600000000014,
    "corner_grate": 10.79760000000001,
    "curb": 7.79760000000001,
    "road_middle": 5.397600000000008,
    "intersection": 3.237600000000011,
    "lawn_step": 2.7576000000000107,
    "porch_step": 0.0,
    "regime": "moderate"
  },
  "hours_from_now": 21.524700866388887
}