{
  "time": "2026-06-14 19:58",
  "predicted_mllw": 6.386,
  "surge_ft": 0.927,
  "forecast_peak_mllw": 7.313000000000001,
  "peak_rain_in_hr": 0.0,
  "peak_rain_offset_h": null,
  "rain_window_3h": [],
  "source": "surge-persistence",
  "depths_in": {
    "lowest_sentinel_grate": 15.516000000000007,
    "lowest_road_corner": 15.036000000000007,
    "gutter_walkway": 13.35600000000001,
    "corner_grate": 11.796000000000006,
    "curb": 8.796000000000006,
    "road_middle": 6.396000000000004,
    "intersection": 4.236000000000008,
    "lawn_step": 3.7560000000000073,
    "porch_step": 0.0,
    "regime": "severe"
  },
  "hours_from_now": 10.799738717777778
}