{
  "time": "2026-06-14 19:58",
  "predicted_mllw": 6.386,
  "surge_ft": 0.8176000000000005,
  "forecast_peak_mllw": 7.203600000000001,
  "peak_rain_in_hr": 0.0,
  "peak_rain_offset_h": null,
  "rain_window_3h": [],
  "source": "surge-persistence",
  "depths_in": {
    "lowest_sentinel_grate": 14.203200000000018,
    "lowest_road_corner": 13.723200000000018,
    "gutter_walkway": 12.043200000000022,
    "corner_grate": 10.483200000000018,
    "curb": 7.483200000000018,
    "road_middle": 5.083200000000016,
    "intersection": 2.923200000000019,
    "lawn_step": 2.4432000000000187,
    "porch_step": 0.0,
    "regime": "moderate"
  },
  "hours_from_now": 58.476174593611105
}