{
  "time": "2026-06-14 19:58",
  "predicted_mllw": 6.386,
  "surge_ft": 0.8895999999999997,
  "forecast_peak_mllw": 7.2756,
  "peak_rain_in_hr": 0.0,
  "peak_rain_offset_h": null,
  "rain_window_3h": [],
  "source": "surge-persistence",
  "depths_in": {
    "lowest_sentinel_grate": 15.067200000000009,
    "lowest_road_corner": 14.587200000000008,
    "gutter_walkway": 12.907200000000012,
    "corner_grate": 11.347200000000008,
    "curb": 8.347200000000008,
    "road_middle": 5.947200000000006,
    "intersection": 3.7872000000000092,
    "lawn_step": 3.307200000000009,
    "porch_step": 0.0,
    "regime": "severe"
  },
  "hours_from_now": 47.15778056861111
}