{
  "time": "2026-06-14 19:58",
  "predicted_mllw": 6.386,
  "surge_ft": 0.5195999999999998,
  "forecast_peak_mllw": 6.9056,
  "peak_rain_in_hr": 0.0,
  "peak_rain_offset_h": null,
  "rain_window_3h": [],
  "source": "surge-persistence",
  "depths_in": {
    "lowest_sentinel_grate": 10.627199999999997,
    "lowest_road_corner": 10.147199999999996,
    "gutter_walkway": 8.4672,
    "corner_grate": 6.907199999999996,
    "curb": 3.907199999999996,
    "road_middle": 1.5071999999999939,
    "intersection": 0.0,
    "lawn_step": 0.0,
    "porch_step": 0.0,
    "regime": "light"
  },
  "hours_from_now": 26.41278808666667
}