{
  "time": "2026-06-14 19:58",
  "predicted_mllw": 6.386,
  "surge_ft": 0.4534,
  "forecast_peak_mllw": 6.8394,
  "peak_rain_in_hr": 0.0,
  "peak_rain_offset_h": null,
  "rain_window_3h": [],
  "source": "surge-persistence",
  "depths_in": {
    "lowest_sentinel_grate": 9.832800000000015,
    "lowest_road_corner": 9.352800000000014,
    "gutter_walkway": 7.672800000000018,
    "corner_grate": 6.112800000000014,
    "curb": 3.1128000000000142,
    "road_middle": 0.7128000000000121,
    "intersection": 0.0,
    "lawn_step": 0.0,
    "porch_step": 0.0,
    "regime": "light"
  },
  "hours_from_now": 40.7587118825
}