{
  "time": "2026-06-14 19:58",
  "predicted_mllw": 6.386,
  "surge_ft": 0.9239999999999999,
  "forecast_peak_mllw": 7.3100000000000005,
  "peak_rain_in_hr": 0.0,
  "peak_rain_offset_h": null,
  "rain_window_3h": [],
  "source": "surge-persistence",
  "depths_in": {
    "lowest_sentinel_grate": 15.480000000000006,
    "lowest_road_corner": 15.000000000000005,
    "gutter_walkway": 13.32000000000001,
    "corner_grate": 11.760000000000005,
    "curb": 8.760000000000005,
    "road_middle": 6.360000000000003,
    "intersection": 4.200000000000006,
    "lawn_step": 3.720000000000006,
    "porch_step": 0.0,
    "regime": "severe"
  },
  "hours_from_now": 24.397000684166667
}