{
  "time": "2026-06-14 19:58",
  "predicted_mllw": 6.386,
  "surge_ft": 0.9444000000000001,
  "forecast_peak_mllw": 7.3304,
  "peak_rain_in_hr": 0.0,
  "peak_rain_offset_h": null,
  "rain_window_3h": [],
  "source": "surge-persistence",
  "depths_in": {
    "lowest_sentinel_grate": 15.72480000000001,
    "lowest_road_corner": 15.24480000000001,
    "gutter_walkway": 13.564800000000014,
    "corner_grate": 12.00480000000001,
    "curb": 9.00480000000001,
    "road_middle": 6.604800000000008,
    "intersection": 4.444800000000011,
    "lawn_step": 3.964800000000011,
    "porch_step": 0.0,
    "regime": "severe"
  },
  "hours_from_now": 12.275104304722223
}