{
  "time": "2026-06-14 19:58",
  "predicted_mllw": 6.386,
  "surge_ft": 0.6345000000000001,
  "forecast_peak_mllw": 7.0205,
  "peak_rain_in_hr": 0.0,
  "peak_rain_offset_h": null,
  "rain_window_3h": [],
  "source": "surge-persistence",
  "depths_in": {
    "lowest_sentinel_grate": 12.006000000000002,
    "lowest_road_corner": 11.526000000000002,
    "gutter_walkway": 9.846000000000005,
    "corner_grate": 8.286000000000001,
    "curb": 5.286000000000001,
    "road_middle": 2.8859999999999992,
    "intersection": 0.7260000000000026,
    "lawn_step": 0.24600000000000222,
    "porch_step": 0.0,
    "regime": "moderate"
  },
  "hours_from_now": 28.366480035833334
}