{
  "time": "2026-06-14 19:58",
  "predicted_mllw": 6.386,
  "surge_ft": 0.9713999999999996,
  "forecast_peak_mllw": 7.3574,
  "peak_rain_in_hr": 0.0,
  "peak_rain_offset_h": null,
  "rain_window_3h": [],
  "source": "surge-persistence",
  "depths_in": {
    "lowest_sentinel_grate": 16.0488,
    "lowest_road_corner": 15.568800000000001,
    "gutter_walkway": 13.888800000000005,
    "corner_grate": 12.328800000000001,
    "curb": 9.328800000000001,
    "road_middle": 6.928799999999999,
    "intersection": 4.768800000000002,
    "lawn_step": 4.288800000000002,
    "porch_step": 0.0,
    "regime": "severe"
  },
  "hours_from_now": 60.24410833361111
}