{
  "time": "2026-06-14 19:58",
  "predicted_mllw": 6.386,
  "surge_ft": 0.8952000000000004,
  "forecast_peak_mllw": 7.2812,
  "peak_rain_in_hr": 0.0,
  "peak_rain_offset_h": null,
  "rain_window_3h": [],
  "source": "surge-persistence",
  "depths_in": {
    "lowest_sentinel_grate": 15.134400000000001,
    "lowest_road_corner": 14.6544,
    "gutter_walkway": 12.974400000000005,
    "corner_grate": 11.4144,
    "curb": 8.4144,
    "road_middle": 6.014399999999998,
    "intersection": 3.854400000000002,
    "lawn_step": 3.3744000000000014,
    "porch_step": 0.0,
    "regime": "severe"
  },
  "hours_from_now": 23.429790290833335
}