{
  "time": "2026-06-14 19:58",
  "predicted_mllw": 6.386,
  "surge_ft": 0.5615000000000001,
  "forecast_peak_mllw": 6.9475,
  "peak_rain_in_hr": 0.0,
  "peak_rain_offset_h": null,
  "rain_window_3h": [],
  "source": "surge-persistence",
  "depths_in": {
    "lowest_sentinel_grate": 11.129999999999997,
    "lowest_road_corner": 10.649999999999997,
    "gutter_walkway": 8.97,
    "corner_grate": 7.409999999999997,
    "curb": 4.409999999999997,
    "road_middle": 2.0099999999999945,
    "intersection": 0.0,
    "lawn_step": 0.0,
    "porch_step": 0.0,
    "regime": "moderate"
  },
  "hours_from_now": 6.372116397777777
}