{
  "time": "2026-06-14 19:58",
  "predicted_mllw": 6.386,
  "surge_ft": 0.5773999999999999,
  "forecast_peak_mllw": 6.9634,
  "peak_rain_in_hr": 0.0,
  "peak_rain_offset_h": null,
  "rain_window_3h": [],
  "source": "surge-persistence",
  "depths_in": {
    "lowest_sentinel_grate": 11.3208,
    "lowest_road_corner": 10.8408,
    "gutter_walkway": 9.160800000000004,
    "corner_grate": 7.6008,
    "curb": 4.6008,
    "road_middle": 2.2007999999999974,
    "intersection": 0.040800000000000836,
    "lawn_step": 0.0,
    "porch_step": 0.0,
    "regime": "moderate"
  },
  "hours_from_now": 44.400239651666666
}