{
  "time": "2026-06-14 19:58",
  "predicted_mllw": 6.386,
  "surge_ft": 0.5291999999999999,
  "forecast_peak_mllw": 6.9152000000000005,
  "peak_rain_in_hr": 0.0,
  "peak_rain_offset_h": null,
  "rain_window_3h": [],
  "source": "surge-persistence",
  "depths_in": {
    "lowest_sentinel_grate": 10.742400000000005,
    "lowest_road_corner": 10.262400000000005,
    "gutter_walkway": 8.582400000000009,
    "corner_grate": 7.022400000000005,
    "curb": 4.022400000000005,
    "road_middle": 1.6224000000000025,
    "intersection": 0.0,
    "lawn_step": 0.0,
    "porch_step": 0.0,
    "regime": "moderate"
  },
  "hours_from_now": 31.27046719361111
}