{
  "time": "2026-06-14 19:58",
  "predicted_mllw": 6.386,
  "surge_ft": 0.7285000000000004,
  "forecast_peak_mllw": 7.1145000000000005,
  "peak_rain_in_hr": 0.0,
  "peak_rain_offset_h": null,
  "rain_window_3h": [],
  "source": "surge-persistence",
  "depths_in": {
    "lowest_sentinel_grate": 13.134000000000016,
    "lowest_road_corner": 12.654000000000016,
    "gutter_walkway": 10.97400000000002,
    "corner_grate": 9.414000000000016,
    "curb": 6.414000000000016,
    "road_middle": 4.014000000000014,
    "intersection": 1.854000000000017,
    "lawn_step": 1.3740000000000165,
    "porch_step": 0.0,
    "regime": "moderate"
  },
  "hours_from_now": 32.31081470722222
}