{
  "time": "2026-06-14 19:58",
  "predicted_mllw": 6.386,
  "surge_ft": 0.7236,
  "forecast_peak_mllw": 7.1096,
  "peak_rain_in_hr": 0.0,
  "peak_rain_offset_h": null,
  "rain_window_3h": [],
  "source": "surge-persistence",
  "depths_in": {
    "lowest_sentinel_grate": 13.075200000000004,
    "lowest_road_corner": 12.595200000000004,
    "gutter_walkway": 10.915200000000008,
    "corner_grate": 9.355200000000004,
    "curb": 6.3552000000000035,
    "road_middle": 3.9552000000000014,
    "intersection": 1.7952000000000048,
    "lawn_step": 1.3152000000000044,
    "porch_step": 0.0,
    "regime": "moderate"
  },
  "hours_from_now": 25.409100749444445
}