generated_utc,target_tide_time,lead_h,astro_mllw,nws_product_mllw,nwps_mllw,petss_p10_mllw,petss_p90_mllw,persist_flat_mllw,persist_decay_mllw,production_mllw,production_source,outlook_mllw,outlook_source,qpf6_in,qpf6_source,pop_pct,gust_mph,xcheck_p_half_inch_pct,model_version
2026-09-23T13:56:05Z,2026-09-23 18:19-04:00,8.4,5.110,6.900,6.900,6.710,7.310,6.950,6.660,6.900,nws-coastal-flood-product,6.900,nws_product,0.000,nws_grid,0,35,0,v0.10.4
2026-09-23T13:56:05Z,2026-09-24 06:47-04:00,20.8,4.840,6.400,6.400,6.340,6.740,6.690,6.040,6.400,nws-coastal-flood-product,6.400,nws_product,0.000,nws_grid,0,33,0,v0.10.4
2026-09-23T13:56:05Z,2026-09-24 19:01-04:00,33.1,5.310,7.200,7.200,7.010,7.510,7.160,6.240,7.200,nws-coastal-flood-product,7.200,nws_product,0.000,nws_grid,2,31,0,v0.10.4
2026-09-23T13:56:05Z,2026-09-25 07:25-04:00,45.5,5.190,7.200,7.200,6.890,7.890,7.040,5.910,7.200,nws-coastal-flood-product,7.200,nws_product,0.030,nws_grid,8,36,19,v0.10.4
2026-09-23T13:56:05Z,2026-09-25 19:40-04:00,57.7,5.440,7.500,7.500,7.240,8.740,7.290,6.000,7.500,nws-coastal-flood-product,7.500,nws_product,0.270,nws_grid,35,38,19,v0.10.4
2026-09-23T13:56:05Z,2026-09-26 08:01-04:00,70.1,5.500,,,6.800,8.400,7.350,5.930,7.350,surge-persistence,7.600,petss_mid,0.130,nbm,48,38,35,v0.10.4
2026-09-23T13:56:05Z,2026-09-26 20:18-04:00,82.4,5.470,,,6.170,7.970,7.320,5.800,,,7.070,petss_mid,0.140,nbm,57,33,35,v0.10.4
2026-09-23T13:56:05Z,2026-09-27 08:37-04:00,94.7,5.740,,,6.340,7.940,7.590,6.000,,,7.140,petss_mid,0.080,nbm,47,35,10,v0.10.4
2026-09-23T13:56:05Z,2026-09-27 20:58-04:00,107.0,5.400,,,,,7.240,5.600,,,5.600,persist_decay,0.020,nbm,25,24,10,v0.10.4
2026-09-23T13:56:05Z,2026-09-28 09:15-04:00,119.3,5.890,,,,,7.730,6.040,,,6.040,persist_decay,0.000,nbm,7,17,0,v0.10.4
2026-09-23T13:56:05Z,2026-09-28 21:40-04:00,131.7,5.220,,,,,7.070,5.340,,,5.340,persist_decay,0.000,nbm,5,8,0,v0.10.4
2026-09-23T13:56:05Z,2026-09-29 09:58-04:00,144.0,5.910,,,,,7.760,6.010,,,6.010,persist_decay,0.000,nbm,1,8,0,v0.10.4
2026-09-23T13:56:05Z,2026-09-29 22:28-04:00,156.5,4.990,,,,,6.830,5.060,,,5.060,persist_decay,0.000,nbm,1,6,0,v0.10.4
2026-09-23T14:13:03Z,2026-09-23 18:19-04:00,8.1,5.110,6.900,6.900,6.710,7.310,7.000,6.710,6.900,nws-coastal-flood-product,6.900,nws_product,0.000,nws_grid,0,35,0,v0.10.4
2026-09-23T14:13:03Z,2026-09-24 06:47-04:00,20.6,4.840,6.400,6.400,6.340,6.740,6.740,6.080,6.400,nws-coastal-flood-product,6.400,nws_product,0.000,nws_grid,0,33,0,v0.10.4
2026-09-23T14:13:03Z,2026-09-24 19:01-04:00,32.8,5.310,7.200,7.200,7.010,7.510,7.210,6.270,7.200,nws-coastal-flood-product,7.200,nws_product,0.000,nws_grid,2,31,0,v0.10.4
2026-09-23T14:13:03Z,2026-09-25 07:25-04:00,45.2,5.190,7.200,7.200,6.890,7.890,7.090,5.930,7.200,nws-coastal-flood-product,7.200,nws_product,0.030,nws_grid,8,36,19,v0.10.4
2026-09-23T14:13:03Z,2026-09-25 19:40-04:00,57.4,5.440,7.500,7.500,7.240,8.740,7.340,6.020,7.500,nws-coastal-flood-product,7.500,nws_product,0.270,nws_grid,35,38,19,v0.10.4
2026-09-23T14:13:03Z,2026-09-26 08:01-04:00,69.8,5.500,,,6.800,8.400,7.400,5.950,7.400,surge-persistence,7.600,petss_mid,0.130,nbm,48,38,35,v0.10.4
2026-09-23T14:13:03Z,2026-09-26 20:18-04:00,82.1,5.470,,,6.170,7.970,7.370,5.820,,,7.070,petss_mid,0.140,nbm,57,33,35,v0.10.4
2026-09-23T14:13:03Z,2026-09-27 08:37-04:00,94.4,5.740,,,6.340,7.940,7.640,6.010,,,7.140,petss_mid,0.080,nbm,47,35,10,v0.10.4
2026-09-23T14:13:03Z,2026-09-27 20:58-04:00,106.7,5.400,,,,,7.300,5.600,,,5.600,persist_decay,0.020,nbm,25,24,10,v0.10.4
2026-09-23T14:13:03Z,2026-09-28 09:15-04:00,119.0,5.890,,,,,7.790,6.050,,,6.050,persist_decay,0.000,nbm,7,17,0,v0.10.4
2026-09-23T14:13:03Z,2026-09-28 21:40-04:00,131.4,5.220,,,,,7.120,5.350,,,5.350,persist_decay,0.000,nbm,5,8,0,v0.10.4
2026-09-23T14:13:03Z,2026-09-29 09:58-04:00,143.7,5.910,,,,,7.810,6.010,,,6.010,persist_decay,0.000,nbm,1,8,0,v0.10.4
2026-09-23T14:13:03Z,2026-09-29 22:28-04:00,156.2,4.990,,,,,6.890,5.060,,,5.060,persist_decay,0.000,nbm,1,6,0,v0.10.4
2026-09-23T14:19:39Z,2026-09-23 18:19-04:00,8.0,5.110,6.900,6.900,6.710,7.310,7.010,6.720,6.900,nws-coastal-flood-product,6.900,nws_product,0.000,nws_grid,0,35,0,v0.10.4
2026-09-23T14:19:39Z,2026-09-24 06:47-04:00,20.5,4.840,6.400,6.400,6.340,6.740,6.750,6.090,6.400,nws-coastal-flood-product,6.400,nws_product,0.000,nws_grid,0,33,0,v0.10.4
2026-09-23T14:19:39Z,2026-09-24 19:01-04:00,32.7,5.310,7.200,7.200,7.010,7.510,7.220,6.280,7.200,nws-coastal-flood-product,7.200,nws_product,0.000,nws_grid,2,31,0,v0.10.4
2026-09-23T14:19:39Z,2026-09-25 07:25-04:00,45.1,5.190,7.200,7.200,6.890,7.890,7.100,5.940,7.200,nws-coastal-flood-product,7.200,nws_product,0.030,nws_grid,8,36,19,v0.10.4
2026-09-23T14:19:39Z,2026-09-25 19:40-04:00,57.3,5.440,7.500,7.500,7.240,8.740,7.350,6.020,7.500,nws-coastal-flood-product,7.500,nws_product,0.270,nws_grid,35,38,19,v0.10.4
2026-09-23T14:19:39Z,2026-09-26 08:01-04:00,69.7,5.500,,,6.800,8.400,7.410,5.950,7.410,surge-persistence,7.600,petss_mid,0.130,nbm,48,38,35,v0.10.4
2026-09-23T14:19:39Z,2026-09-26 20:18-04:00,82.0,5.470,,,6.170,7.970,7.380,5.820,,,7.070,petss_mid,0.140,nbm,57,33,35,v0.10.4
2026-09-23T14:19:39Z,2026-09-27 08:37-04:00,94.3,5.740,,,6.340,7.940,7.650,6.010,,,7.140,petss_mid,0.080,nbm,47,35,10,v0.10.4
2026-09-23T14:19:39Z,2026-09-27 20:58-04:00,106.6,5.400,,,,,7.300,5.600,,,5.600,persist_decay,0.020,nbm,25,24,10,v0.10.4
2026-09-23T14:19:39Z,2026-09-28 09:15-04:00,118.9,5.890,,,,,7.790,6.050,,,6.050,persist_decay,0.000,nbm,7,17,0,v0.10.4
2026-09-23T14:19:39Z,2026-09-28 21:40-04:00,131.3,5.220,,,,,7.130,5.350,,,5.350,persist_decay,0.000,nbm,5,8,0,v0.10.4
2026-09-23T14:19:39Z,2026-09-29 09:58-04:00,143.6,5.910,,,,,7.820,6.010,,,6.010,persist_decay,0.000,nbm,1,8,0,v0.10.4
2026-09-23T14:19:39Z,2026-09-29 22:28-04:00,156.1,4.990,,,,,6.890,5.060,,,5.060,persist_decay,0.000,nbm,1,6,0,v0.10.4
2026-09-23T14:43:57Z,2026-09-23 18:19-04:00,7.6,5.110,6.900,6.900,6.710,7.310,7.050,6.770,6.900,nws-coastal-flood-product,6.900,nws_product,0.000,nws_grid,0,35,0,v0.10.4
2026-09-23T14:43:57Z,2026-09-24 06:47-04:00,20.1,4.840,6.400,6.400,6.340,6.740,6.790,6.120,6.400,nws-coastal-flood-product,6.400,nws_product,0.000,nws_grid,0,33,0,v0.10.4
2026-09-23T14:43:57Z,2026-09-24 19:01-04:00,32.3,5.310,7.200,7.200,7.010,7.510,7.260,6.300,7.200,nws-coastal-flood-product,7.200,nws_product,0.000,nws_grid,2,31,0,v0.10.4
2026-09-23T14:43:57Z,2026-09-25 07:25-04:00,44.7,5.190,7.200,7.200,6.890,7.890,7.140,5.960,7.200,nws-coastal-flood-product,7.200,nws_product,0.030,nws_grid,8,36,19,v0.10.4
2026-09-23T14:43:57Z,2026-09-25 19:40-04:00,56.9,5.440,7.500,7.500,7.240,8.740,7.390,6.040,7.500,nws-coastal-flood-product,7.500,nws_product,0.270,nws_grid,35,38,19,v0.10.4
2026-09-23T14:43:57Z,2026-09-26 08:01-04:00,69.3,5.500,,,6.800,8.400,7.450,5.960,7.450,surge-persistence,7.600,petss_mid,0.130,nbm,48,38,35,v0.10.4
2026-09-23T14:43:57Z,2026-09-26 20:18-04:00,81.6,5.470,,,6.170,7.970,7.420,5.830,,,7.070,petss_mid,0.140,nbm,57,33,35,v0.10.4
2026-09-23T14:43:57Z,2026-09-27 08:37-04:00,93.9,5.740,,,6.340,7.940,7.690,6.020,,,7.140,petss_mid,0.080,nbm,47,35,10,v0.10.4
2026-09-23T14:43:57Z,2026-09-27 20:58-04:00,106.2,5.400,,,,,7.340,5.610,,,5.610,persist_decay,0.020,nbm,25,24,10,v0.10.4
2026-09-23T14:43:57Z,2026-09-28 09:15-04:00,118.5,5.890,,,,,7.830,6.050,,,6.050,persist_decay,0.000,nbm,7,17,0,v0.10.4
2026-09-23T14:43:57Z,2026-09-28 21:40-04:00,130.9,5.220,,,,,7.170,5.350,,,5.350,persist_decay,0.000,nbm,5,8,0,v0.10.4
2026-09-23T14:43:57Z,2026-09-29 09:58-04:00,143.2,5.910,,,,,7.860,6.010,,,6.010,persist_decay,0.000,nbm,1,8,0,v0.10.4
2026-09-23T14:43:57Z,2026-09-29 22:28-04:00,155.7,4.990,,,,,6.930,5.060,,,5.060,persist_decay,0.000,nbm,1,6,0,v0.10.4
2026-09-23T15:12:09Z,2026-09-23 18:19-04:00,7.1,5.110,6.900,6.900,6.710,7.310,7.020,6.750,6.900,nws-coastal-flood-product,6.900,nws_product,0.000,nws_grid,0,35,0,v0.10.4
2026-09-23T15:12:09Z,2026-09-24 06:47-04:00,19.6,4.840,6.400,6.400,6.340,6.740,6.750,6.110,6.400,nws-coastal-flood-product,6.400,nws_product,0.000,nws_grid,0,33,0,v0.10.4
2026-09-23T15:12:09Z,2026-09-24 19:01-04:00,31.8,5.310,7.200,7.200,7.010,7.510,7.220,6.300,7.200,nws-coastal-flood-product,7.200,nws_product,0.000,nws_grid,2,31,0,v0.10.4
2026-09-23T15:12:09Z,2026-09-25 07:25-04:00,44.2,5.190,7.200,7.200,6.890,7.890,7.100,5.950,7.200,nws-coastal-flood-product,7.200,nws_product,0.030,nws_grid,8,36,19,v0.10.4
2026-09-23T15:12:09Z,2026-09-25 19:40-04:00,56.5,5.440,7.500,7.500,7.240,8.740,7.350,6.030,7.500,nws-coastal-flood-product,7.500,nws_product,0.270,nws_grid,35,38,19,v0.10.4
2026-09-23T15:12:09Z,2026-09-26 08:01-04:00,68.8,5.500,,,6.800,8.400,7.410,5.960,7.410,surge-persistence,7.600,petss_mid,0.130,nbm,48,38,35,v0.10.4
2026-09-23T15:12:09Z,2026-09-26 20:18-04:00,81.1,5.470,,,6.170,7.970,7.380,5.830,,,7.070,petss_mid,0.140,nbm,57,33,35,v0.10.4
2026-09-23T15:12:09Z,2026-09-27 08:37-04:00,93.4,5.740,,,6.340,7.940,7.650,6.020,,,7.140,petss_mid,0.080,nbm,47,35,10,v0.10.4
2026-09-23T15:12:09Z,2026-09-27 20:58-04:00,105.8,5.400,,,,,7.310,5.610,,,5.610,persist_decay,0.020,nbm,25,24,10,v0.10.4
2026-09-23T15:12:09Z,2026-09-28 09:15-04:00,118.0,5.890,,,,,7.800,6.050,,,6.050,persist_decay,0.000,nbm,7,17,0,v0.10.4
2026-09-23T15:12:09Z,2026-09-28 21:40-04:00,130.5,5.220,,,,,7.130,5.350,,,5.350,persist_decay,0.000,nbm,5,8,0,v0.10.4
2026-09-23T15:12:09Z,2026-09-29 09:58-04:00,142.8,5.910,,,,,7.820,6.010,,,6.010,persist_decay,0.000,nbm,1,8,0,v0.10.4
2026-09-23T15:12:09Z,2026-09-29 22:28-04:00,155.3,4.990,,,,,6.900,5.060,,,5.060,persist_decay,0.000,nbm,1,6,0,v0.10.4
2026-09-23T15:12:09Z,2026-09-30 10:47-04:00,167.6,5.830,,,,,7.740,5.880,,,5.880,persist_decay,,,2,6,0,v0.10.4
2026-09-23T15:18:15Z,2026-09-23 18:19-04:00,7.0,5.110,6.900,6.900,6.710,7.310,7.030,6.770,6.900,nws-coastal-flood-product,6.900,nws_product,0.000,nws_grid,0,35,0,v0.10.4
2026-09-23T15:18:15Z,2026-09-24 06:47-04:00,19.5,4.840,6.400,6.400,6.340,6.740,6.770,6.130,6.400,nws-coastal-flood-product,6.400,nws_product,0.000,nws_grid,0,33,0,v0.10.4
2026-09-23T15:18:15Z,2026-09-24 19:01-04:00,31.7,5.310,7.200,7.200,7.010,7.510,7.240,6.310,7.200,nws-coastal-flood-product,7.200,nws_product,0.000,nws_grid,2,31,0,v0.10.4
2026-09-23T15:18:15Z,2026-09-25 07:25-04:00,44.1,5.190,7.200,7.200,6.890,7.890,7.120,5.960,7.200,nws-coastal-flood-product,7.200,nws_product,0.030,nws_grid,8,36,19,v0.10.4
2026-09-23T15:18:15Z,2026-09-25 19:40-04:00,56.4,5.440,7.500,7.500,7.240,8.740,7.370,6.040,7.500,nws-coastal-flood-product,7.500,nws_product,0.270,nws_grid,35,38,19,v0.10.4
2026-09-23T15:18:15Z,2026-09-26 08:01-04:00,68.7,5.500,,,6.800,8.400,7.430,5.960,7.430,surge-persistence,7.600,petss_mid,0.130,nbm,48,38,35,v0.10.4
2026-09-23T15:18:15Z,2026-09-26 20:18-04:00,81.0,5.470,,,6.170,7.970,7.400,5.830,,,7.070,petss_mid,0.140,nbm,57,33,35,v0.10.4
2026-09-23T15:18:15Z,2026-09-27 08:37-04:00,93.3,5.740,,,6.340,7.940,7.670,6.020,,,7.140,petss_mid,0.080,nbm,47,35,10,v0.10.4
2026-09-23T15:18:15Z,2026-09-27 20:58-04:00,105.7,5.400,,,,,7.330,5.610,,,5.610,persist_decay,0.020,nbm,25,24,10,v0.10.4
2026-09-23T15:18:15Z,2026-09-28 09:15-04:00,117.9,5.890,,,,,7.820,6.050,,,6.050,persist_decay,0.000,nbm,7,17,0,v0.10.4
2026-09-23T15:18:15Z,2026-09-28 21:40-04:00,130.4,5.220,,,,,7.150,5.350,,,5.350,persist_decay,0.000,nbm,5,8,0,v0.10.4
2026-09-23T15:18:15Z,2026-09-29 09:58-04:00,142.7,5.910,,,,,7.840,6.010,,,6.010,persist_decay,0.000,nbm,1,8,0,v0.10.4
2026-09-23T15:18:15Z,2026-09-29 22:28-04:00,155.2,4.990,,,,,6.920,5.060,,,5.060,persist_decay,0.000,nbm,1,6,0,v0.10.4
2026-09-23T15:18:15Z,2026-09-30 10:47-04:00,167.5,5.830,,,,,7.750,5.880,,,5.880,persist_decay,,,2,6,0,v0.10.4
2026-09-23T15:53:18Z,2026-09-23 18:19-04:00,6.4,5.110,6.900,6.900,6.710,7.310,6.930,6.700,6.900,nws-coastal-flood-product,6.900,nws_product,0.000,nws_grid,0,35,0,v0.10.4
2026-09-23T15:53:18Z,2026-09-24 06:47-04:00,18.9,4.840,6.400,6.400,6.340,6.740,6.660,6.070,6.400,nws-coastal-flood-product,6.400,nws_product,0.000,nws_grid,0,33,0,v0.10.4
2026-09-23T15:53:18Z,2026-09-24 19:01-04:00,31.1,5.310,7.200,7.200,7.010,7.510,7.130,6.260,7.200,nws-coastal-flood-product,7.200,nws_product,0.000,nws_grid,2,31,0,v0.10.4
2026-09-23T15:53:18Z,2026-09-25 07:25-04:00,43.5,5.190,7.200,7.200,6.890,7.890,7.020,5.930,7.200,nws-coastal-flood-product,7.200,nws_product,0.030,nws_grid,8,36,19,v0.10.4
2026-09-23T15:53:18Z,2026-09-25 19:40-04:00,55.8,5.440,7.500,7.500,7.240,8.740,7.260,6.010,7.500,nws-coastal-flood-product,7.500,nws_product,0.270,nws_grid,35,38,19,v0.10.4
2026-09-23T15:53:18Z,2026-09-26 08:01-04:00,68.1,5.500,,,6.800,8.400,7.330,5.940,7.330,surge-persistence,7.600,petss_mid,0.130,nbm,48,38,35,v0.10.4
2026-09-23T15:53:18Z,2026-09-26 20:18-04:00,80.4,5.470,,,6.170,7.970,7.300,5.810,,,7.070,petss_mid,0.140,nbm,57,33,35,v0.10.4
2026-09-23T15:53:18Z,2026-09-27 08:37-04:00,92.7,5.740,,,6.340,7.940,7.570,6.010,,,7.140,petss_mid,0.080,nbm,47,35,10,v0.10.4
2026-09-23T15:53:18Z,2026-09-27 20:58-04:00,105.1,5.400,,,,,7.220,5.600,,,5.600,persist_decay,0.020,nbm,25,24,10,v0.10.4
2026-09-23T15:53:18Z,2026-09-28 09:15-04:00,117.4,5.890,,,,,7.710,6.050,,,6.050,persist_decay,0.000,nbm,7,17,0,v0.10.4
2026-09-23T15:53:18Z,2026-09-28 21:40-04:00,129.8,5.220,,,,,7.050,5.350,,,5.350,persist_decay,0.000,nbm,5,8,0,v0.10.4
2026-09-23T15:53:18Z,2026-09-29 09:58-04:00,142.1,5.910,,,,,7.740,6.010,,,6.010,persist_decay,0.000,nbm,1,8,0,v0.10.4
2026-09-23T15:53:18Z,2026-09-29 22:28-04:00,154.6,4.990,,,,,6.810,5.060,,,5.060,persist_decay,0.000,nbm,1,6,0,v0.10.4
2026-09-23T15:53:18Z,2026-09-30 10:47-04:00,166.9,5.830,,,,,7.650,5.880,,,5.880,persist_decay,,,2,6,0,v0.10.4
2026-09-23T16:14:10Z,2026-09-23 18:19-04:00,6.1,5.110,6.900,6.900,6.710,7.310,6.850,6.640,6.900,nws-coastal-flood-product,6.900,nws_product,0.000,nws_grid,0,35,0,v0.10.4
2026-09-23T16:14:10Z,2026-09-24 06:47-04:00,18.5,4.840,6.400,6.400,6.340,6.740,6.580,6.020,6.400,nws-coastal-flood-product,6.400,nws_product,0.000,nws_grid,0,33,0,v0.10.4
2026-09-23T16:14:10Z,2026-09-24 19:01-04:00,30.8,5.310,7.200,7.200,7.010,7.510,7.050,6.230,7.200,nws-coastal-flood-product,7.200,nws_product,0.000,nws_grid,2,31,0,v0.10.4
2026-09-23T16:14:10Z,2026-09-25 07:25-04:00,43.2,5.190,7.200,7.200,6.890,7.890,6.940,5.900,7.200,nws-coastal-flood-product,7.200,nws_product,0.030,nws_grid,8,36,19,v0.10.4
2026-09-23T16:14:10Z,2026-09-25 19:40-04:00,55.4,5.440,7.500,7.500,7.240,8.740,7.180,5.990,7.500,nws-coastal-flood-product,7.500,nws_product,0.270,nws_grid,35,38,19,v0.10.4
2026-09-23T16:14:10Z,2026-09-26 08:01-04:00,67.8,5.500,,,6.800,8.400,7.250,5.930,7.250,surge-persistence,7.600,petss_mid,0.130,nbm,48,38,35,v0.10.4
2026-09-23T16:14:10Z,2026-09-26 20:18-04:00,80.1,5.470,,,6.170,7.970,7.220,5.800,,,7.070,petss_mid,0.140,nbm,57,33,35,v0.10.4
2026-09-23T16:14:10Z,2026-09-27 08:37-04:00,92.4,5.740,,,6.340,7.940,7.490,6.000,,,7.140,petss_mid,0.080,nbm,47,35,10,v0.10.4
2026-09-23T16:14:10Z,2026-09-27 20:58-04:00,104.7,5.400,,,,,7.140,5.590,,,5.590,persist_decay,0.020,nbm,25,24,10,v0.10.4
2026-09-23T16:14:10Z,2026-09-28 09:15-04:00,117.0,5.890,,,,,7.630,6.040,,,6.040,persist_decay,0.000,nbm,7,17,0,v0.10.4
2026-09-23T16:14:10Z,2026-09-28 21:40-04:00,129.4,5.220,,,,,6.970,5.340,,,5.340,persist_decay,0.000,nbm,5,8,0,v0.10.4
2026-09-23T16:14:10Z,2026-09-29 09:58-04:00,141.7,5.910,,,,,7.660,6.000,,,6.000,persist_decay,0.000,nbm,1,8,0,v0.10.4
2026-09-23T16:14:10Z,2026-09-29 22:28-04:00,154.2,4.990,,,,,6.730,5.060,,,5.060,persist_decay,0.000,nbm,1,6,0,v0.10.4
2026-09-23T16:14:10Z,2026-09-30 10:47-04:00,166.5,5.830,,,,,7.570,5.880,,,5.880,persist_decay,,,2,6,0,v0.10.4
2026-09-23T17:11:35Z,2026-09-23 18:19-04:00,5.1,5.110,6.900,6.900,6.710,7.310,6.680,6.520,6.900,nws-coastal-flood-product,6.900,nws_product,0.000,nws_grid,0,35,0,v0.10.4
2026-09-23T17:11:35Z,2026-09-24 06:47-04:00,17.6,4.840,6.400,6.400,6.340,6.740,6.410,5.930,6.400,nws-coastal-flood-product,6.400,nws_product,0.000,nws_grid,0,33,0,v0.10.4
2026-09-23T17:11:35Z,2026-09-24 19:01-04:00,29.8,5.310,7.200,7.200,7.010,7.510,6.880,6.150,7.200,nws-coastal-flood-product,7.200,nws_product,0.000,nws_grid,2,31,0,v0.10.4
2026-09-23T17:11:35Z,2026-09-25 07:25-04:00,42.2,5.190,7.200,7.200,6.890,7.890,6.760,5.840,7.200,nws-coastal-flood-product,7.200,nws_product,0.030,nws_grid,8,36,19,v0.10.4
2026-09-23T17:11:35Z,2026-09-25 19:40-04:00,54.5,5.440,7.500,7.500,7.240,8.740,7.010,5.950,7.500,nws-coastal-flood-product,7.500,nws_product,0.270,nws_grid,35,38,19,v0.10.4
2026-09-23T17:11:35Z,2026-09-26 08:01-04:00,66.8,5.500,,,6.800,8.400,7.070,5.890,7.070,surge-persistence,7.600,petss_mid,0.050,nbm,48,38,35,v0.10.4
2026-09-23T17:11:35Z,2026-09-26 20:18-04:00,79.1,5.470,,,6.170,7.970,7.040,5.780,,,7.070,petss_mid,0.100,nbm,57,33,35,v0.10.4
2026-09-23T17:11:35Z,2026-09-27 08:37-04:00,91.4,5.740,,,6.340,7.940,7.310,5.980,,,7.140,petss_mid,0.110,nbm,47,35,10,v0.10.4
2026-09-23T17:11:35Z,2026-09-27 20:58-04:00,103.8,5.400,,,,,6.970,5.580,,,5.580,persist_decay,0.020,nbm,25,24,10,v0.10.4
2026-09-23T17:11:35Z,2026-09-28 09:15-04:00,116.1,5.890,,,,,7.460,6.030,,,6.030,persist_decay,0.000,nbm,7,17,0,v0.10.4
2026-09-23T17:11:35Z,2026-09-28 21:40-04:00,128.5,5.220,,,,,6.790,5.330,,,5.330,persist_decay,0.000,nbm,5,8,0,v0.10.4
2026-09-23T17:11:35Z,2026-09-29 09:58-04:00,140.8,5.910,,,,,7.480,6.000,,,6.000,persist_decay,0.000,nbm,1,8,0,v0.10.4
2026-09-23T17:11:35Z,2026-09-29 22:28-04:00,153.3,4.990,,,,,6.560,5.050,,,5.050,persist_decay,0.000,nbm,1,6,0,v0.10.4
2026-09-23T17:11:35Z,2026-09-30 10:47-04:00,165.6,5.830,,,,,7.400,5.880,,,5.880,persist_decay,,,2,6,0,v0.10.4
2026-09-23T17:44:44Z,2026-09-23 18:19-04:00,4.6,5.110,6.900,6.900,6.710,7.310,6.550,6.420,6.900,nws-coastal-flood-product,6.900,nws_product,0.000,nws_grid,0,35,0,v0.10.4
2026-09-23T17:44:44Z,2026-09-24 06:47-04:00,17.0,4.840,6.400,6.400,6.340,6.740,6.280,5.850,6.400,nws-coastal-flood-product,6.400,nws_product,0.000,nws_grid,0,33,0,v0.10.4
2026-09-23T17:44:44Z,2026-09-24 19:01-04:00,29.3,5.310,7.200,7.200,7.010,7.510,6.750,6.090,7.200,nws-coastal-flood-product,7.200,nws_product,0.000,nws_grid,2,31,0,v0.10.4
2026-09-23T17:44:44Z,2026-09-25 07:25-04:00,41.7,5.190,7.200,7.200,6.890,7.890,6.640,5.800,7.200,nws-coastal-flood-product,7.200,nws_product,0.030,nws_grid,8,36,3,v0.10.4
2026-09-23T17:44:44Z,2026-09-25 19:40-04:00,53.9,5.440,7.500,7.500,7.240,8.740,6.880,5.910,7.500,nws-coastal-flood-product,7.500,nws_product,0.270,nws_grid,35,38,3,v0.10.4
2026-09-23T17:44:44Z,2026-09-26 08:01-04:00,66.3,5.500,,,6.800,8.400,6.950,5.870,6.950,surge-persistence,7.600,petss_mid,0.050,nbm,48,38,6,v0.10.4
2026-09-23T17:44:44Z,2026-09-26 20:18-04:00,78.6,5.470,,,6.170,7.970,6.920,5.750,,,7.070,petss_mid,0.100,nbm,57,33,6,v0.10.4
2026-09-23T17:44:44Z,2026-09-27 08:37-04:00,90.9,5.740,,,6.340,7.940,7.190,5.960,,,7.140,petss_mid,0.110,nbm,47,35,3,v0.10.4
2026-09-23T17:44:44Z,2026-09-27 20:58-04:00,103.2,5.400,,,,,6.840,5.560,,,5.560,persist_decay,0.020,nbm,25,24,3,v0.10.4
2026-09-23T17:44:44Z,2026-09-28 09:15-04:00,115.5,5.890,,,,,7.330,6.020,,,6.020,persist_decay,0.000,nbm,7,17,0,v0.10.4
2026-09-23T17:44:44Z,2026-09-28 21:40-04:00,127.9,5.220,,,,,6.670,5.330,,,5.330,persist_decay,0.000,nbm,5,8,0,v0.10.4
2026-09-23T17:44:44Z,2026-09-29 09:58-04:00,140.2,5.910,,,,,7.360,5.990,,,5.990,persist_decay,0.000,nbm,1,8,3,v0.10.4
2026-09-23T17:44:44Z,2026-09-29 22:28-04:00,152.7,4.990,,,,,6.430,5.050,,,5.050,persist_decay,0.000,nbm,1,6,3,v0.10.4
2026-09-23T17:44:44Z,2026-09-30 10:47-04:00,165.0,5.830,,,,,7.270,5.870,,,5.870,persist_decay,0.000,nbm,2,6,0,v0.10.4
2026-09-23T17:54:05Z,2026-09-23 18:19-04:00,4.4,5.110,6.900,6.900,6.710,7.310,6.490,6.370,6.900,nws-coastal-flood-product,6.900,nws_product,0.000,nws_grid,0,35,0,v0.10.4
2026-09-23T17:54:05Z,2026-09-24 06:47-04:00,16.9,4.840,6.400,6.400,6.340,6.740,6.230,5.820,6.400,nws-coastal-flood-product,6.400,nws_product,0.000,nws_grid,0,33,0,v0.10.4
2026-09-23T17:54:05Z,2026-09-24 19:01-04:00,29.1,5.310,7.200,7.200,7.010,7.510,6.700,6.070,7.200,nws-coastal-flood-product,7.200,nws_product,0.000,nws_grid,2,31,0,v0.10.4
2026-09-23T17:54:05Z,2026-09-25 07:25-04:00,41.5,5.190,7.200,7.200,6.890,7.890,6.580,5.780,7.200,nws-coastal-flood-product,7.200,nws_product,0.030,nws_grid,8,36,3,v0.10.4
2026-09-23T17:54:05Z,2026-09-25 19:40-04:00,53.8,5.440,7.500,7.500,7.240,8.740,6.830,5.900,7.500,nws-coastal-flood-product,7.500,nws_product,0.270,nws_grid,35,38,3,v0.10.4
2026-09-23T17:54:05Z,2026-09-26 08:01-04:00,66.1,5.500,,,6.800,8.400,6.890,5.850,6.890,surge-persistence,7.600,petss_mid,0.050,nbm,48,38,6,v0.10.4
2026-09-23T17:54:05Z,2026-09-26 20:18-04:00,78.4,5.470,,,6.170,7.970,6.860,5.740,,,7.070,petss_mid,0.100,nbm,57,33,6,v0.10.4
2026-09-23T17:54:05Z,2026-09-27 08:37-04:00,90.7,5.740,,,6.340,7.940,7.130,5.950,,,7.140,petss_mid,0.110,nbm,47,35,3,v0.10.4
2026-09-23T17:54:05Z,2026-09-27 20:58-04:00,103.1,5.400,,,,,6.790,5.560,,,5.560,persist_decay,0.020,nbm,25,24,3,v0.10.4
2026-09-23T17:54:05Z,2026-09-28 09:15-04:00,115.3,5.890,,,,,7.280,6.010,,,6.010,persist_decay,0.000,nbm,7,17,0,v0.10.4
2026-09-23T17:54:05Z,2026-09-28 21:40-04:00,127.8,5.220,,,,,6.610,5.320,,,5.320,persist_decay,0.000,nbm,5,8,0,v0.10.4
2026-09-23T17:54:05Z,2026-09-29 09:58-04:00,140.1,5.910,,,,,7.300,5.990,,,5.990,persist_decay,0.000,nbm,1,8,3,v0.10.4
2026-09-23T17:54:05Z,2026-09-29 22:28-04:00,152.6,4.990,,,,,6.380,5.040,,,5.040,persist_decay,0.000,nbm,1,6,3,v0.10.4
2026-09-23T17:54:05Z,2026-09-30 10:47-04:00,164.9,5.830,,,,,7.210,5.870,,,5.870,persist_decay,0.000,nbm,2,6,0,v0.10.4
2026-09-23T18:14:31Z,2026-09-23 18:19-04:00,4.1,5.110,6.900,6.900,6.710,7.310,6.440,6.330,6.900,nws-coastal-flood-product,6.900,nws_product,0.000,nws_grid,0,35,0,v0.10.4
2026-09-23T18:14:31Z,2026-09-24 06:47-04:00,16.5,4.840,6.400,6.400,6.340,6.740,6.180,5.790,6.400,nws-coastal-flood-product,6.400,nws_product,0.000,nws_grid,0,33,0,v0.10.4
2026-09-23T18:14:31Z,2026-09-24 19:01-04:00,28.8,5.310,7.200,7.200,7.010,7.510,6.650,6.050,7.200,nws-coastal-flood-product,7.200,nws_product,0.000,nws_grid,2,31,0,v0.10.4
2026-09-23T18:14:31Z,2026-09-25 07:25-04:00,41.2,5.190,7.200,7.200,6.890,7.890,6.530,5.760,7.200,nws-coastal-flood-product,7.200,nws_product,0.030,nws_grid,8,36,3,v0.10.4
2026-09-23T18:14:31Z,2026-09-25 19:40-04:00,53.4,5.440,7.500,7.500,7.240,8.740,6.780,5.880,7.500,nws-coastal-flood-product,7.500,nws_product,0.270,nws_grid,35,38,3,v0.10.4
2026-09-23T18:14:31Z,2026-09-26 08:01-04:00,65.8,5.500,,,6.800,8.400,6.840,5.840,6.840,surge-persistence,7.600,petss_mid,0.050,nbm,48,38,6,v0.10.4
2026-09-23T18:14:31Z,2026-09-26 20:18-04:00,78.1,5.470,,,6.170,7.970,6.810,5.740,,,7.070,petss_mid,0.100,nbm,57,33,6,v0.10.4
2026-09-23T18:14:31Z,2026-09-27 08:37-04:00,90.4,5.740,,,6.340,7.940,7.080,5.950,,,7.140,petss_mid,0.110,nbm,47,35,3,v0.10.4
2026-09-23T18:14:31Z,2026-09-27 20:58-04:00,102.7,5.400,,,,,6.730,5.550,,,5.550,persist_decay,0.020,nbm,25,24,3,v0.10.4
2026-09-23T18:14:31Z,2026-09-28 09:15-04:00,115.0,5.890,,,,,7.220,6.010,,,6.010,persist_decay,0.000,nbm,7,17,0,v0.10.4
2026-09-23T18:14:31Z,2026-09-28 21:40-04:00,127.4,5.220,,,,,6.560,5.320,,,5.320,persist_decay,0.000,nbm,5,8,0,v0.10.4
2026-09-23T18:14:31Z,2026-09-29 09:58-04:00,139.7,5.910,,,,,7.250,5.990,,,5.990,persist_decay,0.000,nbm,1,8,3,v0.10.4
2026-09-23T18:14:31Z,2026-09-29 22:28-04:00,152.2,4.990,,,,,6.320,5.040,,,5.040,persist_decay,0.000,nbm,1,6,3,v0.10.4
2026-09-23T18:14:31Z,2026-09-30 10:47-04:00,164.5,5.830,,,,,7.160,5.870,,,5.870,persist_decay,0.000,nbm,2,6,0,v0.10.4
2026-09-23T18:16:01Z,2026-09-23 18:19-04:00,4.0,5.110,6.900,6.900,6.710,7.310,6.440,6.340,6.900,nws-coastal-flood-product,6.900,nws_product,0.000,nws_grid,0,35,0,v0.10.4
2026-09-23T18:16:01Z,2026-09-24 06:47-04:00,16.5,4.840,6.400,6.400,6.340,6.740,6.180,5.790,6.400,nws-coastal-flood-product,6.400,nws_product,0.000,nws_grid,0,33,0,v0.10.4
2026-09-23T18:16:01Z,2026-09-24 19:01-04:00,28.7,5.310,7.200,7.200,7.010,7.510,6.650,6.050,7.200,nws-coastal-flood-product,7.200,nws_product,0.000,nws_grid,2,31,0,v0.10.4
2026-09-23T18:16:01Z,2026-09-25 07:25-04:00,41.1,5.190,7.200,7.200,6.890,7.890,6.530,5.760,7.200,nws-coastal-flood-product,7.200,nws_product,0.030,nws_grid,8,36,3,v0.10.4
2026-09-23T18:16:01Z,2026-09-25 19:40-04:00,53.4,5.440,7.500,7.500,7.240,8.740,6.780,5.880,7.500,nws-coastal-flood-product,7.500,nws_product,0.270,nws_grid,35,38,3,v0.10.4
2026-09-23T18:16:01Z,2026-09-26 08:01-04:00,65.7,5.500,,,6.800,8.400,6.840,5.840,6.840,surge-persistence,7.600,petss_mid,0.050,nbm,48,38,6,v0.10.4
2026-09-23T18:16:01Z,2026-09-26 20:18-04:00,78.0,5.470,,,6.170,7.970,6.810,5.740,,,7.070,petss_mid,0.100,nbm,57,33,6,v0.10.4
2026-09-23T18:16:01Z,2026-09-27 08:37-04:00,90.3,5.740,,,6.340,7.940,7.080,5.950,,,7.140,petss_mid,0.110,nbm,47,35,3,v0.10.4
2026-09-23T18:16:01Z,2026-09-27 20:58-04:00,102.7,5.400,,,,,6.730,5.550,,,5.550,persist_decay,0.020,nbm,25,24,3,v0.10.4
2026-09-23T18:16:01Z,2026-09-28 09:15-04:00,115.0,5.890,,,,,7.220,6.010,,,6.010,persist_decay,0.000,nbm,7,17,0,v0.10.4
2026-09-23T18:16:01Z,2026-09-28 21:40-04:00,127.4,5.220,,,,,6.560,5.320,,,5.320,persist_decay,0.000,nbm,5,8,0,v0.10.4
2026-09-23T18:16:01Z,2026-09-29 09:58-04:00,139.7,5.910,,,,,7.250,5.990,,,5.990,persist_decay,0.000,nbm,1,8,3,v0.10.4
2026-09-23T18:16:01Z,2026-09-29 22:28-04:00,152.2,4.990,,,,,6.320,5.040,,,5.040,persist_decay,0.000,nbm,1,6,3,v0.10.4
2026-09-23T18:16:01Z,2026-09-30 10:47-04:00,164.5,5.830,,,,,7.160,5.870,,,5.870,persist_decay,0.000,nbm,2,6,0,v0.10.4
2026-09-23T19:10:44Z,2026-09-23 18:19-04:00,3.1,5.110,7.000,7.000,6.710,7.310,6.400,6.320,7.000,nws-coastal-flood-product,7.000,nws_product,0.000,nws_grid,0,35,0,v0.10.4
2026-09-23T19:10:44Z,2026-09-24 06:47-04:00,15.6,4.840,6.400,6.400,6.340,6.740,6.130,5.780,6.400,nws-coastal-flood-product,6.400,nws_product,0.000,nws_grid,0,33,0,v0.10.4
2026-09-23T19:10:44Z,2026-09-24 19:01-04:00,27.8,5.310,7.100,7.100,7.010,7.510,6.600,6.030,7.100,nws-coastal-flood-product,7.100,nws_product,0.000,nws_grid,2,31,0,v0.10.4
2026-09-23T19:10:44Z,2026-09-25 07:25-04:00,40.2,5.190,7.000,7.000,6.890,7.890,6.490,5.750,7.000,nws-coastal-flood-product,7.000,nws_product,0.030,nws_grid,8,36,3,v0.10.4
2026-09-23T19:10:44Z,2026-09-25 19:40-04:00,52.5,5.440,7.900,7.900,7.240,8.740,6.730,5.880,7.900,nws-coastal-flood-product,7.900,nws_product,0.270,nws_grid,35,38,3,v0.10.4
2026-09-23T19:10:44Z,2026-09-26 08:01-04:00,64.8,5.500,7.900,7.900,6.800,8.400,6.800,5.840,7.900,nws-coastal-flood-product,7.900,nws_product,0.050,nbm,48,38,6,v0.10.4
2026-09-23T19:10:44Z,2026-09-26 20:18-04:00,77.1,5.470,,,6.170,7.970,6.770,5.730,,,7.070,petss_mid,0.100,nbm,57,33,6,v0.10.4
2026-09-23T19:10:44Z,2026-09-27 08:37-04:00,89.4,5.740,,,6.340,7.940,7.040,5.940,,,7.140,petss_mid,0.110,nbm,47,35,3,v0.10.4
2026-09-23T19:10:44Z,2026-09-27 20:58-04:00,101.8,5.400,,,,,6.690,5.550,,,5.550,persist_decay,0.020,nbm,25,24,3,v0.10.4
2026-09-23T19:10:44Z,2026-09-28 09:15-04:00,114.1,5.890,,,,,7.180,6.010,,,6.010,persist_decay,0.000,nbm,7,17,0,v0.10.4
2026-09-23T19:10:44Z,2026-09-28 21:40-04:00,126.5,5.220,,,,,6.520,5.320,,,5.320,persist_decay,0.000,nbm,5,8,0,v0.10.4
2026-09-23T19:10:44Z,2026-09-29 09:58-04:00,138.8,5.910,,,,,7.210,5.990,,,5.990,persist_decay,0.000,nbm,1,8,3,v0.10.4
2026-09-23T19:10:44Z,2026-09-29 22:28-04:00,151.3,4.990,,,,,6.280,5.040,,,5.040,persist_decay,0.000,nbm,1,6,3,v0.10.4
2026-09-23T19:10:44Z,2026-09-30 10:47-04:00,163.6,5.830,,,,,7.120,5.870,,,5.870,persist_decay,0.000,nbm,2,6,0,v0.10.4
2026-09-23T20:13:00Z,2026-09-23 18:19-04:00,2.1,5.110,7.000,7.000,6.710,7.310,6.530,6.470,7.000,nws-coastal-flood-product,7.000,nws_product,0.000,nws_grid,0,35,0,v0.10.4
2026-09-23T20:13:00Z,2026-09-24 06:47-04:00,14.6,4.840,6.400,6.400,6.340,6.740,6.270,5.890,6.400,nws-coastal-flood-product,6.400,nws_product,0.000,nws_grid,0,33,0,v0.10.4
2026-09-23T20:13:00Z,2026-09-24 19:01-04:00,26.8,5.310,7.100,7.100,7.010,7.510,6.740,6.130,7.100,nws-coastal-flood-product,7.100,nws_product,0.000,nws_grid,2,31,0,v0.10.4
2026-09-23T20:13:00Z,2026-09-25 07:25-04:00,39.2,5.190,7.000,7.000,6.890,7.890,6.620,5.820,7.000,nws-coastal-flood-product,7.000,nws_product,0.030,nws_grid,8,36,3,v0.10.4
2026-09-23T20:13:00Z,2026-09-25 19:40-04:00,51.4,5.440,7.900,7.900,7.240,8.740,6.870,5.930,7.900,nws-coastal-flood-product,7.900,nws_product,0.270,nws_grid,35,38,3,v0.10.4
2026-09-23T20:13:00Z,2026-09-26 08:01-04:00,63.8,5.500,7.900,7.900,6.800,8.400,6.930,5.880,7.900,nws-coastal-flood-product,7.900,nws_product,0.050,nbm,48,38,6,v0.10.4
2026-09-23T20:13:00Z,2026-09-26 20:18-04:00,76.1,5.470,,,6.170,7.970,6.900,5.760,,,7.070,petss_mid,0.100,nbm,57,33,6,v0.10.4
2026-09-23T20:13:00Z,2026-09-27 08:37-04:00,88.4,5.740,,,6.340,7.940,7.170,5.970,,,7.140,petss_mid,0.110,nbm,47,35,3,v0.10.4
2026-09-23T20:13:00Z,2026-09-27 20:58-04:00,100.7,5.400,,,,,6.820,5.570,,,5.570,persist_decay,0.020,nbm,25,24,3,v0.10.4
2026-09-23T20:13:00Z,2026-09-28 09:15-04:00,113.0,5.890,,,,,7.310,6.020,,,6.020,persist_decay,0.000,nbm,7,17,0,v0.10.4
2026-09-23T20:13:00Z,2026-09-28 21:40-04:00,125.4,5.220,,,,,6.650,5.330,,,5.330,persist_decay,0.000,nbm,5,8,0,v0.10.4
2026-09-23T20:13:00Z,2026-09-29 09:58-04:00,137.7,5.910,,,,,7.340,5.990,,,5.990,persist_decay,0.000,nbm,1,8,3,v0.10.4
2026-09-23T20:13:00Z,2026-09-29 22:28-04:00,150.2,4.990,,,,,6.410,5.050,,,5.050,persist_decay,0.000,nbm,1,6,3,v0.10.4
2026-09-23T20:13:00Z,2026-09-30 10:47-04:00,162.6,5.830,,,,,7.250,5.870,,,5.870,persist_decay,0.000,nbm,2,6,0,v0.10.4
2026-09-23T20:43:29Z,2026-09-23 18:19-04:00,1.6,5.110,7.000,7.000,6.710,7.310,6.580,6.530,7.000,nws-coastal-flood-product,7.000,nws_product,0.000,nws_grid,0,35,0,v0.10.4
2026-09-23T20:43:29Z,2026-09-24 06:47-04:00,14.1,4.840,6.400,6.400,6.340,6.740,6.320,5.940,6.400,nws-coastal-flood-product,6.400,nws_product,0.000,nws_grid,0,33,0,v0.10.4
2026-09-23T20:43:29Z,2026-09-24 19:01-04:00,26.3,5.310,7.100,7.100,7.010,7.510,6.790,6.160,7.100,nws-coastal-flood-product,7.100,nws_product,0.000,nws_grid,2,31,0,v0.10.4
2026-09-23T20:43:29Z,2026-09-25 07:25-04:00,38.7,5.190,7.000,7.000,6.890,7.890,6.670,5.850,7.000,nws-coastal-flood-product,7.000,nws_product,0.030,nws_grid,8,36,3,v0.10.4
2026-09-23T20:43:29Z,2026-09-25 19:40-04:00,50.9,5.440,7.900,7.900,7.240,8.740,6.920,5.950,7.900,nws-coastal-flood-product,7.900,nws_product,0.270,nws_grid,35,38,3,v0.10.4
2026-09-23T20:43:29Z,2026-09-26 08:01-04:00,63.3,5.500,7.900,7.900,6.800,8.400,6.980,5.900,7.900,nws-coastal-flood-product,7.900,nws_product,0.050,nbm,48,38,6,v0.10.4
2026-09-23T20:43:29Z,2026-09-26 20:18-04:00,75.6,5.470,,,6.170,7.970,6.950,5.780,,,7.070,petss_mid,0.100,nbm,57,33,6,v0.10.4
2026-09-23T20:43:29Z,2026-09-27 08:37-04:00,87.9,5.740,,,6.340,7.940,7.220,5.980,,,7.140,petss_mid,0.110,nbm,47,35,3,v0.10.4
2026-09-23T20:43:29Z,2026-09-27 20:58-04:00,100.2,5.400,,,,,6.870,5.580,,,5.580,persist_decay,0.020,nbm,25,24,3,v0.10.4
2026-09-23T20:43:29Z,2026-09-28 09:15-04:00,112.5,5.890,,,,,7.360,6.030,,,6.030,persist_decay,0.000,nbm,7,17,0,v0.10.4
2026-09-23T20:43:29Z,2026-09-28 21:40-04:00,124.9,5.220,,,,,6.700,5.330,,,5.330,persist_decay,0.000,nbm,5,8,0,v0.10.4
2026-09-23T20:43:29Z,2026-09-29 09:58-04:00,137.2,5.910,,,,,7.390,6.000,,,6.000,persist_decay,0.000,nbm,1,8,3,v0.10.4
2026-09-23T20:43:29Z,2026-09-29 22:28-04:00,149.7,4.990,,,,,6.460,5.050,,,5.050,persist_decay,0.000,nbm,1,6,3,v0.10.4
2026-09-23T20:43:29Z,2026-09-30 10:47-04:00,162.1,5.830,,,,,7.300,5.880,,,5.880,persist_decay,0.000,nbm,2,6,0,v0.10.4
2026-09-23T21:11:31Z,2026-09-23 18:19-04:00,1.1,5.110,7.000,7.000,6.810,7.210,6.540,6.500,7.000,nws-coastal-flood-product,7.000,nws_product,0.000,nws_grid,0,35,0,v0.10.4
2026-09-23T21:11:31Z,2026-09-24 06:47-04:00,13.6,4.840,6.400,6.400,6.340,6.640,6.270,5.920,6.400,nws-coastal-flood-product,6.400,nws_product,0.000,nws_grid,0,33,0,v0.10.4
2026-09-23T21:11:31Z,2026-09-24 19:01-04:00,25.8,5.310,7.100,7.100,6.910,7.410,6.740,6.150,7.100,nws-coastal-flood-product,7.100,nws_product,0.000,nws_grid,0,31,0,v0.10.4
2026-09-23T21:11:31Z,2026-09-25 07:25-04:00,38.2,5.190,7.000,7.000,6.790,7.590,6.620,5.840,7.000,nws-coastal-flood-product,7.000,nws_product,0.000,nws_grid,13,33,3,v0.10.4
2026-09-23T21:11:31Z,2026-09-25 19:40-04:00,50.5,5.440,7.900,7.900,7.240,8.440,6.870,5.940,7.900,nws-coastal-flood-product,7.900,nws_product,0.280,nws_grid,37,37,3,v0.10.4
2026-09-23T21:11:31Z,2026-09-26 08:01-04:00,62.8,5.500,7.900,7.900,7.300,8.700,6.930,5.890,7.900,nws-coastal-flood-product,7.900,nws_product,0.110,nws_grid,45,32,6,v0.10.4
2026-09-23T21:11:31Z,2026-09-26 20:18-04:00,75.1,5.470,,,6.570,8.270,6.900,5.770,,,7.420,petss_mid,0.100,nbm,57,30,6,v0.10.4
2026-09-23T21:11:31Z,2026-09-27 08:37-04:00,87.4,5.740,,,6.340,8.040,7.170,5.980,,,7.190,petss_mid,0.110,nbm,45,26,3,v0.10.4
2026-09-23T21:11:31Z,2026-09-27 20:58-04:00,99.8,5.400,,,,,6.830,5.580,,,5.580,persist_decay,0.020,nbm,23,21,3,v0.10.4
2026-09-23T21:11:31Z,2026-09-28 09:15-04:00,112.1,5.890,,,,,7.320,6.030,,,6.030,persist_decay,0.000,nbm,10,16,0,v0.10.4
2026-09-23T21:11:31Z,2026-09-28 21:40-04:00,124.5,5.220,,,,,6.660,5.330,,,5.330,persist_decay,0.000,nbm,6,7,0,v0.10.4
2026-09-23T21:11:31Z,2026-09-29 09:58-04:00,136.8,5.910,,,,,7.340,6.000,,,6.000,persist_decay,0.000,nbm,3,8,3,v0.10.4
2026-09-23T21:11:31Z,2026-09-29 22:28-04:00,149.3,4.990,,,,,6.420,5.050,,,5.050,persist_decay,0.000,nbm,1,6,3,v0.10.4
2026-09-23T21:11:31Z,2026-09-30 10:47-04:00,161.6,5.830,,,,,7.260,5.880,,,5.880,persist_decay,0.000,nbm,1,6,0,v0.10.4
2026-09-23T22:11:12Z,2026-09-23 18:19-04:00,0.1,5.110,7.000,7.000,6.810,7.210,6.660,6.650,7.000,nws-coastal-flood-product,7.000,nws_product,0.000,nws_grid,0,35,0,v0.10.4
2026-09-23T22:11:12Z,2026-09-24 06:47-04:00,12.6,4.840,6.400,6.400,6.340,6.640,6.390,6.030,6.400,nws-coastal-flood-product,6.400,nws_product,0.000,nws_grid,0,33,0,v0.10.4
2026-09-23T22:11:12Z,2026-09-24 19:01-04:00,24.8,5.310,7.100,7.100,6.910,7.410,6.860,6.240,7.100,nws-coastal-flood-product,7.100,nws_product,0.000,nws_grid,0,31,0,v0.10.4
2026-09-23T22:11:12Z,2026-09-25 07:25-04:00,37.2,5.190,7.000,7.000,6.790,7.590,6.740,5.910,7.000,nws-coastal-flood-product,7.000,nws_product,0.000,nws_grid,13,33,3,v0.10.4
2026-09-23T22:11:12Z,2026-09-25 19:40-04:00,49.5,5.440,7.900,7.900,7.240,8.440,6.990,6.000,7.900,nws-coastal-flood-product,7.900,nws_product,0.280,nws_grid,37,37,3,v0.10.4
2026-09-23T22:11:12Z,2026-09-26 08:01-04:00,61.8,5.500,7.900,7.900,7.300,8.700,7.060,5.930,7.900,nws-coastal-flood-product,7.900,nws_product,0.110,nws_grid,45,32,6,v0.10.4
2026-09-23T22:11:12Z,2026-09-26 20:18-04:00,74.1,5.470,,,6.570,8.270,7.020,5.800,,,7.420,petss_mid,0.100,nbm,57,30,6,v0.10.4
2026-09-23T22:11:12Z,2026-09-27 08:37-04:00,86.4,5.740,,,6.340,8.040,7.300,6.000,,,7.190,petss_mid,0.110,nbm,45,26,3,v0.10.4
2026-09-23T22:11:12Z,2026-09-27 20:58-04:00,98.8,5.400,,,,,6.950,5.600,,,5.600,persist_decay,0.020,nbm,23,21,3,v0.10.4
2026-09-23T22:11:12Z,2026-09-28 09:15-04:00,111.1,5.890,,,,,7.440,6.040,,,6.040,persist_decay,0.000,nbm,10,16,0,v0.10.4
2026-09-23T22:11:12Z,2026-09-28 21:40-04:00,123.5,5.220,,,,,6.780,5.340,,,5.340,persist_decay,0.000,nbm,6,7,0,v0.10.4
2026-09-23T22:11:12Z,2026-09-29 09:58-04:00,135.8,5.910,,,,,7.470,6.010,,,6.010,persist_decay,0.000,nbm,3,8,3,v0.10.4
2026-09-23T22:11:12Z,2026-09-29 22:28-04:00,148.3,4.990,,,,,6.540,5.060,,,5.060,persist_decay,0.000,nbm,1,6,3,v0.10.4
2026-09-23T22:11:12Z,2026-09-30 10:47-04:00,160.6,5.830,,,,,7.380,5.880,,,5.880,persist_decay,0.000,nbm,1,6,0,v0.10.4
2026-09-23T23:09:18Z,2026-09-24 06:47-04:00,11.6,4.840,6.400,6.400,6.340,6.640,6.650,6.260,6.400,nws-coastal-flood-product,6.400,nws_product,0.000,nws_grid,0,33,0,v0.10.4
2026-09-23T23:09:18Z,2026-09-24 19:01-04:00,23.9,5.310,7.100,7.100,6.910,7.410,7.120,6.410,7.100,nws-coastal-flood-product,7.100,nws_product,0.000,nws_grid,0,31,0,v0.10.4
2026-09-23T23:09:18Z,2026-09-25 07:25-04:00,36.3,5.190,7.000,7.000,6.790,7.590,7.000,6.040,7.000,nws-coastal-flood-product,7.000,nws_product,0.000,nws_grid,13,33,3,v0.10.4
2026-09-23T23:09:18Z,2026-09-25 19:40-04:00,48.5,5.440,7.900,7.900,7.240,8.440,7.250,6.100,7.900,nws-coastal-flood-product,7.900,nws_product,0.280,nws_grid,37,37,3,v0.10.4
2026-09-23T23:09:18Z,2026-09-26 08:01-04:00,60.9,5.500,7.900,7.900,7.300,8.700,7.310,6.010,7.900,nws-coastal-flood-product,7.900,nws_product,0.110,nws_grid,45,32,6,v0.10.4
2026-09-23T23:09:18Z,2026-09-26 20:18-04:00,73.1,5.470,,,6.570,8.270,7.280,5.870,,,7.420,petss_mid,0.100,nbm,57,30,6,v0.10.4
2026-09-23T23:09:18Z,2026-09-27 08:37-04:00,85.5,5.740,,,6.340,8.040,7.550,6.050,,,7.190,petss_mid,0.110,nbm,45,26,3,v0.10.4
2026-09-23T23:09:18Z,2026-09-27 20:58-04:00,97.8,5.400,,,,,7.210,5.630,,,5.630,persist_decay,0.020,nbm,23,21,3,v0.10.4
2026-09-23T23:09:18Z,2026-09-28 09:15-04:00,110.1,5.890,,,,,7.700,6.070,,,6.070,persist_decay,0.000,nbm,10,16,0,v0.10.4
2026-09-23T23:09:18Z,2026-09-28 21:40-04:00,122.5,5.220,,,,,7.040,5.370,,,5.370,persist_decay,0.000,nbm,6,7,0,v0.10.4
2026-09-23T23:09:18Z,2026-09-29 09:58-04:00,134.8,5.910,,,,,7.720,6.020,,,6.020,persist_decay,0.000,nbm,3,8,3,v0.10.4
2026-09-23T23:09:18Z,2026-09-29 22:28-04:00,147.3,4.990,,,,,6.800,5.070,,,5.070,persist_decay,0.000,nbm,1,6,3,v0.10.4
2026-09-23T23:09:18Z,2026-09-30 10:47-04:00,159.6,5.830,,,,,7.640,5.890,,,5.890,persist_decay,0.000,nbm,1,6,0,v0.10.4
2026-09-24T00:32:13Z,2026-09-24 06:47-04:00,10.2,4.840,6.400,6.400,6.340,6.640,7.010,6.590,6.400,nws-coastal-flood-product,6.400,nws_product,0.000,nws_grid,0,33,0,v0.10.4
2026-09-24T00:32:13Z,2026-09-24 19:01-04:00,22.5,5.310,7.100,7.100,6.910,7.410,7.480,6.670,7.100,nws-coastal-flood-product,7.100,nws_product,0.000,nws_grid,0,31,0,v0.10.4
2026-09-24T00:32:13Z,2026-09-25 07:25-04:00,34.9,5.190,7.000,7.000,6.790,7.590,7.360,6.240,7.000,nws-coastal-flood-product,7.000,nws_product,0.000,nws_grid,13,33,6,v0.10.4
2026-09-24T00:32:13Z,2026-09-25 19:40-04:00,47.1,5.440,7.900,7.900,7.240,8.440,7.610,6.260,7.900,nws-coastal-flood-product,7.900,nws_product,0.280,nws_grid,37,37,6,v0.10.4
2026-09-24T00:32:13Z,2026-09-26 08:01-04:00,59.5,5.500,7.900,7.900,7.300,8.700,7.670,6.130,7.900,nws-coastal-flood-product,7.900,nws_product,0.110,nws_grid,45,32,26,v0.10.4
2026-09-24T00:32:13Z,2026-09-26 20:18-04:00,71.8,5.470,,,6.570,8.270,7.640,5.960,7.640,surge-persistence,7.420,petss_mid,0.100,nbm,57,30,26,v0.10.4
2026-09-24T00:32:13Z,2026-09-27 08:37-04:00,84.1,5.740,,,6.340,8.040,7.910,6.120,,,7.190,petss_mid,0.030,nbm,45,26,26,v0.10.4
2026-09-24T00:32:13Z,2026-09-27 20:58-04:00,96.4,5.400,,,,,7.570,5.690,,,5.690,persist_decay,0.000,nbm,23,21,26,v0.10.4
2026-09-24T00:32:13Z,2026-09-28 09:15-04:00,108.7,5.890,,,,,8.060,6.110,,,6.110,persist_decay,0.000,nbm,10,16,6,v0.10.4
2026-09-24T00:32:13Z,2026-09-28 21:40-04:00,121.1,5.220,,,,,7.400,5.400,,,5.400,persist_decay,0.000,nbm,6,7,6,v0.10.4
2026-09-24T00:32:13Z,2026-09-29 09:58-04:00,133.4,5.910,,,,,8.080,6.050,,,6.050,persist_decay,0.000,nbm,3,8,0,v0.10.4
2026-09-24T00:32:13Z,2026-09-29 22:28-04:00,145.9,4.990,,,,,7.160,5.090,,,5.090,persist_decay,0.000,nbm,1,6,0,v0.10.4
2026-09-24T00:32:13Z,2026-09-30 10:47-04:00,158.2,5.830,,,,,8.000,5.910,,,5.910,persist_decay,0.000,nbm,1,6,0,v0.10.4
2026-09-24T01:23:15Z,2026-09-24 06:47-04:00,9.4,4.840,6.400,6.400,6.340,6.640,7.040,6.650,6.400,nws-coastal-flood-product,6.400,nws_product,0.000,nws_grid,0,33,0,v0.10.4
2026-09-24T01:23:15Z,2026-09-24 19:01-04:00,21.6,5.310,7.100,7.100,6.910,7.410,7.510,6.710,7.100,nws-coastal-flood-product,7.100,nws_product,0.000,nws_grid,0,31,0,v0.10.4
2026-09-24T01:23:15Z,2026-09-25 07:25-04:00,34.0,5.190,7.000,7.000,6.790,7.590,7.400,6.280,7.000,nws-coastal-flood-product,7.000,nws_product,0.000,nws_grid,13,33,6,v0.10.4
2026-09-24T01:23:15Z,2026-09-25 19:40-04:00,46.3,5.440,7.900,7.900,7.240,8.440,7.640,6.280,7.900,nws-coastal-flood-product,7.900,nws_product,0.280,nws_grid,37,37,6,v0.10.4
2026-09-24T01:23:15Z,2026-09-26 08:01-04:00,58.6,5.500,7.900,7.900,7.300,8.700,7.710,6.150,7.900,nws-coastal-flood-product,7.900,nws_product,0.110,nws_grid,45,32,26,v0.10.4
2026-09-24T01:23:15Z,2026-09-26 20:18-04:00,70.9,5.470,,,6.570,8.270,7.680,5.980,7.680,surge-persistence,7.420,petss_mid,0.100,nbm,57,30,26,v0.10.4
2026-09-24T01:23:15Z,2026-09-27 08:37-04:00,83.2,5.740,,,6.340,8.040,7.950,6.130,,,7.190,petss_mid,0.030,nbm,45,26,26,v0.10.4
2026-09-24T01:23:15Z,2026-09-27 20:58-04:00,95.6,5.400,,,,,7.600,5.700,,,5.700,persist_decay,0.000,nbm,23,21,26,v0.10.4
2026-09-24T01:23:15Z,2026-09-28 09:15-04:00,107.9,5.890,,,,,8.090,6.120,,,6.120,persist_decay,0.000,nbm,10,16,6,v0.10.4
2026-09-24T01:23:15Z,2026-09-28 21:40-04:00,120.3,5.220,,,,,7.430,5.400,,,5.400,persist_decay,0.000,nbm,6,7,6,v0.10.4
2026-09-24T01:23:15Z,2026-09-29 09:58-04:00,132.6,5.910,,,,,8.120,6.050,,,6.050,persist_decay,0.000,nbm,3,8,0,v0.10.4
2026-09-24T01:23:15Z,2026-09-29 22:28-04:00,145.1,4.990,,,,,7.190,5.090,,,5.090,persist_decay,0.000,nbm,1,6,0,v0.10.4
2026-09-24T01:23:15Z,2026-09-30 10:47-04:00,157.4,5.830,,,,,8.030,5.910,,,5.910,persist_decay,0.000,nbm,1,6,0,v0.10.4
2026-09-24T02:17:36Z,2026-09-24 06:47-04:00,8.5,4.840,6.400,6.400,6.340,6.640,7.040,6.680,6.400,nws-coastal-flood-product,6.400,nws_product,0.000,nws_grid,0,33,0,v0.10.4
2026-09-24T02:17:36Z,2026-09-24 19:01-04:00,20.7,5.310,7.100,7.100,6.910,7.410,7.510,6.740,7.100,nws-coastal-flood-product,7.100,nws_product,0.000,nws_grid,0,31,0,v0.10.4
2026-09-24T02:17:36Z,2026-09-25 07:25-04:00,33.1,5.190,7.000,7.000,6.790,7.590,7.390,6.290,7.000,nws-coastal-flood-product,7.000,nws_product,0.000,nws_grid,13,33,6,v0.10.4
2026-09-24T02:17:36Z,2026-09-25 19:40-04:00,45.4,5.440,7.900,7.900,7.240,8.440,7.640,6.300,7.900,nws-coastal-flood-product,7.900,nws_product,0.280,nws_grid,37,37,6,v0.10.4
2026-09-24T02:17:36Z,2026-09-26 08:01-04:00,57.7,5.500,7.900,7.900,7.300,8.700,7.700,6.160,7.900,nws-coastal-flood-product,7.900,nws_product,0.110,nws_grid,45,32,26,v0.10.4
2026-09-24T02:17:36Z,2026-09-26 20:18-04:00,70.0,5.470,,,6.570,8.270,7.670,5.980,7.670,surge-persistence,7.420,petss_mid,0.100,nbm,57,30,26,v0.10.4
2026-09-24T02:17:36Z,2026-09-27 08:37-04:00,82.3,5.740,,,6.340,8.040,7.940,6.140,,,7.190,petss_mid,0.030,nbm,45,26,26,v0.10.4
2026-09-24T02:17:36Z,2026-09-27 20:58-04:00,94.7,5.400,,,,,7.590,5.700,,,5.700,persist_decay,0.000,nbm,23,21,26,v0.10.4
2026-09-24T02:17:36Z,2026-09-28 09:15-04:00,107.0,5.890,,,,,8.080,6.120,,,6.120,persist_decay,0.000,nbm,10,16,6,v0.10.4
2026-09-24T02:17:36Z,2026-09-28 21:40-04:00,119.4,5.220,,,,,7.420,5.410,,,5.410,persist_decay,0.000,nbm,6,7,6,v0.10.4
2026-09-24T02:17:36Z,2026-09-29 09:58-04:00,131.7,5.910,,,,,8.110,6.060,,,6.060,persist_decay,0.000,nbm,3,8,0,v0.10.4
2026-09-24T02:17:36Z,2026-09-29 22:28-04:00,144.2,4.990,,,,,7.180,5.100,,,5.100,persist_decay,0.000,nbm,1,6,0,v0.10.4
2026-09-24T02:17:36Z,2026-09-30 10:47-04:00,156.5,5.830,,,,,8.020,5.910,,,5.910,persist_decay,0.000,nbm,1,6,0,v0.10.4
2026-09-24T03:14:36Z,2026-09-24 06:47-04:00,7.5,4.840,6.400,6.400,6.340,6.840,7.000,6.680,6.400,nws-coastal-flood-product,6.400,nws_product,0.000,nws_grid,0,33,0,v0.10.4
2026-09-24T03:14:36Z,2026-09-24 19:01-04:00,19.8,5.310,7.100,7.100,6.910,7.510,7.470,6.740,7.100,nws-coastal-flood-product,7.100,nws_product,0.000,nws_grid,0,31,0,v0.10.4
2026-09-24T03:14:36Z,2026-09-25 07:25-04:00,32.2,5.190,7.000,7.000,6.790,7.590,7.350,6.300,7.000,nws-coastal-flood-product,7.000,nws_product,0.000,nws_grid,13,33,6,v0.10.4
2026-09-24T03:14:36Z,2026-09-25 19:40-04:00,44.4,5.440,7.900,7.900,7.340,8.340,7.600,6.300,7.900,nws-coastal-flood-product,7.900,nws_product,0.280,nws_grid,37,37,6,v0.10.4
2026-09-24T03:14:36Z,2026-09-26 08:01-04:00,56.8,5.500,7.900,7.900,7.300,8.600,7.660,6.160,7.900,nws-coastal-flood-product,7.900,nws_product,0.110,nws_grid,45,32,26,v0.10.4
2026-09-24T03:14:36Z,2026-09-26 20:18-04:00,69.1,5.470,,,6.570,8.270,7.630,5.980,7.630,surge-persistence,7.420,petss_mid,0.100,nbm,57,30,26,v0.10.4
2026-09-24T03:14:36Z,2026-09-27 08:37-04:00,81.4,5.740,,,6.440,8.040,7.900,6.140,,,7.240,petss_mid,0.030,nbm,45,26,26,v0.10.4
2026-09-24T03:14:36Z,2026-09-27 20:58-04:00,93.7,5.400,,,6.000,7.500,7.550,5.700,,,6.750,petss_mid,0.000,nbm,23,21,26,v0.10.4
2026-09-24T03:14:36Z,2026-09-28 09:15-04:00,106.0,5.890,,,,,8.040,6.120,,,6.120,persist_decay,0.000,nbm,10,16,6,v0.10.4
2026-09-24T03:14:36Z,2026-09-28 21:40-04:00,118.4,5.220,,,,,7.380,5.410,,,5.410,persist_decay,0.000,nbm,6,7,6,v0.10.4
2026-09-24T03:14:36Z,2026-09-29 09:58-04:00,130.7,5.910,,,,,8.070,6.060,,,6.060,persist_decay,0.000,nbm,3,8,0,v0.10.4
2026-09-24T03:14:36Z,2026-09-29 22:28-04:00,143.2,4.990,,,,,7.140,5.100,,,5.100,persist_decay,0.000,nbm,1,6,0,v0.10.4
2026-09-24T03:14:36Z,2026-09-30 10:47-04:00,155.5,5.830,,,,,7.980,5.910,,,5.910,persist_decay,0.000,nbm,1,6,0,v0.10.4
2026-09-24T03:24:52Z,2026-09-24 06:47-04:00,7.4,4.840,6.400,6.400,6.340,6.840,6.970,6.660,6.400,nws-coastal-flood-product,6.400,nws_product,0.000,nws_grid,0,33,0,v0.10.5
2026-09-24T03:24:52Z,2026-09-24 19:01-04:00,19.6,5.310,7.100,7.100,6.910,7.510,7.440,6.720,7.100,nws-coastal-flood-product,7.100,nws_product,0.000,nws_grid,0,31,0,v0.10.5
2026-09-24T03:24:52Z,2026-09-25 07:25-04:00,32.0,5.190,7.000,7.000,6.790,7.590,7.320,6.280,7.000,nws-coastal-flood-product,7.000,nws_product,0.000,nws_grid,13,33,6,v0.10.5
2026-09-24T03:24:52Z,2026-09-25 19:40-04:00,44.3,5.440,7.900,7.900,7.340,8.340,7.570,6.290,7.900,nws-coastal-flood-product,7.900,nws_product,0.280,nws_grid,37,37,6,v0.10.5
2026-09-24T03:24:52Z,2026-09-26 08:01-04:00,56.6,5.500,7.900,7.900,7.300,8.600,7.630,6.160,7.900,nws-coastal-flood-product,7.900,nws_product,0.110,nws_grid,45,32,26,v0.10.5
2026-09-24T03:24:52Z,2026-09-26 20:18-04:00,68.9,5.470,,,6.570,8.270,7.600,5.980,7.600,surge-persistence,7.420,petss_mid,0.100,nbm,57,30,26,v0.10.5
2026-09-24T03:24:52Z,2026-09-27 08:37-04:00,81.2,5.740,,,6.440,8.040,7.870,6.140,,,7.240,petss_mid,0.030,nbm,45,26,26,v0.10.5
2026-09-24T03:24:52Z,2026-09-27 20:58-04:00,93.6,5.400,,,6.000,7.500,7.520,5.700,,,6.750,petss_mid,0.000,nbm,23,21,26,v0.10.5
2026-09-24T03:24:52Z,2026-09-28 09:15-04:00,105.8,5.890,,,,,8.010,6.120,,,6.120,persist_decay,0.000,nbm,10,16,6,v0.10.5
2026-09-24T03:24:52Z,2026-09-28 21:40-04:00,118.3,5.220,,,,,7.350,5.410,,,5.410,persist_decay,0.000,nbm,6,7,6,v0.10.5
2026-09-24T03:24:52Z,2026-09-29 09:58-04:00,130.6,5.910,,,,,8.040,6.050,,,6.050,persist_decay,0.000,nbm,3,8,0,v0.10.5
2026-09-24T03:24:52Z,2026-09-29 22:28-04:00,143.1,4.990,,,,,7.110,5.090,,,5.090,persist_decay,0.000,nbm,1,6,0,v0.10.5
2026-09-24T03:24:52Z,2026-09-30 10:47-04:00,155.4,5.830,,,,,7.950,5.910,,,5.910,persist_decay,0.000,nbm,1,6,0,v0.10.5
2026-09-24T03:24:52Z,2026-09-30 23:23-04:00,168.0,4.730,,,,,6.860,4.800,,,4.800,persist_decay,0.000,nbm,12,,0,v0.10.5
2026-09-24T04:14:17Z,2026-09-24 06:47-04:00,6.5,4.840,6.400,6.400,6.340,6.840,6.950,6.680,6.400,nws-coastal-flood-product,6.400,nws_product,0.000,nws_grid,0,33,0,v0.10.5
2026-09-24T04:14:17Z,2026-09-24 19:01-04:00,18.8,5.310,7.000,7.000,6.910,7.510,7.420,6.740,7.000,nws-coastal-flood-product,7.000,nws_product,0.000,nws_grid,0,31,0,v0.10.5
2026-09-24T04:14:17Z,2026-09-25 07:25-04:00,31.2,5.190,6.900,6.900,6.790,7.590,7.300,6.290,6.900,nws-coastal-flood-product,6.900,nws_product,0.000,nws_grid,13,33,6,v0.10.5
2026-09-24T04:14:17Z,2026-09-25 19:40-04:00,43.4,5.440,7.500,7.500,7.340,8.340,7.550,6.300,7.500,nws-coastal-flood-product,7.500,nws_product,0.280,nws_grid,37,37,6,v0.10.5
2026-09-24T04:14:17Z,2026-09-26 08:01-04:00,55.8,5.500,7.500,7.500,7.300,8.600,7.610,6.160,7.500,nws-coastal-flood-product,7.500,nws_product,0.110,nws_grid,45,32,26,v0.10.5
2026-09-24T04:14:17Z,2026-09-26 20:18-04:00,68.1,5.470,7.200,7.200,6.570,8.270,7.580,5.980,7.200,nws-coastal-flood-product,7.200,nws_product,0.100,nbm,57,30,26,v0.10.5
2026-09-24T04:14:17Z,2026-09-27 08:37-04:00,80.4,5.740,,,6.440,8.040,7.850,6.140,,,7.240,petss_mid,0.030,nbm,45,26,26,v0.10.5
2026-09-24T04:14:17Z,2026-09-27 20:58-04:00,92.7,5.400,,,6.000,7.500,7.510,5.700,,,6.750,petss_mid,0.000,nbm,23,21,26,v0.10.5
2026-09-24T04:14:17Z,2026-09-28 09:15-04:00,105.0,5.890,,,,,8.000,6.120,,,6.120,persist_decay,0.000,nbm,10,16,6,v0.10.5
2026-09-24T04:14:17Z,2026-09-28 21:40-04:00,117.4,5.220,,,,,7.330,5.410,,,5.410,persist_decay,0.000,nbm,6,7,6,v0.10.5
2026-09-24T04:14:17Z,2026-09-29 09:58-04:00,129.7,5.910,,,,,8.020,6.060,,,6.060,persist_decay,0.000,nbm,3,8,0,v0.10.5
2026-09-24T04:14:17Z,2026-09-29 22:28-04:00,142.2,4.990,,,,,7.100,5.100,,,5.100,persist_decay,0.000,nbm,1,6,0,v0.10.5
2026-09-24T04:14:17Z,2026-09-30 10:47-04:00,154.5,5.830,,,,,7.940,5.910,,,5.910,persist_decay,0.000,nbm,1,6,0,v0.10.5
2026-09-24T04:14:17Z,2026-09-30 23:23-04:00,167.1,4.730,,,,,6.840,4.800,,,4.800,persist_decay,0.000,nbm,12,,0,v0.10.5
2026-09-24T05:12:24Z,2026-09-24 06:47-04:00,5.6,4.840,6.400,6.400,6.340,6.840,6.880,6.650,6.400,nws-coastal-flood-product,6.400,nws_product,0.000,nws_grid,0,33,0,v0.10.5
2026-09-24T05:12:24Z,2026-09-24 19:01-04:00,17.8,5.310,7.000,7.000,6.910,7.510,7.350,6.720,7.000,nws-coastal-flood-product,7.000,nws_product,0.000,nws_grid,0,31,0,v0.10.5
2026-09-24T05:12:24Z,2026-09-25 07:25-04:00,30.2,5.190,6.900,6.900,6.790,7.590,7.230,6.280,6.900,nws-coastal-flood-product,6.900,nws_product,0.000,nws_grid,13,33,6,v0.10.5
2026-09-24T05:12:24Z,2026-09-25 19:40-04:00,42.5,5.440,7.500,7.500,7.340,8.340,7.480,6.280,7.500,nws-coastal-flood-product,7.500,nws_product,0.280,nws_grid,37,37,6,v0.10.5
2026-09-24T05:12:24Z,2026-09-26 08:01-04:00,54.8,5.500,7.500,7.500,7.300,8.600,7.540,6.150,7.500,nws-coastal-flood-product,7.500,nws_product,0.110,nws_grid,45,32,26,v0.10.5
2026-09-24T05:12:24Z,2026-09-26 20:18-04:00,67.1,5.470,7.200,7.200,6.570,8.270,7.510,5.980,7.200,nws-coastal-flood-product,7.200,nws_product,0.100,nbm,57,30,26,v0.10.5
2026-09-24T05:12:24Z,2026-09-27 08:37-04:00,79.4,5.740,,,6.440,8.040,7.780,6.130,,,7.240,petss_mid,0.030,nbm,45,26,26,v0.10.5
2026-09-24T05:12:24Z,2026-09-27 20:58-04:00,91.8,5.400,,,6.000,7.500,7.430,5.700,,,6.750,petss_mid,0.000,nbm,23,21,26,v0.10.5
2026-09-24T05:12:24Z,2026-09-28 09:15-04:00,104.0,5.890,,,,,7.920,6.120,,,6.120,persist_decay,0.000,nbm,10,16,6,v0.10.5
2026-09-24T05:12:24Z,2026-09-28 21:40-04:00,116.5,5.220,,,,,7.260,5.400,,,5.400,persist_decay,0.000,nbm,6,7,6,v0.10.5
2026-09-24T05:12:24Z,2026-09-29 09:58-04:00,128.8,5.910,,,,,7.950,6.050,,,6.050,persist_decay,0.000,nbm,3,8,0,v0.10.5
2026-09-24T05:12:24Z,2026-09-29 22:28-04:00,141.3,4.990,,,,,7.020,5.090,,,5.090,persist_decay,0.000,nbm,1,6,0,v0.10.5
2026-09-24T05:12:24Z,2026-09-30 10:47-04:00,153.6,5.830,,,,,7.860,5.910,,,5.910,persist_decay,0.000,nbm,1,6,0,v0.10.5
2026-09-24T05:12:24Z,2026-09-30 23:23-04:00,166.2,4.730,,,,,6.770,4.800,,,4.800,persist_decay,0.000,nbm,12,,0,v0.10.5
2026-09-24T05:46:59Z,2026-09-24 06:47-04:00,5.0,4.840,6.400,6.400,6.340,6.840,6.710,6.530,6.400,nws-coastal-flood-product,6.400,nws_product,0.000,nws_grid,0,33,0,v0.10.6
2026-09-24T05:46:59Z,2026-09-24 19:01-04:00,17.2,5.310,7.000,7.000,6.910,7.510,7.180,6.670,7.000,nws-coastal-flood-product,7.000,nws_product,0.000,nws_grid,0,31,0,v0.10.6
2026-09-24T05:46:59Z,2026-09-25 07:25-04:00,29.6,5.190,6.900,6.900,6.790,7.590,7.060,6.310,6.900,nws-coastal-flood-product,6.900,nws_product,0.000,nws_grid,13,33,0,v0.10.6
2026-09-24T05:46:59Z,2026-09-25 19:40-04:00,41.9,5.440,7.500,7.500,7.340,8.340,7.310,6.390,7.500,nws-coastal-flood-product,7.500,nws_product,0.280,nws_grid,37,37,0,v0.10.6
2026-09-24T05:46:59Z,2026-09-26 08:01-04:00,54.2,5.500,7.500,7.500,7.300,8.600,7.370,6.330,7.500,nws-coastal-flood-product,7.500,nws_product,0.110,nws_grid,45,32,39,v0.10.6
2026-09-24T05:46:59Z,2026-09-26 20:18-04:00,66.5,5.470,7.200,7.200,6.570,8.270,7.340,6.210,7.200,nws-coastal-flood-product,7.200,nws_product,0.100,nbm,57,30,39,v0.10.6
2026-09-24T05:46:59Z,2026-09-27 08:37-04:00,78.8,5.740,,,6.440,8.040,7.610,6.420,,,7.240,petss_mid,0.030,nbm,45,26,19,v0.10.6
2026-09-24T05:46:59Z,2026-09-27 20:58-04:00,91.2,5.400,,,6.000,7.500,7.270,6.030,,,6.750,petss_mid,0.000,nbm,23,21,19,v0.10.6
2026-09-24T05:46:59Z,2026-09-28 09:15-04:00,103.5,5.890,,,,,7.760,6.490,,,6.980,guidance_decay,0.000,nbm,10,16,0,v0.10.6
2026-09-24T05:46:59Z,2026-09-28 21:40-04:00,115.9,5.220,,,,,7.100,5.810,,,6.160,guidance_decay,0.000,nbm,6,7,0,v0.10.6
2026-09-24T05:46:59Z,2026-09-29 09:58-04:00,128.2,5.910,,,,,7.780,6.480,,,6.730,guidance_decay,0.000,nbm,3,8,0,v0.10.6
2026-09-24T05:46:59Z,2026-09-29 22:28-04:00,140.7,4.990,,,,,6.860,5.540,,,5.720,guidance_decay,0.000,nbm,1,6,0,v0.10.6
2026-09-24T05:46:59Z,2026-09-30 10:47-04:00,153.0,5.830,,,,,7.700,6.380,,,6.500,guidance_decay,0.000,nbm,1,6,0,v0.10.6
2026-09-24T05:46:59Z,2026-09-30 23:23-04:00,165.6,4.730,,,,,6.600,5.280,,,5.360,guidance_decay,0.000,nbm,12,,0,v0.10.6
2026-09-24T06:21:22Z,2026-09-24 06:47-04:00,4.4,4.840,6.400,6.400,6.340,6.840,6.660,6.510,6.400,nws-coastal-flood-product,6.400,nws_product,0.000,nws_grid,0,33,0,v0.10.6
2026-09-24T06:21:22Z,2026-09-24 19:01-04:00,16.7,5.310,7.000,7.000,6.910,7.510,7.130,6.650,7.000,nws-coastal-flood-product,7.000,nws_product,0.000,nws_grid,0,31,0,v0.10.6
2026-09-24T06:21:22Z,2026-09-25 07:25-04:00,29.1,5.190,6.900,6.900,6.790,7.590,7.010,6.300,6.900,nws-coastal-flood-product,6.900,nws_product,0.000,nws_grid,13,33,0,v0.10.6
2026-09-24T06:21:22Z,2026-09-25 19:40-04:00,41.3,5.440,7.500,7.500,7.340,8.340,7.260,6.380,7.500,nws-coastal-flood-product,7.500,nws_product,0.280,nws_grid,37,37,0,v0.10.6
2026-09-24T06:21:22Z,2026-09-26 08:01-04:00,53.7,5.500,7.500,7.500,7.300,8.600,7.330,6.320,7.500,nws-coastal-flood-product,7.500,nws_product,0.110,nws_grid,45,32,39,v0.10.6
2026-09-24T06:21:22Z,2026-09-26 20:18-04:00,65.9,5.470,7.200,7.200,6.570,8.270,7.290,6.210,7.200,nws-coastal-flood-product,7.200,nws_product,0.070,nbm,57,30,39,v0.10.6
2026-09-24T06:21:22Z,2026-09-27 08:37-04:00,78.3,5.740,,,6.440,8.040,7.570,6.420,,,7.240,petss_mid,0.050,nbm,45,26,19,v0.10.6
2026-09-24T06:21:22Z,2026-09-27 20:58-04:00,90.6,5.400,,,6.000,7.500,7.220,6.030,,,6.750,petss_mid,0.000,nbm,23,21,19,v0.10.6
2026-09-24T06:21:22Z,2026-09-28 09:15-04:00,102.9,5.890,,,,,7.710,6.490,,,6.980,guidance_decay,0.000,nbm,10,16,0,v0.10.6
2026-09-24T06:21:22Z,2026-09-28 21:40-04:00,115.3,5.220,,,,,7.050,5.810,,,6.160,guidance_decay,0.000,nbm,6,7,0,v0.10.6
2026-09-24T06:21:22Z,2026-09-29 09:58-04:00,127.6,5.910,,,,,7.740,6.480,,,6.730,guidance_decay,0.000,nbm,3,8,0,v0.10.6
2026-09-24T06:21:22Z,2026-09-29 22:28-04:00,140.1,4.990,,,,,6.810,5.540,,,5.720,guidance_decay,0.000,nbm,1,6,0,v0.10.6
2026-09-24T06:21:22Z,2026-09-30 10:47-04:00,152.4,5.830,,,,,7.650,6.380,,,6.500,guidance_decay,0.000,nbm,1,6,0,v0.10.6
2026-09-24T06:21:22Z,2026-09-30 23:23-04:00,165.0,4.730,,,,,6.550,5.280,,,5.360,guidance_decay,0.000,nbm,12,,0,v0.10.6
2026-09-24T07:15:29Z,2026-09-24 06:47-04:00,3.5,4.840,6.400,6.400,6.340,6.840,6.450,6.350,6.400,nws-coastal-flood-product,6.400,nws_product,0.000,nws_grid,0,33,0,v0.10.6
2026-09-24T07:15:29Z,2026-09-24 19:01-04:00,15.8,5.310,7.000,7.000,6.910,7.510,6.920,6.540,7.000,nws-coastal-flood-product,7.000,nws_product,0.000,nws_grid,0,31,0,v0.10.6
2026-09-24T07:15:29Z,2026-09-25 07:25-04:00,28.2,5.190,6.900,6.900,6.790,7.590,6.800,6.220,6.900,nws-coastal-flood-product,6.900,nws_product,0.000,nws_grid,13,33,0,v0.10.6
2026-09-24T07:15:29Z,2026-09-25 19:40-04:00,40.4,5.440,7.500,7.500,7.340,8.340,7.050,6.320,7.500,nws-coastal-flood-product,7.500,nws_product,0.280,nws_grid,37,37,0,v0.10.6
2026-09-24T07:15:29Z,2026-09-26 08:01-04:00,52.8,5.500,7.500,7.500,7.300,8.600,7.110,6.280,7.500,nws-coastal-flood-product,7.500,nws_product,0.110,nws_grid,45,32,39,v0.10.6
2026-09-24T07:15:29Z,2026-09-26 20:18-04:00,65.0,5.470,7.200,7.200,6.570,8.270,7.080,6.180,7.200,nws-coastal-flood-product,7.200,nws_product,0.070,nbm,57,30,39,v0.10.6
2026-09-24T07:15:29Z,2026-09-27 08:37-04:00,77.4,5.740,,,6.440,8.040,7.350,6.400,,,7.240,petss_mid,0.050,nbm,45,26,19,v0.10.6
2026-09-24T07:15:29Z,2026-09-27 20:58-04:00,89.7,5.400,,,6.000,7.500,7.010,6.020,,,6.750,petss_mid,0.000,nbm,23,21,19,v0.10.6
2026-09-24T07:15:29Z,2026-09-28 09:15-04:00,102.0,5.890,,,,,7.500,6.480,,,6.980,guidance_decay,0.000,nbm,10,16,0,v0.10.6
2026-09-24T07:15:29Z,2026-09-28 21:40-04:00,114.4,5.220,,,,,6.840,5.800,,,6.160,guidance_decay,0.000,nbm,6,7,0,v0.10.6
2026-09-24T07:15:29Z,2026-09-29 09:58-04:00,126.7,5.910,,,,,7.520,6.480,,,6.730,guidance_decay,0.000,nbm,3,8,0,v0.10.6
2026-09-24T07:15:29Z,2026-09-29 22:28-04:00,139.2,4.990,,,,,6.600,5.540,,,5.720,guidance_decay,0.000,nbm,1,6,0,v0.10.6
2026-09-24T07:15:29Z,2026-09-30 10:47-04:00,151.5,5.830,,,,,7.440,6.370,,,6.500,guidance_decay,0.000,nbm,1,6,0,v0.10.6
2026-09-24T07:15:29Z,2026-09-30 23:23-04:00,164.1,4.730,,,,,6.340,5.270,,,5.360,guidance_decay,0.000,nbm,12,,0,v0.10.6
2026-09-24T08:18:01Z,2026-09-24 06:47-04:00,2.5,4.840,6.400,6.400,6.340,6.840,6.260,6.200,6.400,nws-coastal-flood-product,6.400,nws_product,0.000,nws_grid,0,33,0,v0.10.6
2026-09-24T08:18:01Z,2026-09-24 19:01-04:00,14.7,5.310,7.000,7.000,6.910,7.510,6.730,6.430,7.000,nws-coastal-flood-product,7.000,nws_product,0.000,nws_grid,0,30,0,v0.10.6
2026-09-24T08:18:01Z,2026-09-25 07:25-04:00,27.1,5.190,6.900,6.900,6.790,7.590,6.610,6.140,6.900,nws-coastal-flood-product,6.900,nws_product,0.000,nws_grid,4,36,0,v0.10.6
2026-09-24T08:18:01Z,2026-09-25 19:40-04:00,39.4,5.440,7.500,7.500,7.340,8.340,6.860,6.270,7.500,nws-coastal-flood-product,7.500,nws_product,0.230,nws_grid,31,39,0,v0.10.6
2026-09-24T08:18:01Z,2026-09-26 08:01-04:00,51.7,5.500,7.500,7.500,7.300,8.600,6.920,6.250,7.500,nws-coastal-flood-product,7.500,nws_product,0.200,nws_grid,49,40,39,v0.10.6
2026-09-24T08:18:01Z,2026-09-26 20:18-04:00,64.0,5.470,7.200,7.200,6.570,8.270,6.890,6.150,7.200,nws-coastal-flood-product,7.200,nws_product,0.140,nws_grid,68,36,39,v0.10.6
2026-09-24T08:18:01Z,2026-09-27 08:37-04:00,76.3,5.740,,,6.440,8.040,7.160,6.380,,,7.240,petss_mid,0.050,nbm,66,33,19,v0.10.6
2026-09-24T08:18:01Z,2026-09-27 20:58-04:00,88.7,5.400,,,6.000,7.500,6.820,6.000,,,6.750,petss_mid,0.000,nbm,46,25,19,v0.10.6
2026-09-24T08:18:01Z,2026-09-28 09:15-04:00,100.9,5.890,,,,,7.310,6.470,,,6.980,guidance_decay,0.000,nbm,13,17,0,v0.10.6
2026-09-24T08:18:01Z,2026-09-28 21:40-04:00,113.4,5.220,,,,,6.650,5.790,,,6.160,guidance_decay,0.000,nbm,4,8,0,v0.10.6
2026-09-24T08:18:01Z,2026-09-29 09:58-04:00,125.7,5.910,,,,,7.330,6.470,,,6.730,guidance_decay,0.000,nbm,1,7,0,v0.10.6
2026-09-24T08:18:01Z,2026-09-29 22:28-04:00,138.2,4.990,,,,,6.410,5.540,,,5.720,guidance_decay,0.000,nbm,1,6,0,v0.10.6
2026-09-24T08:18:01Z,2026-09-30 10:47-04:00,150.5,5.830,,,,,7.250,6.370,,,6.500,guidance_decay,0.000,nbm,0,6,0,v0.10.6
2026-09-24T08:18:01Z,2026-09-30 23:23-04:00,163.1,4.730,,,,,6.150,5.270,,,5.360,guidance_decay,0.000,nbm,6,10,0,v0.10.6
2026-09-24T09:13:54Z,2026-09-24 06:47-04:00,1.6,4.840,6.400,6.400,6.240,6.640,6.340,6.300,6.400,nws-coastal-flood-product,6.400,nws_product,0.000,nws_grid,0,33,0,v0.10.6
2026-09-24T09:13:54Z,2026-09-24 19:01-04:00,13.8,5.310,7.000,7.000,6.710,7.210,6.810,6.500,7.000,nws-coastal-flood-product,7.000,nws_product,0.000,nws_grid,0,30,0,v0.10.6
2026-09-24T09:13:54Z,2026-09-25 07:25-04:00,26.2,5.190,6.900,6.900,6.690,7.490,6.690,6.190,6.900,nws-coastal-flood-product,6.900,nws_product,0.000,nws_grid,4,36,0,v0.10.6
2026-09-24T09:13:54Z,2026-09-25 19:40-04:00,38.4,5.440,7.500,7.500,7.340,8.240,6.940,6.310,7.500,nws-coastal-flood-product,7.500,nws_product,0.230,nws_grid,31,39,0,v0.10.6
2026-09-24T09:13:54Z,2026-09-26 08:01-04:00,50.8,5.500,7.500,7.500,7.200,8.600,7.010,6.270,7.500,nws-coastal-flood-product,7.500,nws_product,0.200,nws_grid,49,40,39,v0.10.6
2026-09-24T09:13:54Z,2026-09-26 20:18-04:00,63.1,5.470,7.200,7.200,6.470,8.370,6.970,6.170,7.200,nws-coastal-flood-product,7.200,nws_product,0.140,nws_grid,68,36,39,v0.10.6
2026-09-24T09:13:54Z,2026-09-27 08:37-04:00,75.4,5.740,,,6.340,8.040,7.250,6.390,,,7.190,petss_mid,0.050,nbm,66,33,19,v0.10.6
2026-09-24T09:13:54Z,2026-09-27 20:58-04:00,87.7,5.400,,,5.900,7.600,6.900,6.010,,,6.750,petss_mid,0.000,nbm,46,25,19,v0.10.6
2026-09-24T09:13:54Z,2026-09-28 09:15-04:00,100.0,5.890,,,,,7.390,6.480,,,7.130,guidance_decay,0.000,nbm,13,17,0,v0.10.6
2026-09-24T09:13:54Z,2026-09-28 21:40-04:00,112.4,5.220,,,,,6.730,5.800,,,6.260,guidance_decay,0.000,nbm,4,8,0,v0.10.6
2026-09-24T09:13:54Z,2026-09-29 09:58-04:00,124.7,5.910,,,,,7.420,6.480,,,6.800,guidance_decay,0.000,nbm,1,7,0,v0.10.6
2026-09-24T09:13:54Z,2026-09-29 22:28-04:00,137.2,4.990,,,,,6.490,5.540,,,5.770,guidance_decay,0.000,nbm,1,6,0,v0.10.6
2026-09-24T09:13:54Z,2026-09-30 10:47-04:00,149.6,5.830,,,,,7.330,6.370,,,6.540,guidance_decay,0.000,nbm,0,6,0,v0.10.6
2026-09-24T09:13:54Z,2026-09-30 23:23-04:00,162.2,4.730,,,,,6.230,5.270,,,5.390,guidance_decay,0.000,nbm,6,10,0,v0.10.6
2026-09-24T10:12:39Z,2026-09-24 06:47-04:00,0.6,4.840,6.400,6.400,6.240,6.640,6.450,6.430,6.400,nws-coastal-flood-product,6.400,nws_product,0.000,nws_grid,0,33,0,v0.10.6
2026-09-24T10:12:39Z,2026-09-24 19:01-04:00,12.8,5.310,7.000,7.000,6.710,7.210,6.920,6.590,7.000,nws-coastal-flood-product,7.000,nws_product,0.000,nws_grid,0,30,0,v0.10.6
2026-09-24T10:12:39Z,2026-09-25 07:25-04:00,25.2,5.190,6.900,6.900,6.690,7.490,6.800,6.260,6.900,nws-coastal-flood-product,6.900,nws_product,0.000,nws_grid,4,36,0,v0.10.6
2026-09-24T10:12:39Z,2026-09-25 19:40-04:00,37.5,5.440,7.500,7.500,7.340,8.240,7.050,6.350,7.500,nws-coastal-flood-product,7.500,nws_product,0.230,nws_grid,31,39,0,v0.10.6
2026-09-24T10:12:39Z,2026-09-26 08:01-04:00,49.8,5.500,7.500,7.500,7.200,8.600,7.110,6.300,7.500,nws-coastal-flood-product,7.500,nws_product,0.200,nws_grid,49,40,39,v0.10.6
2026-09-24T10:12:39Z,2026-09-26 20:18-04:00,62.1,5.470,7.200,7.200,6.470,8.370,7.080,6.200,7.200,nws-coastal-flood-product,7.200,nws_product,0.140,nws_grid,68,36,39,v0.10.6
2026-09-24T10:12:39Z,2026-09-27 08:37-04:00,74.4,5.740,,,6.340,8.040,7.350,6.410,,,7.190,petss_mid,0.050,nbm,66,33,19,v0.10.6
2026-09-24T10:12:39Z,2026-09-27 20:58-04:00,86.8,5.400,,,5.900,7.600,7.010,6.020,,,6.750,petss_mid,0.000,nbm,46,25,19,v0.10.6
2026-09-24T10:12:39Z,2026-09-28 09:15-04:00,99.0,5.890,,,,,7.500,6.490,,,7.130,guidance_decay,0.000,nbm,13,17,0,v0.10.6
2026-09-24T10:12:39Z,2026-09-28 21:40-04:00,111.5,5.220,,,,,6.830,5.800,,,6.260,guidance_decay,0.000,nbm,4,8,0,v0.10.6
2026-09-24T10:12:39Z,2026-09-29 09:58-04:00,123.8,5.910,,,,,7.520,6.480,,,6.800,guidance_decay,0.000,nbm,1,7,0,v0.10.6
2026-09-24T10:12:39Z,2026-09-29 22:28-04:00,136.3,4.990,,,,,6.600,5.540,,,5.770,guidance_decay,0.000,nbm,1,6,0,v0.10.6
2026-09-24T10:12:39Z,2026-09-30 10:47-04:00,148.6,5.830,,,,,7.430,6.370,,,6.540,guidance_decay,0.000,nbm,0,6,0,v0.10.6
2026-09-24T10:12:39Z,2026-09-30 23:23-04:00,161.2,4.730,,,,,6.340,5.280,,,5.390,guidance_decay,0.000,nbm,6,10,0,v0.10.6
2026-09-24T11:11:20Z,2026-09-24 19:01-04:00,11.8,5.310,7.000,7.000,6.710,7.210,6.970,6.650,7.000,nws-coastal-flood-product,7.000,nws_product,0.000,nws_grid,0,30,0,v0.10.6
2026-09-24T11:11:20Z,2026-09-25 07:25-04:00,24.2,5.190,6.900,6.900,6.690,7.490,6.850,6.300,6.900,nws-coastal-flood-product,6.900,nws_product,0.000,nws_grid,4,36,0,v0.10.6
2026-09-24T11:11:20Z,2026-09-25 19:40-04:00,36.5,5.440,7.500,7.500,7.340,8.240,7.100,6.380,7.500,nws-coastal-flood-product,7.500,nws_product,0.230,nws_grid,31,39,0,v0.10.6
2026-09-24T11:11:20Z,2026-09-26 08:01-04:00,48.8,5.500,7.500,7.500,7.200,8.600,7.160,6.320,7.500,nws-coastal-flood-product,7.500,nws_product,0.200,nws_grid,49,40,39,v0.10.6
2026-09-24T11:11:20Z,2026-09-26 20:18-04:00,61.1,5.470,7.200,7.200,6.470,8.370,7.130,6.210,7.200,nws-coastal-flood-product,7.200,nws_product,0.140,nws_grid,68,36,39,v0.10.6
2026-09-24T11:11:20Z,2026-09-27 08:37-04:00,73.4,5.740,,,6.340,8.040,7.400,6.420,,,7.190,petss_mid,0.050,nbm,66,33,19,v0.10.6
2026-09-24T11:11:20Z,2026-09-27 20:58-04:00,85.8,5.400,,,5.900,7.600,7.050,6.030,,,6.750,petss_mid,0.000,nbm,46,25,19,v0.10.6
2026-09-24T11:11:20Z,2026-09-28 09:15-04:00,98.1,5.890,,,,,7.540,6.490,,,7.130,guidance_decay,0.000,nbm,13,17,0,v0.10.6
2026-09-24T11:11:20Z,2026-09-28 21:40-04:00,110.5,5.220,,,,,6.880,5.810,,,6.260,guidance_decay,0.000,nbm,4,8,0,v0.10.6
2026-09-24T11:11:20Z,2026-09-29 09:58-04:00,122.8,5.910,,,,,7.570,6.480,,,6.800,guidance_decay,0.000,nbm,1,7,0,v0.10.6
2026-09-24T11:11:20Z,2026-09-29 22:28-04:00,135.3,4.990,,,,,6.640,5.540,,,5.770,guidance_decay,0.000,nbm,1,6,0,v0.10.6
2026-09-24T11:11:20Z,2026-09-30 10:47-04:00,147.6,5.830,,,,,7.480,6.380,,,6.540,guidance_decay,0.000,nbm,0,6,0,v0.10.6
2026-09-24T11:11:20Z,2026-09-30 23:23-04:00,160.2,4.730,,,,,6.390,5.280,,,5.390,guidance_decay,0.000,nbm,6,10,0,v0.10.6
2026-09-24T12:18:27Z,2026-09-24 19:01-04:00,10.7,5.310,7.000,7.000,6.710,7.210,7.120,6.790,7.000,nws-coastal-flood-product,7.000,nws_product,0.000,nws_grid,0,30,0,v0.10.6
2026-09-24T12:18:27Z,2026-09-25 07:25-04:00,23.1,5.190,6.900,6.900,6.690,7.490,7.010,6.400,6.900,nws-coastal-flood-product,6.900,nws_product,0.000,nws_grid,4,36,3,v0.10.6
2026-09-24T12:18:27Z,2026-09-25 19:40-04:00,35.4,5.440,7.500,7.500,7.340,8.240,7.250,6.450,7.500,nws-coastal-flood-product,7.500,nws_product,0.230,nws_grid,31,39,3,v0.10.6
2026-09-24T12:18:27Z,2026-09-26 08:01-04:00,47.7,5.500,7.500,7.500,7.200,8.600,7.320,6.370,7.500,nws-coastal-flood-product,7.500,nws_product,0.200,nws_grid,49,40,42,v0.10.6
2026-09-24T12:18:27Z,2026-09-26 20:18-04:00,60.0,5.470,7.200,7.200,6.470,8.370,7.290,6.250,7.200,nws-coastal-flood-product,7.200,nws_product,0.140,nws_grid,68,36,42,v0.10.6
2026-09-24T12:18:27Z,2026-09-27 08:37-04:00,72.3,5.740,,,6.340,8.040,7.560,6.450,,,7.190,petss_mid,0.220,nbm,66,33,32,v0.10.6
2026-09-24T12:18:27Z,2026-09-27 20:58-04:00,84.7,5.400,,,5.900,7.600,7.210,6.050,,,6.750,petss_mid,0.030,nbm,46,25,32,v0.10.6
2026-09-24T12:18:27Z,2026-09-28 09:15-04:00,96.9,5.890,,,,,7.700,6.500,,,7.130,guidance_decay,0.000,nbm,13,17,10,v0.10.6
2026-09-24T12:18:27Z,2026-09-28 21:40-04:00,109.4,5.220,,,,,7.040,5.820,,,6.260,guidance_decay,0.000,nbm,4,8,10,v0.10.6
2026-09-24T12:18:27Z,2026-09-29 09:58-04:00,121.7,5.910,,,,,7.730,6.490,,,6.800,guidance_decay,0.000,nbm,1,7,0,v0.10.6
2026-09-24T12:18:27Z,2026-09-29 22:28-04:00,134.2,4.990,,,,,6.800,5.550,,,5.770,guidance_decay,0.000,nbm,1,6,0,v0.10.6
2026-09-24T12:18:27Z,2026-09-30 10:47-04:00,146.5,5.830,,,,,7.640,6.380,,,6.540,guidance_decay,0.000,nbm,0,6,0,v0.10.6
2026-09-24T12:18:27Z,2026-09-30 23:23-04:00,159.1,4.730,,,,,6.540,5.280,,,5.390,guidance_decay,0.000,nbm,6,10,0,v0.10.6
2026-09-24T13:11:36Z,2026-09-24 19:01-04:00,9.8,5.310,7.000,7.000,6.710,7.210,7.170,6.850,7.000,nws-coastal-flood-product,7.000,nws_product,0.000,nws_grid,0,30,0,v0.10.6
2026-09-24T13:11:36Z,2026-09-25 07:25-04:00,22.2,5.190,6.900,6.900,6.690,7.490,7.050,6.440,6.900,nws-coastal-flood-product,6.900,nws_product,0.000,nws_grid,4,36,3,v0.10.6
2026-09-24T13:11:36Z,2026-09-25 19:40-04:00,34.5,5.440,7.500,7.500,7.340,8.240,7.300,6.480,7.500,nws-coastal-flood-product,7.500,nws_product,0.230,nws_grid,31,39,3,v0.10.6
2026-09-24T13:11:36Z,2026-09-26 08:01-04:00,46.8,5.500,7.500,7.500,7.200,8.600,7.370,6.400,7.500,nws-coastal-flood-product,7.500,nws_product,0.200,nws_grid,49,40,42,v0.10.6
2026-09-24T13:11:36Z,2026-09-26 20:18-04:00,59.1,5.470,7.200,7.200,6.470,8.370,7.330,6.260,7.200,nws-coastal-flood-product,7.200,nws_product,0.140,nws_grid,68,36,42,v0.10.6
2026-09-24T13:11:36Z,2026-09-27 08:37-04:00,71.4,5.740,,,6.340,8.040,7.610,6.460,6.460,surge-persistence,7.190,petss_mid,0.220,nbm,66,33,32,v0.10.6
2026-09-24T13:11:36Z,2026-09-27 20:58-04:00,83.8,5.400,,,5.900,7.600,7.260,6.060,,,6.750,petss_mid,0.030,nbm,46,25,32,v0.10.6
2026-09-24T13:11:36Z,2026-09-28 09:15-04:00,96.1,5.890,,,,,7.750,6.510,,,7.130,guidance_decay,0.000,nbm,13,17,10,v0.10.6
2026-09-24T13:11:36Z,2026-09-28 21:40-04:00,108.5,5.220,,,,,7.090,5.820,,,6.260,guidance_decay,0.000,nbm,4,8,10,v0.10.6
2026-09-24T13:11:36Z,2026-09-29 09:58-04:00,120.8,5.910,,,,,7.780,6.490,,,6.800,guidance_decay,0.000,nbm,1,7,0,v0.10.6
2026-09-24T13:11:36Z,2026-09-29 22:28-04:00,133.3,4.990,,,,,6.850,5.550,,,5.770,guidance_decay,0.000,nbm,1,6,0,v0.10.6
2026-09-24T13:11:36Z,2026-09-30 10:47-04:00,145.6,5.830,,,,,7.690,6.380,,,6.540,guidance_decay,0.000,nbm,0,6,0,v0.10.6
2026-09-24T13:11:36Z,2026-09-30 23:23-04:00,158.2,4.730,,,,,6.590,5.280,,,5.390,guidance_decay,0.000,nbm,6,10,0,v0.10.6
2026-09-24T14:13:51Z,2026-09-24 19:01-04:00,8.8,5.310,7.000,7.000,6.710,7.210,7.250,6.940,7.000,nws-coastal-flood-product,7.000,nws_product,0.000,nws_grid,0,30,0,v0.10.6
2026-09-24T14:13:51Z,2026-09-25 07:25-04:00,21.2,5.190,6.900,6.900,6.690,7.490,7.130,6.500,6.900,nws-coastal-flood-product,6.900,nws_product,0.000,nws_grid,4,36,3,v0.10.6
2026-09-24T14:13:51Z,2026-09-25 19:40-04:00,33.4,5.440,7.500,7.500,7.340,8.240,7.380,6.530,7.500,nws-coastal-flood-product,7.500,nws_product,0.230,nws_grid,31,39,3,v0.10.6
2026-09-24T14:13:51Z,2026-09-26 08:01-04:00,45.8,5.500,7.500,7.500,7.200,8.600,7.450,6.430,7.500,nws-coastal-flood-product,7.500,nws_product,0.200,nws_grid,49,40,42,v0.10.6
2026-09-24T14:13:51Z,2026-09-26 20:18-04:00,58.1,5.470,7.200,7.200,6.470,8.370,7.410,6.280,7.200,nws-coastal-flood-product,7.200,nws_product,0.140,nws_grid,68,36,42,v0.10.6
2026-09-24T14:13:51Z,2026-09-27 08:37-04:00,70.4,5.740,,,6.340,8.040,7.690,6.470,6.470,surge-persistence,7.190,petss_mid,0.220,nbm,66,33,32,v0.10.6
2026-09-24T14:13:51Z,2026-09-27 20:58-04:00,82.7,5.400,,,5.900,7.600,7.340,6.070,,,6.750,petss_mid,0.030,nbm,46,25,32,v0.10.6
2026-09-24T14:13:51Z,2026-09-28 09:15-04:00,95.0,5.890,,,,,7.830,6.520,,,7.130,guidance_decay,0.000,nbm,13,17,10,v0.10.6
2026-09-24T14:13:51Z,2026-09-28 21:40-04:00,107.4,5.220,,,,,7.170,5.830,,,6.260,guidance_decay,0.000,nbm,4,8,10,v0.10.6
2026-09-24T14:13:51Z,2026-09-29 09:58-04:00,119.7,5.910,,,,,7.860,6.500,,,6.800,guidance_decay,0.000,nbm,1,7,0,v0.10.6
2026-09-24T14:13:51Z,2026-09-29 22:28-04:00,132.2,4.990,,,,,6.930,5.550,,,5.770,guidance_decay,0.000,nbm,1,6,0,v0.10.6
2026-09-24T14:13:51Z,2026-09-30 10:47-04:00,144.6,5.830,,,,,7.770,6.380,,,6.540,guidance_decay,0.000,nbm,0,6,0,v0.10.6
2026-09-24T14:13:51Z,2026-09-30 23:23-04:00,157.2,4.730,,,,,6.670,5.280,,,5.390,guidance_decay,0.000,nbm,6,10,0,v0.10.6
2026-09-24T15:12:03Z,2026-09-24 19:01-04:00,7.8,5.310,7.000,7.000,6.710,7.210,7.430,7.120,7.000,nws-coastal-flood-product,7.000,nws_product,0.000,nws_grid,0,30,0,v0.10.6
2026-09-24T15:12:03Z,2026-09-25 07:25-04:00,20.2,5.190,6.900,6.900,6.790,7.590,7.310,6.630,6.900,nws-coastal-flood-product,6.900,nws_product,0.000,nws_grid,4,36,3,v0.10.6
2026-09-24T15:12:03Z,2026-09-25 19:40-04:00,32.5,5.440,7.500,7.500,7.240,8.340,7.560,6.610,7.500,nws-coastal-flood-product,7.500,nws_product,0.230,nws_grid,31,39,3,v0.10.6
2026-09-24T15:12:03Z,2026-09-26 08:01-04:00,44.8,5.500,7.500,7.500,7.200,8.900,7.620,6.490,7.500,nws-coastal-flood-product,7.500,nws_product,0.200,nws_grid,49,40,42,v0.10.6
2026-09-24T15:12:03Z,2026-09-26 20:18-04:00,57.1,5.470,7.200,7.200,6.470,8.370,7.590,6.330,7.200,nws-coastal-flood-product,7.200,nws_product,0.140,nws_grid,68,36,42,v0.10.6
2026-09-24T15:12:03Z,2026-09-27 08:37-04:00,69.4,5.740,,,6.440,8.240,7.860,6.510,6.510,surge-persistence,7.340,petss_mid,0.220,nbm,66,33,32,v0.10.6
2026-09-24T15:12:03Z,2026-09-27 20:58-04:00,81.8,5.400,,,6.100,7.600,7.510,6.090,,,6.850,petss_mid,0.030,nbm,46,25,32,v0.10.6
2026-09-24T15:12:03Z,2026-09-28 09:15-04:00,94.0,5.890,,,,,8.000,6.530,,,7.160,guidance_decay,0.000,nbm,13,17,10,v0.10.6
2026-09-24T15:12:03Z,2026-09-28 21:40-04:00,106.5,5.220,,,,,7.340,5.840,,,6.280,guidance_decay,0.000,nbm,4,8,10,v0.10.6
2026-09-24T15:12:03Z,2026-09-29 09:58-04:00,118.8,5.910,,,,,8.030,6.500,,,6.820,guidance_decay,0.000,nbm,1,7,0,v0.10.6
2026-09-24T15:12:03Z,2026-09-29 22:28-04:00,131.3,4.990,,,,,7.100,5.560,,,5.780,guidance_decay,0.000,nbm,1,6,0,v0.10.6
2026-09-24T15:12:03Z,2026-09-30 10:47-04:00,143.6,5.830,,,,,7.940,6.390,,,6.540,guidance_decay,0.000,nbm,0,6,0,v0.10.6
2026-09-24T15:12:03Z,2026-09-30 23:23-04:00,156.2,4.730,,,,,6.850,5.280,,,5.400,guidance_decay,0.000,nbm,6,10,0,v0.10.6
2026-09-24T16:14:12Z,2026-09-24 19:01-04:00,6.8,5.310,7.000,7.000,6.710,7.210,7.350,7.090,7.000,nws-coastal-flood-product,7.000,nws_product,0.000,nws_grid,0,30,0,v0.10.6
2026-09-24T16:14:12Z,2026-09-25 07:25-04:00,19.2,5.190,6.900,6.900,6.790,7.590,7.230,6.610,6.900,nws-coastal-flood-product,6.900,nws_product,0.000,nws_grid,4,36,3,v0.10.6
2026-09-24T16:14:12Z,2026-09-25 19:40-04:00,31.4,5.440,7.500,7.500,7.240,8.340,7.480,6.600,7.500,nws-coastal-flood-product,7.500,nws_product,0.230,nws_grid,31,39,3,v0.10.6
2026-09-24T16:14:12Z,2026-09-26 08:01-04:00,43.8,5.500,7.500,7.500,7.200,8.900,7.540,6.480,7.500,nws-coastal-flood-product,7.500,nws_product,0.200,nws_grid,49,40,42,v0.10.6
2026-09-24T16:14:12Z,2026-09-26 20:18-04:00,56.1,5.470,7.200,7.200,6.470,8.370,7.510,6.320,7.200,nws-coastal-flood-product,7.200,nws_product,0.140,nws_grid,68,36,42,v0.10.6
2026-09-24T16:14:12Z,2026-09-27 08:37-04:00,68.4,5.740,,,6.440,8.240,7.780,6.500,6.500,surge-persistence,7.340,petss_mid,0.220,nbm,66,33,32,v0.10.6
2026-09-24T16:14:12Z,2026-09-27 20:58-04:00,80.7,5.400,,,6.100,7.600,7.440,6.090,,,6.850,petss_mid,0.030,nbm,46,25,32,v0.10.6
2026-09-24T16:14:12Z,2026-09-28 09:15-04:00,93.0,5.890,,,,,7.930,6.530,,,7.160,guidance_decay,0.000,nbm,13,17,10,v0.10.6
2026-09-24T16:14:12Z,2026-09-28 21:40-04:00,105.4,5.220,,,,,7.260,5.840,,,6.280,guidance_decay,0.000,nbm,4,8,10,v0.10.6
2026-09-24T16:14:12Z,2026-09-29 09:58-04:00,117.7,5.910,,,,,7.950,6.500,,,6.820,guidance_decay,0.000,nbm,1,7,0,v0.10.6
2026-09-24T16:14:12Z,2026-09-29 22:28-04:00,130.2,4.990,,,,,7.030,5.560,,,5.780,guidance_decay,0.000,nbm,1,6,0,v0.10.6
2026-09-24T16:14:12Z,2026-09-30 10:47-04:00,142.5,5.830,,,,,7.870,6.390,,,6.540,guidance_decay,0.000,nbm,0,6,0,v0.10.6
2026-09-24T16:14:12Z,2026-09-30 23:23-04:00,155.1,4.730,,,,,6.770,5.280,,,5.400,guidance_decay,0.000,nbm,6,10,0,v0.10.6
2026-09-24T16:14:12Z,2026-10-01 11:44-04:00,167.5,5.660,,,,,7.700,6.210,,,6.280,guidance_decay,0.000,nbm,3,12,0,v0.10.6
2026-09-24T17:11:34Z,2026-09-24 19:01-04:00,5.8,5.310,7.100,7.100,6.710,7.210,7.020,6.840,7.100,nws-coastal-flood-product,7.100,nws_product,0.000,nws_grid,0,30,0,v0.10.6
2026-09-24T17:11:34Z,2026-09-25 07:25-04:00,18.2,5.190,7.000,7.000,6.790,7.590,6.900,6.430,7.000,nws-coastal-flood-product,7.000,nws_product,0.000,nws_grid,4,36,3,v0.10.6
2026-09-24T17:11:34Z,2026-09-25 19:40-04:00,30.5,5.440,7.500,7.500,7.240,8.340,7.150,6.480,7.500,nws-coastal-flood-product,7.500,nws_product,0.230,nws_grid,31,39,3,v0.10.6
2026-09-24T17:11:34Z,2026-09-26 08:01-04:00,42.8,5.500,7.600,7.600,7.200,8.900,7.210,6.390,7.600,nws-coastal-flood-product,7.600,nws_product,0.200,nws_grid,49,40,42,v0.10.6
2026-09-24T17:11:34Z,2026-09-26 20:18-04:00,55.1,5.470,7.200,7.200,6.470,8.370,7.180,6.260,7.200,nws-coastal-flood-product,7.200,nws_product,0.140,nws_grid,68,36,42,v0.10.6
2026-09-24T17:11:34Z,2026-09-27 08:37-04:00,67.4,5.740,6.900,6.900,6.440,8.240,7.450,6.460,6.900,nws-coastal-flood-product,6.900,nws_product,0.220,nbm,66,33,32,v0.10.6
2026-09-24T17:11:34Z,2026-09-27 20:58-04:00,79.8,5.400,,,6.100,7.600,7.110,6.060,,,6.850,petss_mid,0.030,nbm,46,25,32,v0.10.6
2026-09-24T17:11:34Z,2026-09-28 09:15-04:00,92.1,5.890,,,,,7.600,6.510,,,7.160,guidance_decay,0.000,nbm,13,17,10,v0.10.6
2026-09-24T17:11:34Z,2026-09-28 21:40-04:00,104.5,5.220,,,,,6.940,5.820,,,6.280,guidance_decay,0.000,nbm,4,8,10,v0.10.6
2026-09-24T17:11:34Z,2026-09-29 09:58-04:00,116.8,5.910,,,,,7.620,6.490,,,6.820,guidance_decay,0.000,nbm,1,7,0,v0.10.6
2026-09-24T17:11:34Z,2026-09-29 22:28-04:00,129.3,4.990,,,,,6.700,5.550,,,5.780,guidance_decay,0.000,nbm,1,6,0,v0.10.6
2026-09-24T17:11:34Z,2026-09-30 10:47-04:00,141.6,5.830,,,,,7.540,6.380,,,6.540,guidance_decay,0.000,nbm,0,6,0,v0.10.6
2026-09-24T17:11:34Z,2026-09-30 23:23-04:00,154.2,4.730,,,,,6.440,5.280,,,5.400,guidance_decay,0.000,nbm,6,10,0,v0.10.6
2026-09-24T17:11:34Z,2026-10-01 11:44-04:00,166.5,5.660,,,,,7.370,6.200,,,6.280,guidance_decay,0.000,nbm,3,12,0,v0.10.6
2026-09-24T18:15:24Z,2026-09-24 19:01-04:00,4.8,5.310,7.100,7.100,6.710,7.210,6.540,6.450,7.100,nws-coastal-flood-product,7.100,nws_product,0.000,nws_grid,0,30,0,v0.10.6
2026-09-24T18:15:24Z,2026-09-25 07:25-04:00,17.2,5.190,7.000,7.000,6.790,7.590,6.420,6.160,7.000,nws-coastal-flood-product,7.000,nws_product,0.000,nws_grid,4,36,3,v0.10.6
2026-09-24T18:15:24Z,2026-09-25 19:40-04:00,29.4,5.440,7.500,7.500,7.240,8.340,6.670,6.280,7.500,nws-coastal-flood-product,7.500,nws_product,0.230,nws_grid,31,39,3,v0.10.6
2026-09-24T18:15:24Z,2026-09-26 08:01-04:00,41.8,5.500,7.600,7.600,7.200,8.900,6.730,6.250,7.600,nws-coastal-flood-product,7.600,nws_product,0.200,nws_grid,49,40,55,v0.10.6
2026-09-24T18:15:24Z,2026-09-26 20:18-04:00,54.0,5.470,7.200,7.200,6.470,8.370,6.700,6.160,7.200,nws-coastal-flood-product,7.200,nws_product,0.140,nws_grid,68,36,55,v0.10.6
2026-09-24T18:15:24Z,2026-09-27 08:37-04:00,66.4,5.740,6.900,6.900,6.440,8.240,6.970,6.390,6.900,nws-coastal-flood-product,6.900,nws_product,0.260,nbm,66,33,39,v0.10.6
2026-09-24T18:15:24Z,2026-09-27 20:58-04:00,78.7,5.400,,,6.100,7.600,6.630,6.010,,,6.850,petss_mid,0.020,nbm,46,25,39,v0.10.6
2026-09-24T18:15:24Z,2026-09-28 09:15-04:00,91.0,5.890,,,,,7.120,6.470,,,7.160,guidance_decay,0.000,nbm,13,17,3,v0.10.6
2026-09-24T18:15:24Z,2026-09-28 21:40-04:00,103.4,5.220,,,,,6.460,5.800,,,6.280,guidance_decay,0.000,nbm,4,8,3,v0.10.6
2026-09-24T18:15:24Z,2026-09-29 09:58-04:00,115.7,5.910,,,,,7.140,6.470,,,6.820,guidance_decay,0.000,nbm,1,7,0,v0.10.6
2026-09-24T18:15:24Z,2026-09-29 22:28-04:00,128.2,4.990,,,,,6.220,5.540,,,5.780,guidance_decay,0.000,nbm,1,6,0,v0.10.6
2026-09-24T18:15:24Z,2026-09-30 10:47-04:00,140.5,5.830,,,,,7.060,6.370,,,6.540,guidance_decay,0.000,nbm,0,6,0,v0.10.6
2026-09-24T18:15:24Z,2026-09-30 23:23-04:00,153.1,4.730,,,,,5.960,5.270,,,5.400,guidance_decay,0.000,nbm,6,10,0,v0.10.6
2026-09-24T18:15:24Z,2026-10-01 11:44-04:00,165.5,5.660,,,,,6.890,6.200,,,6.280,guidance_decay,0.000,nbm,3,12,0,v0.10.6
2026-09-24T19:10:51Z,2026-09-24 19:01-04:00,3.8,5.310,7.100,7.100,6.710,7.210,6.300,6.250,7.100,nws-coastal-flood-product,7.100,nws_product,0.000,nws_grid,0,30,0,v0.10.6
2026-09-24T19:10:51Z,2026-09-25 07:25-04:00,16.2,5.190,7.000,7.000,6.790,7.590,6.180,6.010,7.000,nws-coastal-flood-product,7.000,nws_product,0.000,nws_grid,4,36,3,v0.10.6
2026-09-24T19:10:51Z,2026-09-25 19:40-04:00,28.5,5.440,7.500,7.500,7.240,8.340,6.430,6.180,7.500,nws-coastal-flood-product,7.500,nws_product,0.230,nws_grid,31,39,3,v0.10.6
2026-09-24T19:10:51Z,2026-09-26 08:01-04:00,40.8,5.500,7.600,7.600,7.200,8.900,6.490,6.180,7.600,nws-coastal-flood-product,7.600,nws_product,0.200,nws_grid,49,40,55,v0.10.6
2026-09-24T19:10:51Z,2026-09-26 20:18-04:00,53.1,5.470,7.200,7.200,6.470,8.370,6.460,6.110,7.200,nws-coastal-flood-product,7.200,nws_product,0.140,nws_grid,68,36,55,v0.10.6
2026-09-24T19:10:51Z,2026-09-27 08:37-04:00,65.4,5.740,6.900,6.900,6.440,8.240,6.730,6.350,6.900,nws-coastal-flood-product,6.900,nws_product,0.260,nbm,66,33,39,v0.10.6
2026-09-24T19:10:51Z,2026-09-27 20:58-04:00,77.8,5.400,,,6.100,7.600,6.390,5.980,,,6.850,petss_mid,0.020,nbm,46,25,39,v0.10.6
2026-09-24T19:10:51Z,2026-09-28 09:15-04:00,90.1,5.890,,,,,6.880,6.460,,,7.160,guidance_decay,0.000,nbm,13,17,3,v0.10.6
2026-09-24T19:10:51Z,2026-09-28 21:40-04:00,102.5,5.220,,,,,6.210,5.780,,,6.280,guidance_decay,0.000,nbm,4,8,3,v0.10.6
2026-09-24T19:10:51Z,2026-09-29 09:58-04:00,114.8,5.910,,,,,6.900,6.460,,,6.820,guidance_decay,0.000,nbm,1,7,0,v0.10.6
2026-09-24T19:10:51Z,2026-09-29 22:28-04:00,127.3,4.990,,,,,5.980,5.530,,,5.780,guidance_decay,0.000,nbm,1,6,0,v0.10.6
2026-09-24T19:10:51Z,2026-09-30 10:47-04:00,139.6,5.830,,,,,6.810,6.370,,,6.540,guidance_decay,0.000,nbm,0,6,0,v0.10.6
2026-09-24T19:10:51Z,2026-09-30 23:23-04:00,152.2,4.730,,,,,5.720,5.270,,,5.400,guidance_decay,0.000,nbm,6,10,0,v0.10.6
2026-09-24T19:10:51Z,2026-10-01 11:44-04:00,164.6,5.660,,,,,6.650,6.200,,,6.280,guidance_decay,0.000,nbm,3,12,0,v0.10.6
2026-09-24T20:13:28Z,2026-09-24 19:01-04:00,2.8,5.310,7.100,7.100,6.710,7.210,6.450,6.400,7.100,nws-coastal-flood-product,7.100,nws_product,0.000,nws_grid,0,30,0,v0.10.6
2026-09-24T20:13:28Z,2026-09-25 07:25-04:00,15.2,5.190,7.000,7.000,6.790,7.590,6.330,6.120,7.000,nws-coastal-flood-product,7.000,nws_product,0.000,nws_grid,4,36,3,v0.10.6
2026-09-24T20:13:28Z,2026-09-25 19:40-04:00,27.4,5.440,7.500,7.500,7.240,8.340,6.580,6.250,7.500,nws-coastal-flood-product,7.500,nws_product,0.230,nws_grid,31,39,3,v0.10.6
2026-09-24T20:13:28Z,2026-09-26 08:01-04:00,39.8,5.500,7.600,7.600,7.200,8.900,6.640,6.230,7.600,nws-coastal-flood-product,7.600,nws_product,0.200,nws_grid,49,40,55,v0.10.6
2026-09-24T20:13:28Z,2026-09-26 20:18-04:00,52.1,5.470,7.200,7.200,6.470,8.370,6.610,6.150,7.200,nws-coastal-flood-product,7.200,nws_product,0.140,nws_grid,68,36,55,v0.10.6
2026-09-24T20:13:28Z,2026-09-27 08:37-04:00,64.4,5.740,6.900,6.900,6.440,8.240,6.880,6.380,6.900,nws-coastal-flood-product,6.900,nws_product,0.260,nbm,66,33,39,v0.10.6
2026-09-24T20:13:28Z,2026-09-27 20:58-04:00,76.7,5.400,,,6.100,7.600,6.530,6.000,,,6.850,petss_mid,0.020,nbm,46,25,39,v0.10.6
2026-09-24T20:13:28Z,2026-09-28 09:15-04:00,89.0,5.890,,,,,7.020,6.470,,,7.160,guidance_decay,0.000,nbm,13,17,3,v0.10.6
2026-09-24T20:13:28Z,2026-09-28 21:40-04:00,101.4,5.220,,,,,6.360,5.790,,,6.280,guidance_decay,0.000,nbm,4,8,3,v0.10.6
2026-09-24T20:13:28Z,2026-09-29 09:58-04:00,113.7,5.910,,,,,7.050,6.470,,,6.820,guidance_decay,0.000,nbm,1,7,0,v0.10.6
2026-09-24T20:13:28Z,2026-09-29 22:28-04:00,126.2,4.990,,,,,6.120,5.540,,,5.780,guidance_decay,0.000,nbm,1,6,0,v0.10.6
2026-09-24T20:13:28Z,2026-09-30 10:47-04:00,138.6,5.830,,,,,6.960,6.370,,,6.540,guidance_decay,0.000,nbm,0,6,0,v0.10.6
2026-09-24T20:13:28Z,2026-09-30 23:23-04:00,151.2,4.730,,,,,5.870,5.270,,,5.400,guidance_decay,0.000,nbm,6,10,0,v0.10.6
2026-09-24T20:13:28Z,2026-10-01 11:44-04:00,163.5,5.660,,,,,6.800,6.200,,,6.280,guidance_decay,0.000,nbm,3,12,0,v0.10.6
2026-09-24T21:11:34Z,2026-09-24 19:01-04:00,1.8,5.310,7.100,7.100,6.910,7.310,6.640,6.590,7.100,nws-coastal-flood-product,7.100,nws_product,0.000,nws_grid,0,30,0,v0.10.6
2026-09-24T21:11:34Z,2026-09-25 07:25-04:00,14.2,5.190,7.000,7.000,6.890,7.490,6.520,6.260,7.000,nws-coastal-flood-product,7.000,nws_product,0.000,nws_grid,4,36,3,v0.10.6
2026-09-24T21:11:34Z,2026-09-25 19:40-04:00,26.5,5.440,7.500,7.500,7.540,8.540,6.770,6.350,7.500,nws-coastal-flood-product,7.500,nws_product,0.230,nws_grid,31,39,3,v0.10.6
2026-09-24T21:11:34Z,2026-09-26 08:01-04:00,38.8,5.500,7.600,7.600,7.600,9.300,6.830,6.300,7.600,nws-coastal-flood-product,7.600,nws_product,0.200,nws_grid,49,40,55,v0.10.6
2026-09-24T21:11:34Z,2026-09-26 20:18-04:00,51.1,5.470,7.200,7.200,6.670,8.570,6.800,6.200,7.200,nws-coastal-flood-product,7.200,nws_product,0.140,nws_grid,68,36,55,v0.10.6
2026-09-24T21:11:34Z,2026-09-27 08:37-04:00,63.4,5.740,6.900,6.900,6.640,8.540,7.070,6.410,6.900,nws-coastal-flood-product,6.900,nws_product,0.260,nbm,66,33,39,v0.10.6
2026-09-24T21:11:34Z,2026-09-27 20:58-04:00,75.8,5.400,,,6.100,7.500,6.720,6.020,,,6.800,petss_mid,0.020,nbm,46,25,39,v0.10.6
2026-09-24T21:11:34Z,2026-09-28 09:15-04:00,88.1,5.890,,,6.690,7.690,7.210,6.490,,,7.190,petss_mid,0.000,nbm,13,17,3,v0.10.6
2026-09-24T21:11:34Z,2026-09-28 21:40-04:00,100.5,5.220,,,,,6.550,5.800,,,6.340,guidance_decay,0.000,nbm,4,8,3,v0.10.6
2026-09-24T21:11:34Z,2026-09-29 09:58-04:00,112.8,5.910,,,,,7.240,6.480,,,6.860,guidance_decay,0.000,nbm,1,7,0,v0.10.6
2026-09-24T21:11:34Z,2026-09-29 22:28-04:00,125.3,4.990,,,,,6.310,5.540,,,5.810,guidance_decay,0.000,nbm,1,6,0,v0.10.6
2026-09-24T21:11:34Z,2026-09-30 10:47-04:00,137.6,5.830,,,,,7.150,6.370,,,6.560,guidance_decay,0.000,nbm,0,6,0,v0.10.6
2026-09-24T21:11:34Z,2026-09-30 23:23-04:00,150.2,4.730,,,,,6.060,5.280,,,5.410,guidance_decay,0.000,nbm,6,10,0,v0.10.6
2026-09-24T21:11:34Z,2026-10-01 11:44-04:00,162.5,5.660,,,,,6.990,6.200,,,6.290,guidance_decay,0.000,nbm,3,12,0,v0.10.6
2026-09-24T22:11:24Z,2026-09-24 19:01-04:00,0.8,5.310,7.100,7.100,6.910,7.310,6.720,6.700,7.100,nws-coastal-flood-product,7.100,nws_product,0.000,nws_grid,0,30,0,v0.10.6
2026-09-24T22:11:24Z,2026-09-25 07:25-04:00,13.2,5.190,7.000,7.000,6.890,7.490,6.600,6.330,7.000,nws-coastal-flood-product,7.000,nws_product,0.000,nws_grid,4,36,3,v0.10.6
2026-09-24T22:11:24Z,2026-09-25 19:40-04:00,25.5,5.440,7.500,7.500,7.540,8.540,6.850,6.400,7.500,nws-coastal-flood-product,7.500,nws_product,0.230,nws_grid,31,39,3,v0.10.6
2026-09-24T22:11:24Z,2026-09-26 08:01-04:00,37.8,5.500,7.600,7.600,7.600,9.300,6.910,6.340,7.600,nws-coastal-flood-product,7.600,nws_product,0.200,nws_grid,49,40,55,v0.10.6
2026-09-24T22:11:24Z,2026-09-26 20:18-04:00,50.1,5.470,7.200,7.200,6.670,8.570,6.880,6.220,7.200,nws-coastal-flood-product,7.200,nws_product,0.140,nws_grid,68,36,55,v0.10.6
2026-09-24T22:11:24Z,2026-09-27 08:37-04:00,62.4,5.740,6.900,6.900,6.640,8.540,7.150,6.430,6.900,nws-coastal-flood-product,6.900,nws_product,0.260,nbm,66,33,39,v0.10.6
2026-09-24T22:11:24Z,2026-09-27 20:58-04:00,74.8,5.400,,,6.100,7.500,6.800,6.040,,,6.800,petss_mid,0.020,nbm,46,25,39,v0.10.6
2026-09-24T22:11:24Z,2026-09-28 09:15-04:00,87.1,5.890,,,6.690,7.690,7.290,6.500,,,7.190,petss_mid,0.000,nbm,13,17,3,v0.10.6
2026-09-24T22:11:24Z,2026-09-28 21:40-04:00,99.5,5.220,,,,,6.630,5.810,,,6.340,guidance_decay,0.000,nbm,4,8,3,v0.10.6
2026-09-24T22:11:24Z,2026-09-29 09:58-04:00,111.8,5.910,,,,,7.320,6.480,,,6.860,guidance_decay,0.000,nbm,1,7,0,v0.10.6
2026-09-24T22:11:24Z,2026-09-29 22:28-04:00,124.3,4.990,,,,,6.390,5.550,,,5.810,guidance_decay,0.000,nbm,1,6,0,v0.10.6
2026-09-24T22:11:24Z,2026-09-30 10:47-04:00,136.6,5.830,,,,,7.230,6.380,,,6.560,guidance_decay,0.000,nbm,0,6,0,v0.10.6
2026-09-24T22:11:24Z,2026-09-30 23:23-04:00,149.2,4.730,,,,,6.140,5.280,,,5.410,guidance_decay,0.000,nbm,6,10,0,v0.10.6
2026-09-24T22:11:24Z,2026-10-01 11:44-04:00,161.5,5.660,,,,,7.070,6.200,,,6.290,guidance_decay,0.000,nbm,3,12,0,v0.10.6
2026-09-24T23:10:45Z,2026-09-25 07:25-04:00,12.2,5.190,7.000,7.000,6.890,7.490,6.800,6.490,7.000,nws-coastal-flood-product,7.000,nws_product,0.000,nws_grid,4,36,3,v0.10.6
2026-09-24T23:10:45Z,2026-09-25 19:40-04:00,24.5,5.440,7.500,7.500,7.540,8.540,7.050,6.520,7.500,nws-coastal-flood-product,7.500,nws_product,0.230,nws_grid,31,39,3,v0.10.6
2026-09-24T23:10:45Z,2026-09-26 08:01-04:00,36.8,5.500,7.600,7.600,7.600,9.300,7.110,6.420,7.600,nws-coastal-flood-product,7.600,nws_product,0.200,nws_grid,49,40,55,v0.10.6
2026-09-24T23:10:45Z,2026-09-26 20:18-04:00,49.1,5.470,7.200,7.200,6.670,8.570,7.080,6.280,7.200,nws-coastal-flood-product,7.200,nws_product,0.140,nws_grid,68,36,55,v0.10.6
2026-09-24T23:10:45Z,2026-09-27 08:37-04:00,61.4,5.740,6.900,6.900,6.640,8.540,7.350,6.470,6.900,nws-coastal-flood-product,6.900,nws_product,0.260,nbm,66,33,39,v0.10.6
2026-09-24T23:10:45Z,2026-09-27 20:58-04:00,73.8,5.400,,,6.100,7.500,7.010,6.070,,,6.800,petss_mid,0.020,nbm,46,25,39,v0.10.6
2026-09-24T23:10:45Z,2026-09-28 09:15-04:00,86.1,5.890,,,6.690,7.690,7.500,6.520,,,7.190,petss_mid,0.000,nbm,13,17,3,v0.10.6
2026-09-24T23:10:45Z,2026-09-28 21:40-04:00,98.5,5.220,,,,,6.840,5.830,,,6.340,guidance_decay,0.000,nbm,4,8,3,v0.10.6
2026-09-24T23:10:45Z,2026-09-29 09:58-04:00,110.8,5.910,,,,,7.520,6.490,,,6.860,guidance_decay,0.000,nbm,1,7,0,v0.10.6
2026-09-24T23:10:45Z,2026-09-29 22:28-04:00,123.3,4.990,,,,,6.600,5.550,,,5.810,guidance_decay,0.000,nbm,1,6,0,v0.10.6
2026-09-24T23:10:45Z,2026-09-30 10:47-04:00,135.6,5.830,,,,,7.440,6.380,,,6.560,guidance_decay,0.000,nbm,0,6,0,v0.10.6
2026-09-24T23:10:45Z,2026-09-30 23:23-04:00,148.2,4.730,,,,,6.340,5.280,,,5.410,guidance_decay,0.000,nbm,6,10,0,v0.10.6
2026-09-24T23:10:45Z,2026-10-01 11:44-04:00,160.6,5.660,,,,,7.270,6.200,,,6.290,guidance_decay,0.000,nbm,3,12,0,v0.10.6
2026-09-25T00:33:18Z,2026-09-25 07:25-04:00,10.9,5.190,7.000,7.000,6.890,7.490,7.060,6.710,7.000,nws-coastal-flood-product,7.000,nws_product,0.000,nws_grid,0,30,6,v0.10.6
2026-09-25T00:33:18Z,2026-09-25 19:40-04:00,23.1,5.440,7.500,7.500,7.540,8.540,7.310,6.670,7.500,nws-coastal-flood-product,7.500,nws_product,0.010,nws_grid,26,32,6,v0.10.6
2026-09-25T00:33:18Z,2026-09-26 08:01-04:00,35.5,5.500,7.600,7.600,7.600,9.300,7.370,6.530,7.600,nws-coastal-flood-product,7.600,nws_product,0.190,nws_grid,62,36,55,v0.10.6
2026-09-25T00:33:18Z,2026-09-26 20:18-04:00,47.7,5.470,7.200,7.200,6.670,8.570,7.340,6.360,7.200,nws-coastal-flood-product,7.200,nws_product,0.210,nws_grid,70,32,55,v0.10.6
2026-09-25T00:33:18Z,2026-09-27 08:37-04:00,60.1,5.740,6.900,6.900,6.640,8.540,7.610,6.530,6.900,nws-coastal-flood-product,6.900,nws_product,0.360,nws_grid,76,32,81,v0.10.6
2026-09-25T00:33:18Z,2026-09-27 20:58-04:00,72.4,5.400,,,6.100,7.500,7.260,6.110,,,6.800,petss_mid,0.200,nbm,60,28,81,v0.10.6
2026-09-25T00:33:18Z,2026-09-28 09:15-04:00,84.7,5.890,,,6.690,7.690,7.750,6.540,,,7.190,petss_mid,0.000,nbm,24,20,13,v0.10.6
2026-09-25T00:33:18Z,2026-09-28 21:40-04:00,97.1,5.220,,,,,7.090,5.850,,,6.340,guidance_decay,0.000,nbm,11,12,13,v0.10.6
2026-09-25T00:33:18Z,2026-09-29 09:58-04:00,109.4,5.910,,,,,7.780,6.510,,,6.860,guidance_decay,0.000,nbm,3,9,0,v0.10.6
2026-09-25T00:33:18Z,2026-09-29 22:28-04:00,121.9,4.990,,,,,6.850,5.560,,,5.810,guidance_decay,0.000,nbm,1,5,0,v0.10.6
2026-09-25T00:33:18Z,2026-09-30 10:47-04:00,134.2,5.830,,,,,7.690,6.390,,,6.560,guidance_decay,0.000,nbm,0,5,0,v0.10.6
2026-09-25T00:33:18Z,2026-09-30 23:23-04:00,146.8,4.730,,,,,6.600,5.290,,,5.410,guidance_decay,0.000,nbm,3,12,0,v0.10.6
2026-09-25T00:33:18Z,2026-10-01 11:44-04:00,159.2,5.660,,,,,7.520,6.210,,,6.290,guidance_decay,0.000,nbm,13,12,0,v0.10.6
2026-09-25T01:23:00Z,2026-09-25 07:25-04:00,10.0,5.190,7.000,7.000,6.890,7.490,7.080,6.740,7.000,nws-coastal-flood-product,7.000,nws_product,0.000,nws_grid,0,30,6,v0.10.6
2026-09-25T01:23:00Z,2026-09-25 19:40-04:00,22.3,5.440,7.500,7.500,7.540,8.540,7.320,6.700,7.500,nws-coastal-flood-product,7.500,nws_product,0.010,nws_grid,26,32,6,v0.10.6
2026-09-25T01:23:00Z,2026-09-26 08:01-04:00,34.6,5.500,7.600,7.600,7.600,9.300,7.390,6.550,7.600,nws-coastal-flood-product,7.600,nws_product,0.190,nws_grid,62,36,55,v0.10.6
2026-09-25T01:23:00Z,2026-09-26 20:18-04:00,46.9,5.470,7.200,7.200,6.670,8.570,7.360,6.370,7.200,nws-coastal-flood-product,7.200,nws_product,0.210,nws_grid,70,32,55,v0.10.6
2026-09-25T01:23:00Z,2026-09-27 08:37-04:00,59.2,5.740,6.900,6.900,6.640,8.540,7.630,6.540,6.900,nws-coastal-flood-product,6.900,nws_product,0.360,nws_grid,76,32,81,v0.10.6
2026-09-25T01:23:00Z,2026-09-27 20:58-04:00,71.6,5.400,,,6.100,7.500,7.280,6.110,6.110,surge-persistence,6.800,petss_mid,0.200,nbm,60,28,81,v0.10.6
2026-09-25T01:23:00Z,2026-09-28 09:15-04:00,83.9,5.890,,,6.690,7.690,7.770,6.550,,,7.190,petss_mid,0.000,nbm,24,20,13,v0.10.6
2026-09-25T01:23:00Z,2026-09-28 21:40-04:00,96.3,5.220,,,,,7.110,5.850,,,6.340,guidance_decay,0.000,nbm,11,12,13,v0.10.6
2026-09-25T01:23:00Z,2026-09-29 09:58-04:00,108.6,5.910,,,,,7.800,6.510,,,6.860,guidance_decay,0.000,nbm,3,9,0,v0.10.6
2026-09-25T01:23:00Z,2026-09-29 22:28-04:00,121.1,4.990,,,,,6.870,5.560,,,5.810,guidance_decay,0.000,nbm,1,5,0,v0.10.6
2026-09-25T01:23:00Z,2026-09-30 10:47-04:00,133.4,5.830,,,,,7.710,6.390,,,6.560,guidance_decay,0.000,nbm,0,5,0,v0.10.6
2026-09-25T01:23:00Z,2026-09-30 23:23-04:00,146.0,4.730,,,,,6.610,5.290,,,5.410,guidance_decay,0.000,nbm,3,12,0,v0.10.6
2026-09-25T01:23:00Z,2026-10-01 11:44-04:00,158.3,5.660,,,,,7.540,6.210,,,6.290,guidance_decay,0.000,nbm,13,12,0,v0.10.6
2026-09-25T02:16:16Z,2026-09-25 07:25-04:00,9.1,5.190,7.000,7.000,6.890,7.490,7.070,6.770,7.000,nws-coastal-flood-product,7.000,nws_product,0.000,nws_grid,0,30,6,v0.10.6
2026-09-25T02:16:16Z,2026-09-25 19:40-04:00,21.4,5.440,7.500,7.500,7.540,8.540,7.320,6.710,7.500,nws-coastal-flood-product,7.500,nws_product,0.010,nws_grid,26,32,6,v0.10.6
2026-09-25T02:16:16Z,2026-09-26 08:01-04:00,33.7,5.500,7.600,7.600,7.600,9.300,7.390,6.560,7.600,nws-coastal-flood-product,7.600,nws_product,0.190,nws_grid,62,36,55,v0.10.6
2026-09-25T02:16:16Z,2026-09-26 20:18-04:00,46.0,5.470,7.200,7.200,6.670,8.570,7.350,6.380,7.200,nws-coastal-flood-product,7.200,nws_product,0.210,nws_grid,70,32,55,v0.10.6
2026-09-25T02:16:16Z,2026-09-27 08:37-04:00,58.3,5.740,6.900,6.900,6.640,8.540,7.630,6.540,6.900,nws-coastal-flood-product,6.900,nws_product,0.360,nws_grid,76,32,81,v0.10.6
2026-09-25T02:16:16Z,2026-09-27 20:58-04:00,70.7,5.400,,,6.100,7.500,7.280,6.120,6.120,surge-persistence,6.800,petss_mid,0.200,nbm,60,28,81,v0.10.6
2026-09-25T02:16:16Z,2026-09-28 09:15-04:00,83.0,5.890,,,6.690,7.690,7.770,6.550,,,7.190,petss_mid,0.000,nbm,24,20,13,v0.10.6
2026-09-25T02:16:16Z,2026-09-28 21:40-04:00,95.4,5.220,,,,,7.110,5.850,,,6.340,guidance_decay,0.000,nbm,11,12,13,v0.10.6
2026-09-25T02:16:16Z,2026-09-29 09:58-04:00,107.7,5.910,,,,,7.800,6.510,,,6.860,guidance_decay,0.000,nbm,3,9,0,v0.10.6
2026-09-25T02:16:16Z,2026-09-29 22:28-04:00,120.2,4.990,,,,,6.870,5.570,,,5.810,guidance_decay,0.000,nbm,1,5,0,v0.10.6
2026-09-25T02:16:16Z,2026-09-30 10:47-04:00,132.5,5.830,,,,,7.710,6.390,,,6.560,guidance_decay,0.000,nbm,0,5,0,v0.10.6
2026-09-25T02:16:16Z,2026-09-30 23:23-04:00,145.1,4.730,,,,,6.610,5.290,,,5.410,guidance_decay,0.000,nbm,3,12,0,v0.10.6
2026-09-25T02:16:16Z,2026-10-01 11:44-04:00,157.5,5.660,,,,,7.540,6.210,,,6.290,guidance_decay,0.000,nbm,13,12,0,v0.10.6
2026-09-25T03:14:02Z,2026-09-25 07:25-04:00,8.2,5.190,6.800,6.800,6.890,7.390,7.060,6.790,6.800,nws-coastal-flood-product,6.800,nws_product,0.000,nws_grid,0,30,6,v0.10.6
2026-09-25T03:14:02Z,2026-09-25 19:40-04:00,20.4,5.440,7.500,7.500,7.540,8.640,7.310,6.730,7.500,nws-coastal-flood-product,7.500,nws_product,0.010,nws_grid,26,32,6,v0.10.6
2026-09-25T03:14:02Z,2026-09-26 08:01-04:00,32.8,5.500,7.900,7.900,7.700,9.500,7.370,6.570,7.900,nws-coastal-flood-product,7.900,nws_product,0.190,nws_grid,62,36,55,v0.10.6
2026-09-25T03:14:02Z,2026-09-26 20:18-04:00,45.1,5.470,7.500,7.500,6.670,8.770,7.340,6.380,7.500,nws-coastal-flood-product,7.500,nws_product,0.210,nws_grid,70,32,55,v0.10.6
2026-09-25T03:14:02Z,2026-09-27 08:37-04:00,57.4,5.740,7.400,7.400,6.640,8.740,7.610,6.550,7.400,nws-coastal-flood-product,7.400,nws_product,0.360,nws_grid,76,32,81,v0.10.6
2026-09-25T03:14:02Z,2026-09-27 20:58-04:00,69.7,5.400,,6.700,6.100,7.700,7.270,6.120,6.120,surge-persistence,6.700,nwps,0.200,nbm,60,28,81,v0.10.6
2026-09-25T03:14:02Z,2026-09-28 09:15-04:00,82.0,5.890,,,6.690,7.790,7.760,6.550,,,7.240,petss_mid,0.000,nbm,24,20,13,v0.10.6
2026-09-25T03:14:02Z,2026-09-28 21:40-04:00,94.4,5.220,,,,,7.090,5.850,,,6.440,guidance_decay,0.000,nbm,11,12,13,v0.10.6
2026-09-25T03:14:02Z,2026-09-29 09:58-04:00,106.7,5.910,,,,,7.780,6.510,,,6.930,guidance_decay,0.000,nbm,3,9,0,v0.10.6
2026-09-25T03:14:02Z,2026-09-29 22:28-04:00,119.2,4.990,,,,,6.860,5.570,,,5.860,guidance_decay,0.000,nbm,1,5,0,v0.10.6
2026-09-25T03:14:02Z,2026-09-30 10:47-04:00,131.5,5.830,,,,,7.700,6.390,,,6.600,guidance_decay,0.000,nbm,0,5,0,v0.10.6
2026-09-25T03:14:02Z,2026-09-30 23:23-04:00,144.1,4.730,,,,,6.600,5.290,,,5.430,guidance_decay,0.000,nbm,3,12,0,v0.10.6
2026-09-25T03:14:02Z,2026-10-01 11:44-04:00,156.5,5.660,,,,,7.530,6.210,,,6.310,guidance_decay,0.000,nbm,13,12,0,v0.10.6
2026-09-25T04:14:47Z,2026-09-25 07:25-04:00,7.2,5.190,6.800,6.800,6.890,7.390,7.130,6.870,6.800,nws-coastal-flood-product,6.800,nws_product,0.000,nws_grid,0,30,6,v0.10.6
2026-09-25T04:14:47Z,2026-09-25 19:40-04:00,19.4,5.440,7.500,7.500,7.540,8.640,7.380,6.790,7.500,nws-coastal-flood-product,7.500,nws_product,0.010,nws_grid,26,32,6,v0.10.6
2026-09-25T04:14:47Z,2026-09-26 08:01-04:00,31.8,5.500,7.900,7.900,7.700,9.500,7.440,6.610,7.900,nws-coastal-flood-product,7.900,nws_product,0.190,nws_grid,62,36,55,v0.10.6
2026-09-25T04:14:47Z,2026-09-26 20:18-04:00,44.1,5.470,7.500,7.500,6.670,8.770,7.410,6.420,7.500,nws-coastal-flood-product,7.500,nws_product,0.210,nws_grid,70,32,55,v0.10.6
2026-09-25T04:14:47Z,2026-09-27 08:37-04:00,56.4,5.740,7.400,7.400,6.640,8.740,7.680,6.570,7.400,nws-coastal-flood-product,7.400,nws_product,0.360,nws_grid,76,32,81,v0.10.6
2026-09-25T04:14:47Z,2026-09-27 20:58-04:00,68.7,5.400,,6.700,6.100,7.700,7.340,6.130,6.130,surge-persistence,6.700,nwps,0.200,nbm,60,28,81,v0.10.6
2026-09-25T04:14:47Z,2026-09-28 09:15-04:00,81.0,5.890,,,6.690,7.790,7.830,6.560,,,7.240,petss_mid,0.000,nbm,24,20,13,v0.10.6
2026-09-25T04:14:47Z,2026-09-28 21:40-04:00,93.4,5.220,,,,,7.160,5.860,,,6.440,guidance_decay,0.000,nbm,11,12,13,v0.10.6
2026-09-25T04:14:47Z,2026-09-29 09:58-04:00,105.7,5.910,,,,,7.850,6.520,,,6.930,guidance_decay,0.000,nbm,3,9,0,v0.10.6
2026-09-25T04:14:47Z,2026-09-29 22:28-04:00,118.2,4.990,,,,,6.930,5.570,,,5.860,guidance_decay,0.000,nbm,1,5,0,v0.10.6
2026-09-25T04:14:47Z,2026-09-30 10:47-04:00,130.5,5.830,,,,,7.760,6.390,,,6.600,guidance_decay,0.000,nbm,0,5,0,v0.10.6
2026-09-25T04:14:47Z,2026-09-30 23:23-04:00,143.1,4.730,,,,,6.670,5.290,,,5.430,guidance_decay,0.000,nbm,3,12,0,v0.10.6
2026-09-25T04:14:47Z,2026-10-01 11:44-04:00,155.5,5.660,,,,,7.600,6.210,,,6.310,guidance_decay,0.000,nbm,13,12,0,v0.10.6
2026-09-25T05:12:29Z,2026-09-25 07:25-04:00,6.2,5.190,6.800,6.800,6.890,7.390,7.100,6.880,6.800,nws-coastal-flood-product,6.800,nws_product,0.000,nws_grid,0,30,6,v0.10.6
2026-09-25T05:12:29Z,2026-09-25 19:40-04:00,18.5,5.440,7.500,7.500,7.540,8.640,7.350,6.790,7.500,nws-coastal-flood-product,7.500,nws_product,0.010,nws_grid,26,32,6,v0.10.6
2026-09-25T05:12:29Z,2026-09-26 08:01-04:00,30.8,5.500,7.900,7.900,7.700,9.500,7.410,6.620,7.900,nws-coastal-flood-product,7.900,nws_product,0.190,nws_grid,62,36,55,v0.10.6
2026-09-25T05:12:29Z,2026-09-26 20:18-04:00,43.1,5.470,7.500,7.500,6.670,8.770,7.380,6.420,7.500,nws-coastal-flood-product,7.500,nws_product,0.210,nws_grid,70,32,55,v0.10.6
2026-09-25T05:12:29Z,2026-09-27 08:37-04:00,55.4,5.740,7.400,7.400,6.640,8.740,7.650,6.570,7.400,nws-coastal-flood-product,7.400,nws_product,0.360,nws_grid,76,32,81,v0.10.6
2026-09-25T05:12:29Z,2026-09-27 20:58-04:00,67.8,5.400,,6.700,6.100,7.700,7.300,6.140,6.140,surge-persistence,6.700,nwps,0.200,nbm,60,28,81,v0.10.6
2026-09-25T05:12:29Z,2026-09-28 09:15-04:00,80.0,5.890,,,6.690,7.790,7.790,6.570,,,7.240,petss_mid,0.000,nbm,24,20,13,v0.10.6
2026-09-25T05:12:29Z,2026-09-28 21:40-04:00,92.5,5.220,,,,,7.130,5.860,,,6.440,guidance_decay,0.000,nbm,11,12,13,v0.10.6
2026-09-25T05:12:29Z,2026-09-29 09:58-04:00,104.8,5.910,,,,,7.820,6.520,,,6.930,guidance_decay,0.000,nbm,3,9,0,v0.10.6
2026-09-25T05:12:29Z,2026-09-29 22:28-04:00,117.3,4.990,,,,,6.890,5.570,,,5.860,guidance_decay,0.000,nbm,1,5,0,v0.10.6
2026-09-25T05:12:29Z,2026-09-30 10:47-04:00,129.6,5.830,,,,,7.730,6.390,,,6.600,guidance_decay,0.000,nbm,0,5,0,v0.10.6
2026-09-25T05:12:29Z,2026-09-30 23:23-04:00,142.2,4.730,,,,,6.640,5.290,,,5.430,guidance_decay,0.000,nbm,3,12,0,v0.10.6
2026-09-25T05:12:29Z,2026-10-01 11:44-04:00,154.5,5.660,,,,,7.570,6.210,,,6.310,guidance_decay,0.000,nbm,13,12,0,v0.10.6
2026-09-25T05:12:29Z,2026-10-02 00:27-04:00,167.2,4.530,,,,,6.440,5.070,,,5.140,guidance_decay,0.000,nbm,12,,0,v0.10.6
2026-09-25T06:21:40Z,2026-09-25 07:25-04:00,5.1,5.190,6.800,6.800,6.890,7.390,6.880,6.720,6.800,nws-coastal-flood-product,6.800,nws_product,0.000,nws_grid,0,30,0,v0.10.6
2026-09-25T06:21:40Z,2026-09-25 19:40-04:00,17.3,5.440,7.500,7.500,7.540,8.640,7.120,6.680,7.500,nws-coastal-flood-product,7.500,nws_product,0.010,nws_grid,26,32,0,v0.10.6
2026-09-25T06:21:40Z,2026-09-26 08:01-04:00,29.7,5.500,7.900,7.900,7.700,9.500,7.190,6.540,7.900,nws-coastal-flood-product,7.900,nws_product,0.190,nws_grid,62,36,48,v0.10.6
2026-09-25T06:21:40Z,2026-09-26 20:18-04:00,41.9,5.470,7.500,7.500,6.670,8.770,7.160,6.360,7.500,nws-coastal-flood-product,7.500,nws_product,0.210,nws_grid,70,32,48,v0.10.6
2026-09-25T06:21:40Z,2026-09-27 08:37-04:00,54.3,5.740,7.400,7.400,6.640,8.740,7.430,6.530,7.400,nws-coastal-flood-product,7.400,nws_product,0.360,nws_grid,76,32,84,v0.10.6
2026-09-25T06:21:40Z,2026-09-27 20:58-04:00,66.6,5.400,,6.700,6.100,7.700,7.080,6.110,6.110,surge-persistence,6.700,nwps,0.180,nbm,60,28,84,v0.10.6
2026-09-25T06:21:40Z,2026-09-28 09:15-04:00,78.9,5.890,,,6.690,7.790,7.570,6.550,,,7.240,petss_mid,0.000,nbm,24,20,32,v0.10.6
2026-09-25T06:21:40Z,2026-09-28 21:40-04:00,91.3,5.220,,,,,6.910,5.850,,,6.440,guidance_decay,0.000,nbm,11,12,32,v0.10.6
2026-09-25T06:21:40Z,2026-09-29 09:58-04:00,103.6,5.910,,,,,7.600,6.510,,,6.930,guidance_decay,0.000,nbm,3,9,0,v0.10.6
2026-09-25T06:21:40Z,2026-09-29 22:28-04:00,116.1,4.990,,,,,6.670,5.560,,,5.860,guidance_decay,0.000,nbm,1,5,0,v0.10.6
2026-09-25T06:21:40Z,2026-09-30 10:47-04:00,128.4,5.830,,,,,7.510,6.390,,,6.600,guidance_decay,0.000,nbm,0,5,0,v0.10.6
2026-09-25T06:21:40Z,2026-09-30 23:23-04:00,141.0,4.730,,,,,6.410,5.280,,,5.430,guidance_decay,0.000,nbm,3,12,0,v0.10.6
2026-09-25T06:21:40Z,2026-10-01 11:44-04:00,153.4,5.660,,,,,7.340,6.210,,,6.310,guidance_decay,0.000,nbm,13,12,0,v0.10.6
2026-09-25T06:21:40Z,2026-10-02 00:27-04:00,166.1,4.530,,,,,6.210,5.070,,,5.140,guidance_decay,0.000,nbm,12,,0,v0.10.6
2026-09-25T07:16:03Z,2026-09-25 07:25-04:00,4.1,5.190,6.800,6.800,6.890,7.390,6.830,6.700,6.800,nws-coastal-flood-product,6.800,nws_product,0.000,nws_grid,0,30,0,v0.10.6
2026-09-25T07:16:03Z,2026-09-25 19:40-04:00,16.4,5.440,7.500,7.500,7.540,8.640,7.080,6.670,7.500,nws-coastal-flood-product,7.500,nws_product,0.010,nws_grid,26,32,0,v0.10.6
2026-09-25T07:16:03Z,2026-09-26 08:01-04:00,28.7,5.500,7.900,7.900,7.700,9.500,7.140,6.530,7.900,nws-coastal-flood-product,7.900,nws_product,0.190,nws_grid,62,36,48,v0.10.6
2026-09-25T07:16:03Z,2026-09-26 20:18-04:00,41.0,5.470,7.500,7.500,6.670,8.770,7.110,6.350,7.500,nws-coastal-flood-product,7.500,nws_product,0.210,nws_grid,70,32,48,v0.10.6
2026-09-25T07:16:03Z,2026-09-27 08:37-04:00,53.3,5.740,7.400,7.400,6.640,8.740,7.380,6.520,7.400,nws-coastal-flood-product,7.400,nws_product,0.360,nws_grid,76,32,84,v0.10.6
2026-09-25T07:16:03Z,2026-09-27 20:58-04:00,65.7,5.400,,6.700,6.100,7.700,7.030,6.100,6.100,surge-persistence,6.700,nwps,0.180,nbm,60,28,84,v0.10.6
2026-09-25T07:16:03Z,2026-09-28 09:15-04:00,78.0,5.890,,,6.690,7.790,7.520,6.540,,,7.240,petss_mid,0.000,nbm,24,20,32,v0.10.6
2026-09-25T07:16:03Z,2026-09-28 21:40-04:00,90.4,5.220,,,,,6.860,5.840,,,6.440,guidance_decay,0.000,nbm,11,12,32,v0.10.6
2026-09-25T07:16:03Z,2026-09-29 09:58-04:00,102.7,5.910,,,,,7.550,6.510,,,6.930,guidance_decay,0.000,nbm,3,9,0,v0.10.6
2026-09-25T07:16:03Z,2026-09-29 22:28-04:00,115.2,4.990,,,,,6.620,5.560,,,5.860,guidance_decay,0.000,nbm,1,5,0,v0.10.6
2026-09-25T07:16:03Z,2026-09-30 10:47-04:00,127.5,5.830,,,,,7.460,6.390,,,6.600,guidance_decay,0.000,nbm,0,5,0,v0.10.6
2026-09-25T07:16:03Z,2026-09-30 23:23-04:00,140.1,4.730,,,,,6.370,5.280,,,5.430,guidance_decay,0.000,nbm,3,12,0,v0.10.6
2026-09-25T07:16:03Z,2026-10-01 11:44-04:00,152.5,5.660,,,,,7.290,6.210,,,6.310,guidance_decay,0.000,nbm,13,12,0,v0.10.6
2026-09-25T07:16:03Z,2026-10-02 00:27-04:00,165.2,4.530,,,,,6.160,5.070,,,5.140,guidance_decay,0.000,nbm,12,,0,v0.10.6
2026-09-25T08:17:10Z,2026-09-25 07:25-04:00,3.1,5.190,6.800,6.800,6.890,7.390,6.660,6.580,6.800,nws-coastal-flood-product,6.800,nws_product,0.000,nws_grid,0,32,0,v0.10.6
2026-09-25T08:17:10Z,2026-09-25 19:40-04:00,15.4,5.440,7.500,7.500,7.540,8.640,6.910,6.580,7.500,nws-coastal-flood-product,7.500,nws_product,0.020,nws_grid,35,41,0,v0.10.6
2026-09-25T08:17:10Z,2026-09-26 08:01-04:00,27.7,5.500,7.900,7.900,7.700,9.500,6.970,6.470,7.900,nws-coastal-flood-product,7.900,nws_product,0.320,nws_grid,75,54,48,v0.10.6
2026-09-25T08:17:10Z,2026-09-26 20:18-04:00,40.0,5.470,7.500,7.500,6.670,8.770,6.940,6.310,7.500,nws-coastal-flood-product,7.500,nws_product,0.550,nws_grid,86,44,48,v0.10.6
2026-09-25T08:17:10Z,2026-09-27 08:37-04:00,52.3,5.740,7.400,7.400,6.640,8.740,7.210,6.490,7.400,nws-coastal-flood-product,7.400,nws_product,0.380,nws_grid,83,40,84,v0.10.6
2026-09-25T08:17:10Z,2026-09-27 20:58-04:00,64.7,5.400,,6.700,6.100,7.700,6.860,6.080,6.080,surge-persistence,6.700,nwps,0.090,nws_grid,74,35,84,v0.10.6
2026-09-25T08:17:10Z,2026-09-28 09:15-04:00,77.0,5.890,,,6.690,7.790,7.350,6.530,,,7.240,petss_mid,0.000,nbm,40,23,32,v0.10.6
2026-09-25T08:17:10Z,2026-09-28 21:40-04:00,89.4,5.220,,,,,6.690,5.830,,,6.440,guidance_decay,0.000,nbm,7,13,32,v0.10.6
2026-09-25T08:17:10Z,2026-09-29 09:58-04:00,101.7,5.910,,,,,7.380,6.500,,,6.930,guidance_decay,0.000,nbm,1,9,0,v0.10.6
2026-09-25T08:17:10Z,2026-09-29 22:28-04:00,114.2,4.990,,,,,6.450,5.560,,,5.860,guidance_decay,0.000,nbm,0,6,0,v0.10.6
2026-09-25T08:17:10Z,2026-09-30 10:47-04:00,126.5,5.830,,,,,7.290,6.380,,,6.600,guidance_decay,0.000,nbm,0,6,0,v0.10.6
2026-09-25T08:17:10Z,2026-09-30 23:23-04:00,139.1,4.730,,,,,6.200,5.280,,,5.430,guidance_decay,0.000,nbm,10,10,0,v0.10.6
2026-09-25T08:17:10Z,2026-10-01 11:44-04:00,151.4,5.660,,,,,7.130,6.200,,,6.310,guidance_decay,0.000,nbm,6,7,0,v0.10.6
2026-09-25T08:17:10Z,2026-10-02 00:27-04:00,164.2,4.530,,,,,5.990,5.070,,,5.140,guidance_decay,0.000,nbm,9,12,0,v0.10.6
2026-09-25T09:13:45Z,2026-09-25 07:25-04:00,2.2,5.190,6.800,6.800,6.790,7.390,6.650,6.590,6.800,nws-coastal-flood-product,6.800,nws_product,0.000,nws_grid,0,32,0,v0.10.6
2026-09-25T09:13:45Z,2026-09-25 19:40-04:00,14.4,5.440,7.500,7.500,7.540,8.340,6.900,6.590,7.500,nws-coastal-flood-product,7.500,nws_product,0.020,nws_grid,35,41,0,v0.10.6
2026-09-25T09:13:45Z,2026-09-26 08:01-04:00,26.8,5.500,7.900,7.900,8.000,9.700,6.960,6.470,7.900,nws-coastal-flood-product,7.900,nws_product,0.320,nws_grid,75,54,48,v0.10.6
2026-09-25T09:13:45Z,2026-09-26 20:18-04:00,39.1,5.470,7.500,7.500,7.570,8.870,6.930,6.310,7.500,nws-coastal-flood-product,7.500,nws_product,0.550,nws_grid,86,44,48,v0.10.6
2026-09-25T09:13:45Z,2026-09-27 08:37-04:00,51.4,5.740,7.400,7.400,7.240,8.840,7.200,6.500,7.400,nws-coastal-flood-product,7.400,nws_product,0.380,nws_grid,83,40,84,v0.10.6
2026-09-25T09:13:45Z,2026-09-27 20:58-04:00,63.7,5.400,,6.700,6.400,8.000,6.850,6.080,6.080,surge-persistence,6.700,nwps,0.090,nws_grid,74,35,84,v0.10.6
2026-09-25T09:13:45Z,2026-09-28 09:15-04:00,76.0,5.890,,,6.890,7.790,7.340,6.530,,,7.340,petss_mid,0.000,nbm,40,23,32,v0.10.6
2026-09-25T09:13:45Z,2026-09-28 21:40-04:00,88.4,5.220,,,5.920,6.820,6.680,5.830,,,6.380,petss_mid,0.000,nbm,7,13,32,v0.10.6
2026-09-25T09:13:45Z,2026-09-29 09:58-04:00,100.7,5.910,,,,,7.370,6.500,,,6.860,guidance_decay,0.000,nbm,1,9,0,v0.10.6
2026-09-25T09:13:45Z,2026-09-29 22:28-04:00,113.2,4.990,,,,,6.440,5.560,,,5.810,guidance_decay,0.000,nbm,0,6,0,v0.10.6
2026-09-25T09:13:45Z,2026-09-30 10:47-04:00,125.6,5.830,,,,,7.280,6.380,,,6.570,guidance_decay,0.000,nbm,0,6,0,v0.10.6
2026-09-25T09:13:45Z,2026-09-30 23:23-04:00,138.2,4.730,,,,,6.190,5.280,,,5.410,guidance_decay,0.000,nbm,10,10,0,v0.10.6
2026-09-25T09:13:45Z,2026-10-01 11:44-04:00,150.5,5.660,,,,,7.120,6.200,,,6.290,guidance_decay,0.000,nbm,6,7,0,v0.10.6
2026-09-25T09:13:45Z,2026-10-02 00:27-04:00,163.2,4.530,,,,,5.980,5.070,,,5.130,guidance_decay,0.000,nbm,9,12,0,v0.10.6
2026-09-25T10:12:46Z,2026-09-25 07:25-04:00,1.2,5.190,6.800,6.800,6.790,7.390,6.720,6.680,6.800,nws-coastal-flood-product,6.800,nws_product,0.000,nws_grid,0,32,0,v0.10.6
2026-09-25T10:12:46Z,2026-09-25 19:40-04:00,13.5,5.440,7.500,7.500,7.540,8.340,6.970,6.650,7.500,nws-coastal-flood-product,7.500,nws_product,0.020,nws_grid,35,41,0,v0.10.6
2026-09-25T10:12:46Z,2026-09-26 08:01-04:00,25.8,5.500,7.900,7.900,8.000,9.700,7.030,6.520,7.900,nws-coastal-flood-product,7.900,nws_product,0.320,nws_grid,75,54,48,v0.10.6
2026-09-25T10:12:46Z,2026-09-26 20:18-04:00,38.1,5.470,7.500,7.500,7.570,8.870,7.000,6.350,7.500,nws-coastal-flood-product,7.500,nws_product,0.550,nws_grid,86,44,48,v0.10.6
2026-09-25T10:12:46Z,2026-09-27 08:37-04:00,50.4,5.740,7.400,7.400,7.240,8.840,7.270,6.520,7.400,nws-coastal-flood-product,7.400,nws_product,0.380,nws_grid,83,40,84,v0.10.6
2026-09-25T10:12:46Z,2026-09-27 20:58-04:00,62.8,5.400,,6.700,6.400,8.000,6.920,6.100,6.100,surge-persistence,6.700,nwps,0.090,nws_grid,74,35,84,v0.10.6
2026-09-25T10:12:46Z,2026-09-28 09:15-04:00,75.0,5.890,,,6.890,7.790,7.410,6.540,,,7.340,petss_mid,0.000,nbm,40,23,32,v0.10.6
2026-09-25T10:12:46Z,2026-09-28 21:40-04:00,87.5,5.220,,,5.920,6.820,6.750,5.840,,,6.380,petss_mid,0.000,nbm,7,13,32,v0.10.6
2026-09-25T10:12:46Z,2026-09-29 09:58-04:00,99.8,5.910,,,,,7.440,6.510,,,6.860,guidance_decay,0.000,nbm,1,9,0,v0.10.6
2026-09-25T10:12:46Z,2026-09-29 22:28-04:00,112.3,4.990,,,,,6.510,5.560,,,5.810,guidance_decay,0.000,nbm,0,6,0,v0.10.6
2026-09-25T10:12:46Z,2026-09-30 10:47-04:00,124.6,5.830,,,,,7.350,6.390,,,6.570,guidance_decay,0.000,nbm,0,6,0,v0.10.6
2026-09-25T10:12:46Z,2026-09-30 23:23-04:00,137.2,4.730,,,,,6.260,5.280,,,5.410,guidance_decay,0.000,nbm,10,10,0,v0.10.6
2026-09-25T10:12:46Z,2026-10-01 11:44-04:00,149.5,5.660,,,,,7.180,6.210,,,6.290,guidance_decay,0.000,nbm,6,7,0,v0.10.6
2026-09-25T10:12:46Z,2026-10-02 00:27-04:00,162.2,4.530,,,,,6.050,5.070,,,5.130,guidance_decay,0.000,nbm,9,12,0,v0.10.6
2026-09-25T11:11:16Z,2026-09-25 07:25-04:00,0.2,5.190,6.700,6.700,6.790,7.390,6.870,6.860,6.700,nws-coastal-flood-product,6.700,nws_product,0.000,nws_grid,0,32,0,v0.10.6
2026-09-25T11:11:16Z,2026-09-25 19:40-04:00,12.5,5.440,7.500,7.500,7.540,8.340,7.120,6.780,7.500,nws-coastal-flood-product,7.500,nws_product,0.020,nws_grid,35,41,0,v0.10.6
2026-09-25T11:11:16Z,2026-09-26 08:01-04:00,24.8,5.500,8.000,8.000,8.000,9.700,7.180,6.610,8.000,nws-coastal-flood-product,8.000,nws_product,0.320,nws_grid,75,54,48,v0.10.6
2026-09-25T11:11:16Z,2026-09-26 20:18-04:00,37.1,5.470,7.800,7.800,7.570,8.870,7.150,6.410,7.800,nws-coastal-flood-product,7.800,nws_product,0.550,nws_grid,86,44,48,v0.10.6
2026-09-25T11:11:16Z,2026-09-27 08:37-04:00,49.4,5.740,7.800,7.800,7.240,8.840,7.420,6.560,7.800,nws-coastal-flood-product,7.800,nws_product,0.380,nws_grid,83,40,84,v0.10.6
2026-09-25T11:11:16Z,2026-09-27 20:58-04:00,61.8,5.400,6.700,6.700,6.400,8.000,7.070,6.130,6.700,nws-coastal-flood-product,6.700,nws_product,0.090,nws_grid,74,35,84,v0.10.6
2026-09-25T11:11:16Z,2026-09-28 09:15-04:00,74.1,5.890,,,6.890,7.790,7.560,6.560,,,7.340,petss_mid,0.000,nbm,40,23,32,v0.10.6
2026-09-25T11:11:16Z,2026-09-28 21:40-04:00,86.5,5.220,,,5.920,6.820,6.900,5.860,,,6.380,petss_mid,0.000,nbm,7,13,32,v0.10.6
2026-09-25T11:11:16Z,2026-09-29 09:58-04:00,98.8,5.910,,,,,7.590,6.520,,,6.860,guidance_decay,0.000,nbm,1,9,0,v0.10.6
2026-09-25T11:11:16Z,2026-09-29 22:28-04:00,111.3,4.990,,,,,6.660,5.570,,,5.810,guidance_decay,0.000,nbm,0,6,0,v0.10.6
2026-09-25T11:11:16Z,2026-09-30 10:47-04:00,123.6,5.830,,,,,7.500,6.390,,,6.570,guidance_decay,0.000,nbm,0,6,0,v0.10.6
2026-09-25T11:11:16Z,2026-09-30 23:23-04:00,136.2,4.730,,,,,6.410,5.290,,,5.410,guidance_decay,0.000,nbm,10,10,0,v0.10.6
2026-09-25T11:11:16Z,2026-10-01 11:44-04:00,148.5,5.660,,,,,7.340,6.210,,,6.290,guidance_decay,0.000,nbm,6,7,0,v0.10.6
2026-09-25T11:11:16Z,2026-10-02 00:27-04:00,161.3,4.530,,,,,6.200,5.070,,,5.130,guidance_decay,0.000,nbm,9,12,0,v0.10.6
2026-09-25T12:18:36Z,2026-09-25 19:40-04:00,11.4,5.440,7.500,7.500,7.540,8.340,7.440,7.040,7.500,nws-coastal-flood-product,7.500,nws_product,0.020,nws_grid,35,41,0,v0.10.6
2026-09-25T12:18:36Z,2026-09-26 08:01-04:00,23.7,5.500,8.000,8.000,8.000,9.700,7.500,6.790,8.000,nws-coastal-flood-product,8.000,nws_product,0.320,nws_grid,75,54,45,v0.10.6
2026-09-25T12:18:36Z,2026-09-26 20:18-04:00,36.0,5.470,7.800,7.800,7.570,8.870,7.470,6.540,7.800,nws-coastal-flood-product,7.800,nws_product,0.550,nws_grid,86,44,45,v0.10.6
2026-09-25T12:18:36Z,2026-09-27 08:37-04:00,48.3,5.740,7.800,7.800,7.240,8.840,7.740,6.660,7.800,nws-coastal-flood-product,7.800,nws_product,0.380,nws_grid,83,40,90,v0.10.6
2026-09-25T12:18:36Z,2026-09-27 20:58-04:00,60.7,5.400,6.700,6.700,6.400,8.000,7.390,6.200,6.700,nws-coastal-flood-product,6.700,nws_product,0.090,nws_grid,74,35,90,v0.10.6
2026-09-25T12:18:36Z,2026-09-28 09:15-04:00,72.9,5.890,,,6.890,7.790,7.880,6.610,,,7.340,petss_mid,0.010,nbm,40,23,23,v0.10.6
2026-09-25T12:18:36Z,2026-09-28 21:40-04:00,85.4,5.220,,,5.920,6.820,7.220,5.890,,,6.380,petss_mid,0.000,nbm,7,13,23,v0.10.6
2026-09-25T12:18:36Z,2026-09-29 09:58-04:00,97.7,5.910,,,,,7.910,6.540,,,6.860,guidance_decay,0.000,nbm,1,9,0,v0.10.6
2026-09-25T12:18:36Z,2026-09-29 22:28-04:00,110.2,4.990,,,,,6.980,5.590,,,5.810,guidance_decay,0.000,nbm,0,6,0,v0.10.6
2026-09-25T12:18:36Z,2026-09-30 10:47-04:00,122.5,5.830,,,,,7.820,6.400,,,6.570,guidance_decay,0.000,nbm,0,6,0,v0.10.6
2026-09-25T12:18:36Z,2026-09-30 23:23-04:00,135.1,4.730,,,,,6.730,5.300,,,5.410,guidance_decay,0.000,nbm,10,10,0,v0.10.6
2026-09-25T12:18:36Z,2026-10-01 11:44-04:00,147.4,5.660,,,,,7.660,6.210,,,6.290,guidance_decay,0.000,nbm,6,7,0,v0.10.6
2026-09-25T12:18:36Z,2026-10-02 00:27-04:00,160.1,4.530,,,,,6.520,5.080,,,5.130,guidance_decay,0.000,nbm,9,12,10,v0.10.6
2026-09-25T13:11:57Z,2026-09-25 19:40-04:00,10.5,5.440,7.500,7.500,7.540,8.340,7.510,7.120,7.500,nws-coastal-flood-product,7.500,nws_product,0.020,nws_grid,35,41,0,v0.10.6
2026-09-25T13:11:57Z,2026-09-26 08:01-04:00,22.8,5.500,8.000,8.000,8.000,9.700,7.570,6.850,8.000,nws-coastal-flood-product,8.000,nws_product,0.320,nws_grid,75,54,45,v0.10.6
2026-09-25T13:11:57Z,2026-09-26 20:18-04:00,35.1,5.470,7.800,7.800,7.570,8.870,7.540,6.580,7.800,nws-coastal-flood-product,7.800,nws_product,0.550,nws_grid,86,44,45,v0.10.6
2026-09-25T13:11:57Z,2026-09-27 08:37-04:00,47.4,5.740,7.800,7.800,7.240,8.840,7.810,6.680,7.800,nws-coastal-flood-product,7.800,nws_product,0.380,nws_grid,83,40,90,v0.10.6
2026-09-25T13:11:57Z,2026-09-27 20:58-04:00,59.8,5.400,6.700,6.700,6.400,8.000,7.460,6.220,6.700,nws-coastal-flood-product,6.700,nws_product,0.090,nws_grid,74,35,90,v0.10.6
2026-09-25T13:11:57Z,2026-09-28 09:15-04:00,72.1,5.890,,,6.890,7.790,7.950,6.620,,,7.340,petss_mid,0.010,nbm,40,23,23,v0.10.6
2026-09-25T13:11:57Z,2026-09-28 21:40-04:00,84.5,5.220,,,5.920,6.820,7.290,5.900,,,6.380,petss_mid,0.000,nbm,7,13,23,v0.10.6
2026-09-25T13:11:57Z,2026-09-29 09:58-04:00,96.8,5.910,,,,,7.980,6.550,,,6.860,guidance_decay,0.000,nbm,1,9,0,v0.10.6
2026-09-25T13:11:57Z,2026-09-29 22:28-04:00,109.3,4.990,,,,,7.050,5.590,,,5.810,guidance_decay,0.000,nbm,0,6,0,v0.10.6
2026-09-25T13:11:57Z,2026-09-30 10:47-04:00,121.6,5.830,,,,,7.890,6.410,,,6.570,guidance_decay,0.000,nbm,0,6,0,v0.10.6
2026-09-25T13:11:57Z,2026-09-30 23:23-04:00,134.2,4.730,,,,,6.800,5.300,,,5.410,guidance_decay,0.000,nbm,10,10,0,v0.10.6
2026-09-25T13:11:57Z,2026-10-01 11:44-04:00,146.5,5.660,,,,,7.730,6.220,,,6.290,guidance_decay,0.000,nbm,6,7,0,v0.10.6
2026-09-25T13:11:57Z,2026-10-02 00:27-04:00,159.3,4.530,,,,,6.590,5.080,,,5.130,guidance_decay,0.000,nbm,9,12,10,v0.10.6
2026-09-25T14:13:38Z,2026-09-25 19:40-04:00,9.4,5.440,7.500,7.500,7.540,8.340,7.590,7.210,7.500,nws-coastal-flood-product,7.500,nws_product,0.020,nws_grid,35,41,0,v0.10.6
2026-09-25T14:13:38Z,2026-09-26 08:01-04:00,21.8,5.500,8.000,8.000,8.000,9.700,7.650,6.910,8.000,nws-coastal-flood-product,8.000,nws_product,0.320,nws_grid,75,54,45,v0.10.6
2026-09-25T14:13:38Z,2026-09-26 20:18-04:00,34.1,5.470,7.800,7.800,7.570,8.870,7.620,6.630,7.800,nws-coastal-flood-product,7.800,nws_product,0.550,nws_grid,86,44,45,v0.10.6
2026-09-25T14:13:38Z,2026-09-27 08:37-04:00,46.4,5.740,7.800,7.800,7.240,8.840,7.890,6.720,7.800,nws-coastal-flood-product,7.800,nws_product,0.380,nws_grid,83,40,90,v0.10.6
2026-09-25T14:13:38Z,2026-09-27 20:58-04:00,58.7,5.400,6.700,6.700,6.400,8.000,7.540,6.240,6.700,nws-coastal-flood-product,6.700,nws_product,0.090,nws_grid,74,35,90,v0.10.6
2026-09-25T14:13:38Z,2026-09-28 09:15-04:00,71.0,5.890,,,6.890,7.790,8.030,6.640,6.640,surge-persistence,7.340,petss_mid,0.010,nbm,40,23,23,v0.10.6
2026-09-25T14:13:38Z,2026-09-28 21:40-04:00,83.4,5.220,,,5.920,6.820,7.370,5.910,,,6.380,petss_mid,0.000,nbm,7,13,23,v0.10.6
2026-09-25T14:13:38Z,2026-09-29 09:58-04:00,95.7,5.910,,,,,8.060,6.560,,,6.860,guidance_decay,0.000,nbm,1,9,0,v0.10.6
2026-09-25T14:13:38Z,2026-09-29 22:28-04:00,108.2,4.990,,,,,7.130,5.600,,,5.810,guidance_decay,0.000,nbm,0,6,0,v0.10.6
2026-09-25T14:13:38Z,2026-09-30 10:47-04:00,120.6,5.830,,,,,7.970,6.410,,,6.570,guidance_decay,0.000,nbm,0,6,0,v0.10.6
2026-09-25T14:13:38Z,2026-09-30 23:23-04:00,133.2,4.730,,,,,6.880,5.300,,,5.410,guidance_decay,0.000,nbm,10,10,0,v0.10.6
2026-09-25T14:13:38Z,2026-10-01 11:44-04:00,145.5,5.660,,,,,7.800,6.220,,,6.290,guidance_decay,0.000,nbm,6,7,0,v0.10.6
2026-09-25T14:13:38Z,2026-10-02 00:27-04:00,158.2,4.530,,,,,6.670,5.080,,,5.130,guidance_decay,0.000,nbm,9,12,10,v0.10.6
2026-09-25T15:13:00Z,2026-09-25 19:40-04:00,8.4,5.440,7.500,7.500,7.640,8.740,7.650,7.290,7.500,nws-coastal-flood-product,7.500,nws_product,0.020,nws_grid,35,41,0,v0.10.6
2026-09-25T15:13:00Z,2026-09-26 08:01-04:00,20.8,5.500,8.000,8.000,8.000,9.700,7.710,6.970,8.000,nws-coastal-flood-product,8.000,nws_product,0.320,nws_grid,75,54,45,v0.10.6
2026-09-25T15:13:00Z,2026-09-26 20:18-04:00,33.1,5.470,7.800,7.800,7.670,8.870,7.680,6.670,7.800,nws-coastal-flood-product,7.800,nws_product,0.550,nws_grid,86,44,45,v0.10.6
2026-09-25T15:13:00Z,2026-09-27 08:37-04:00,45.4,5.740,7.800,7.800,7.240,9.140,7.950,6.750,7.800,nws-coastal-flood-product,7.800,nws_product,0.380,nws_grid,83,40,90,v0.10.6
2026-09-25T15:13:00Z,2026-09-27 20:58-04:00,57.7,5.400,6.700,6.700,6.500,8.000,7.600,6.260,6.700,nws-coastal-flood-product,6.700,nws_product,0.090,nws_grid,74,35,90,v0.10.6
2026-09-25T15:13:00Z,2026-09-28 09:15-04:00,70.0,5.890,,,6.890,7.890,8.090,6.660,6.660,surge-persistence,7.390,petss_mid,0.010,nbm,40,23,23,v0.10.6
2026-09-25T15:13:00Z,2026-09-28 21:40-04:00,82.4,5.220,,,5.920,6.720,7.430,5.920,,,6.320,petss_mid,0.000,nbm,7,13,23,v0.10.6
2026-09-25T15:13:00Z,2026-09-29 09:58-04:00,94.7,5.910,,,,,8.120,6.560,,,6.700,guidance_decay,0.000,nbm,1,9,0,v0.10.6
2026-09-25T15:13:00Z,2026-09-29 22:28-04:00,107.2,4.990,,,,,7.190,5.600,,,5.700,guidance_decay,0.000,nbm,0,6,0,v0.10.6
2026-09-25T15:13:00Z,2026-09-30 10:47-04:00,119.6,5.830,,,,,8.030,6.420,,,6.480,guidance_decay,0.000,nbm,0,6,0,v0.10.6
2026-09-25T15:13:00Z,2026-09-30 23:23-04:00,132.2,4.730,,,,,6.940,5.300,,,5.350,guidance_decay,0.000,nbm,10,10,0,v0.10.6
2026-09-25T15:13:00Z,2026-10-01 11:44-04:00,144.5,5.660,,,,,7.860,6.220,,,6.250,guidance_decay,0.000,nbm,6,7,0,v0.10.6
2026-09-25T15:13:00Z,2026-10-02 00:27-04:00,157.2,4.530,,,,,6.730,5.080,,,5.100,guidance_decay,0.000,nbm,9,12,10,v0.10.6
2026-09-25T16:14:24Z,2026-09-25 19:40-04:00,7.4,5.440,7.500,7.500,7.640,8.740,7.710,7.380,7.500,nws-coastal-flood-product,7.500,nws_product,0.020,nws_grid,35,41,0,v0.10.6
2026-09-25T16:14:24Z,2026-09-26 08:01-04:00,19.8,5.500,8.000,8.000,8.000,9.700,7.780,7.040,8.000,nws-coastal-flood-product,8.000,nws_product,0.320,nws_grid,75,54,45,v0.10.6
2026-09-25T16:14:24Z,2026-09-26 20:18-04:00,32.1,5.470,7.800,7.800,7.670,8.870,7.750,6.720,7.800,nws-coastal-flood-product,7.800,nws_product,0.550,nws_grid,86,44,45,v0.10.6
2026-09-25T16:14:24Z,2026-09-27 08:37-04:00,44.4,5.740,7.800,7.800,7.240,9.140,8.020,6.780,7.800,nws-coastal-flood-product,7.800,nws_product,0.380,nws_grid,83,40,90,v0.10.6
2026-09-25T16:14:24Z,2026-09-27 20:58-04:00,56.7,5.400,6.700,6.700,6.500,8.000,7.670,6.290,6.700,nws-coastal-flood-product,6.700,nws_product,0.090,nws_grid,74,35,90,v0.10.6
2026-09-25T16:14:24Z,2026-09-28 09:15-04:00,69.0,5.890,,,6.890,7.890,8.160,6.670,6.670,surge-persistence,7.390,petss_mid,0.010,nbm,40,23,23,v0.10.6
2026-09-25T16:14:24Z,2026-09-28 21:40-04:00,81.4,5.220,,,5.920,6.720,7.500,5.940,,,6.320,petss_mid,0.000,nbm,7,13,23,v0.10.6
2026-09-25T16:14:24Z,2026-09-29 09:58-04:00,93.7,5.910,,,,,8.190,6.570,,,6.700,guidance_decay,0.000,nbm,1,9,0,v0.10.6
2026-09-25T16:14:24Z,2026-09-29 22:28-04:00,106.2,4.990,,,,,7.260,5.610,,,5.700,guidance_decay,0.000,nbm,0,6,0,v0.10.6
2026-09-25T16:14:24Z,2026-09-30 10:47-04:00,118.5,5.830,,,,,8.100,6.420,,,6.480,guidance_decay,0.000,nbm,0,6,0,v0.10.6
2026-09-25T16:14:24Z,2026-09-30 23:23-04:00,131.1,4.730,,,,,7.000,5.310,,,5.350,guidance_decay,0.000,nbm,10,10,0,v0.10.6
2026-09-25T16:14:24Z,2026-10-01 11:44-04:00,143.5,5.660,,,,,7.930,6.220,,,6.250,guidance_decay,0.000,nbm,6,7,0,v0.10.6
2026-09-25T16:14:24Z,2026-10-02 00:27-04:00,156.2,4.530,,,,,6.800,5.080,,,5.100,guidance_decay,0.000,nbm,9,12,10,v0.10.6
2026-09-25T17:10:41Z,2026-09-25 19:40-04:00,6.5,5.440,7.500,7.500,7.640,8.740,7.710,7.410,7.500,nws-coastal-flood-product,7.500,nws_product,0.020,nws_grid,35,41,0,v0.10.6
2026-09-25T17:10:41Z,2026-09-26 08:01-04:00,18.8,5.500,8.000,8.000,8.000,9.700,7.770,7.060,8.000,nws-coastal-flood-product,8.000,nws_product,0.320,nws_grid,75,54,45,v0.10.6
2026-09-25T17:10:41Z,2026-09-26 20:18-04:00,31.1,5.470,7.800,7.800,7.670,8.870,7.740,6.730,7.800,nws-coastal-flood-product,7.800,nws_product,0.550,nws_grid,86,44,45,v0.10.6
2026-09-25T17:10:41Z,2026-09-27 08:37-04:00,43.4,5.740,7.800,7.800,7.240,9.140,8.010,6.790,7.800,nws-coastal-flood-product,7.800,nws_product,0.380,nws_grid,83,40,90,v0.10.6
2026-09-25T17:10:41Z,2026-09-27 20:58-04:00,55.8,5.400,6.700,6.700,6.500,8.000,7.660,6.290,6.700,nws-coastal-flood-product,6.700,nws_product,0.090,nws_grid,74,35,90,v0.10.6
2026-09-25T17:10:41Z,2026-09-28 09:15-04:00,68.1,5.890,,,6.890,7.890,8.150,6.680,6.680,surge-persistence,7.390,petss_mid,0.010,nbm,40,23,23,v0.10.6
2026-09-25T17:10:41Z,2026-09-28 21:40-04:00,80.5,5.220,,,5.920,6.720,7.490,5.940,,,6.320,petss_mid,0.000,nbm,7,13,23,v0.10.6
2026-09-25T17:10:41Z,2026-09-29 09:58-04:00,92.8,5.910,,,,,8.180,6.580,,,6.700,guidance_decay,0.000,nbm,1,9,0,v0.10.6
2026-09-25T17:10:41Z,2026-09-29 22:28-04:00,105.3,4.990,,,,,7.250,5.610,,,5.700,guidance_decay,0.000,nbm,0,6,0,v0.10.6
2026-09-25T17:10:41Z,2026-09-30 10:47-04:00,117.6,5.830,,,,,8.090,6.420,,,6.480,guidance_decay,0.000,nbm,0,6,0,v0.10.6
2026-09-25T17:10:41Z,2026-09-30 23:23-04:00,130.2,4.730,,,,,7.000,5.310,,,5.350,guidance_decay,0.000,nbm,10,10,0,v0.10.6
2026-09-25T17:10:41Z,2026-10-01 11:44-04:00,142.6,5.660,,,,,7.920,6.220,,,6.250,guidance_decay,0.000,nbm,6,7,0,v0.10.6
2026-09-25T17:10:41Z,2026-10-02 00:27-04:00,155.3,4.530,,,,,6.790,5.080,,,5.100,guidance_decay,0.000,nbm,9,12,10,v0.10.6
2026-09-25T17:10:41Z,2026-10-02 12:48-04:00,167.6,5.480,,,,,7.750,6.030,,,6.040,guidance_decay,0.000,nbm,5,12,10,v0.10.6
2026-09-25T18:14:50Z,2026-09-25 19:40-04:00,5.4,5.440,7.500,7.500,7.640,8.740,7.390,7.190,7.500,nws-coastal-flood-product,7.500,nws_product,0.020,nws_grid,35,41,0,v0.10.6
2026-09-25T18:14:50Z,2026-09-26 08:01-04:00,17.8,5.500,8.000,8.000,8.000,9.700,7.450,6.900,8.000,nws-coastal-flood-product,8.000,nws_product,0.320,nws_grid,75,54,74,v0.10.6
2026-09-25T18:14:50Z,2026-09-26 20:18-04:00,30.1,5.470,7.800,7.800,7.670,8.870,7.420,6.620,7.800,nws-coastal-flood-product,7.800,nws_product,0.550,nws_grid,86,44,74,v0.10.6
2026-09-25T18:14:50Z,2026-09-27 08:37-04:00,42.4,5.740,7.800,7.800,7.240,9.140,7.690,6.710,7.800,nws-coastal-flood-product,7.800,nws_product,0.380,nws_grid,83,40,100,v0.10.6
2026-09-25T18:14:50Z,2026-09-27 20:58-04:00,54.7,5.400,6.700,6.700,6.500,8.000,7.350,6.240,6.700,nws-coastal-flood-product,6.700,nws_product,0.090,nws_grid,74,35,100,v0.10.6
2026-09-25T18:14:50Z,2026-09-28 09:15-04:00,67.0,5.890,,,6.890,7.890,7.840,6.640,6.640,surge-persistence,7.390,petss_mid,0.060,nbm,40,23,26,v0.10.6
2026-09-25T18:14:50Z,2026-09-28 21:40-04:00,79.4,5.220,,,5.920,6.720,7.170,5.910,,,6.320,petss_mid,0.000,nbm,7,13,26,v0.10.6
2026-09-25T18:14:50Z,2026-09-29 09:58-04:00,91.7,5.910,,,,,7.860,6.550,,,6.700,guidance_decay,0.000,nbm,1,9,0,v0.10.6
2026-09-25T18:14:50Z,2026-09-29 22:28-04:00,104.2,4.990,,,,,6.940,5.600,,,5.700,guidance_decay,0.000,nbm,0,6,0,v0.10.6
2026-09-25T18:14:50Z,2026-09-30 10:47-04:00,116.5,5.830,,,,,7.780,6.410,,,6.480,guidance_decay,0.000,nbm,0,6,0,v0.10.6
2026-09-25T18:14:50Z,2026-09-30 23:23-04:00,129.1,4.730,,,,,6.680,5.300,,,5.350,guidance_decay,0.000,nbm,10,10,0,v0.10.6
2026-09-25T18:14:50Z,2026-10-01 11:44-04:00,141.5,5.660,,,,,7.610,6.220,,,6.250,guidance_decay,0.000,nbm,6,7,6,v0.10.6
2026-09-25T18:14:50Z,2026-10-02 00:27-04:00,154.2,4.530,,,,,6.480,5.080,,,5.100,guidance_decay,0.000,nbm,9,12,3,v0.10.6
2026-09-25T18:14:50Z,2026-10-02 12:48-04:00,166.6,5.480,,,,,7.430,6.030,,,6.040,guidance_decay,0.000,nbm,5,12,3,v0.10.6
2026-09-25T19:09:37Z,2026-09-25 19:40-04:00,4.5,5.440,7.800,7.800,7.640,8.740,7.200,7.050,7.800,nws-coastal-flood-product,7.800,nws_product,0.010,nws_grid,40,41,0,v0.10.6
2026-09-25T19:09:37Z,2026-09-26 08:01-04:00,16.9,5.500,8.700,8.700,8.000,9.700,7.260,6.800,8.700,nws-coastal-flood-product,8.700,nws_product,0.410,nws_grid,81,49,74,v0.10.6
2026-09-25T19:09:37Z,2026-09-26 20:18-04:00,29.1,5.470,7.900,7.900,7.670,8.870,7.230,6.540,7.900,nws-coastal-flood-product,7.900,nws_product,0.310,nws_grid,89,49,74,v0.10.6
2026-09-25T19:09:37Z,2026-09-27 08:37-04:00,41.5,5.740,7.900,7.900,7.240,9.140,7.500,6.660,7.900,nws-coastal-flood-product,7.900,nws_product,0.700,nws_grid,91,47,100,v0.10.6
2026-09-25T19:09:37Z,2026-09-27 20:58-04:00,53.8,5.400,7.000,7.000,6.500,8.000,7.150,6.200,7.000,nws-coastal-flood-product,7.000,nws_product,0.750,nws_grid,93,36,100,v0.10.6
2026-09-25T19:09:37Z,2026-09-28 09:15-04:00,66.1,5.890,7.300,7.300,6.890,7.890,7.640,6.610,7.300,nws-coastal-flood-product,7.300,nws_product,0.070,nws_grid,62,21,26,v0.10.6
2026-09-25T19:09:37Z,2026-09-28 21:40-04:00,78.5,5.220,,,5.920,6.720,6.980,5.890,,,6.320,petss_mid,0.000,nbm,13,13,26,v0.10.6
2026-09-25T19:09:37Z,2026-09-29 09:58-04:00,90.8,5.910,,,,,7.670,6.540,,,6.700,guidance_decay,0.000,nbm,0,9,0,v0.10.6
2026-09-25T19:09:37Z,2026-09-29 22:28-04:00,103.3,4.990,,,,,6.740,5.590,,,5.700,guidance_decay,0.000,nbm,0,5,0,v0.10.6
2026-09-25T19:09:37Z,2026-09-30 10:47-04:00,115.6,5.830,,,,,7.580,6.410,,,6.480,guidance_decay,0.000,nbm,0,5,0,v0.10.6
2026-09-25T19:09:37Z,2026-09-30 23:23-04:00,128.2,4.730,,,,,6.490,5.300,,,5.350,guidance_decay,0.000,nbm,1,8,0,v0.10.6
2026-09-25T19:09:37Z,2026-10-01 11:44-04:00,140.6,5.660,,,,,7.410,6.210,,,6.250,guidance_decay,0.000,nbm,0,9,6,v0.10.6
2026-09-25T19:09:37Z,2026-10-02 00:27-04:00,153.3,4.530,,,,,6.280,5.080,,,5.100,guidance_decay,0.000,nbm,9,13,3,v0.10.6
2026-09-25T19:09:37Z,2026-10-02 12:48-04:00,165.6,5.480,,,,,7.240,6.020,,,6.040,guidance_decay,0.000,nbm,7,10,3,v0.10.6
2026-09-25T20:10:49Z,2026-09-25 19:40-04:00,3.5,5.440,7.800,7.800,7.640,8.740,7.100,6.990,7.800,nws-coastal-flood-product,7.800,nws_product,0.010,nws_grid,40,41,0,v0.10.6
2026-09-25T20:10:49Z,2026-09-26 08:01-04:00,15.8,5.500,8.700,8.700,8.000,9.700,7.160,6.750,8.700,nws-coastal-flood-product,8.700,nws_product,0.410,nws_grid,81,49,74,v0.10.6
2026-09-25T20:10:49Z,2026-09-26 20:18-04:00,28.1,5.470,7.900,7.900,7.670,8.870,7.130,6.510,7.900,nws-coastal-flood-product,7.900,nws_product,0.310,nws_grid,89,49,74,v0.10.6
2026-09-25T20:10:49Z,2026-09-27 08:37-04:00,40.4,5.740,7.900,7.900,7.240,9.140,7.400,6.640,7.900,nws-coastal-flood-product,7.900,nws_product,0.700,nws_grid,91,47,100,v0.10.6
2026-09-25T20:10:49Z,2026-09-27 20:58-04:00,52.8,5.400,7.000,7.000,6.500,8.000,7.050,6.180,7.000,nws-coastal-flood-product,7.000,nws_product,0.750,nws_grid,93,36,100,v0.10.6
2026-09-25T20:10:49Z,2026-09-28 09:15-04:00,65.1,5.890,7.300,7.300,6.890,7.890,7.540,6.600,7.300,nws-coastal-flood-product,7.300,nws_product,0.070,nws_grid,62,21,26,v0.10.6
2026-09-25T20:10:49Z,2026-09-28 21:40-04:00,77.5,5.220,,,5.920,6.720,6.880,5.880,,,6.320,petss_mid,0.000,nbm,13,13,26,v0.10.6
2026-09-25T20:10:49Z,2026-09-29 09:58-04:00,89.8,5.910,,,,,7.570,6.540,,,6.700,guidance_decay,0.000,nbm,0,9,0,v0.10.6
2026-09-25T20:10:49Z,2026-09-29 22:28-04:00,102.3,4.990,,,,,6.640,5.580,,,5.700,guidance_decay,0.000,nbm,0,5,0,v0.10.6
2026-09-25T20:10:49Z,2026-09-30 10:47-04:00,114.6,5.830,,,,,7.480,6.400,,,6.480,guidance_decay,0.000,nbm,0,5,0,v0.10.6
2026-09-25T20:10:49Z,2026-09-30 23:23-04:00,127.2,4.730,,,,,6.380,5.290,,,5.350,guidance_decay,0.000,nbm,1,8,0,v0.10.6
2026-09-25T20:10:49Z,2026-10-01 11:44-04:00,139.6,5.660,,,,,7.310,6.210,,,6.250,guidance_decay,0.000,nbm,0,9,6,v0.10.6
2026-09-25T20:10:49Z,2026-10-02 00:27-04:00,152.3,4.530,,,,,6.180,5.070,,,5.100,guidance_decay,0.000,nbm,9,13,3,v0.10.6
2026-09-25T20:10:49Z,2026-10-02 12:48-04:00,164.6,5.480,,,,,7.130,6.020,,,6.040,guidance_decay,0.000,nbm,7,10,3,v0.10.6
2026-09-25T21:10:59Z,2026-09-25 19:40-04:00,2.5,5.440,7.800,7.800,7.640,8.540,6.960,6.890,7.800,nws-coastal-flood-product,7.800,nws_product,0.010,nws_grid,40,41,0,v0.10.6
2026-09-25T21:10:59Z,2026-09-26 08:01-04:00,14.8,5.500,8.700,8.700,8.300,9.800,7.030,6.690,8.700,nws-coastal-flood-product,8.700,nws_product,0.410,nws_grid,81,49,74,v0.10.6
2026-09-25T21:10:59Z,2026-09-26 20:18-04:00,27.1,5.470,7.900,7.900,7.870,8.970,7.000,6.470,7.900,nws-coastal-flood-product,7.900,nws_product,0.310,nws_grid,89,49,74,v0.10.6
2026-09-25T21:10:59Z,2026-09-27 08:37-04:00,39.4,5.740,7.900,7.900,7.440,8.940,7.270,6.600,7.900,nws-coastal-flood-product,7.900,nws_product,0.700,nws_grid,91,47,100,v0.10.6
2026-09-25T21:10:59Z,2026-09-27 20:58-04:00,51.8,5.400,7.000,7.000,6.600,7.500,6.920,6.160,7.000,nws-coastal-flood-product,7.000,nws_product,0.750,nws_grid,93,36,100,v0.10.6
2026-09-25T21:10:59Z,2026-09-28 09:15-04:00,64.1,5.890,7.300,7.300,6.890,7.590,7.410,6.580,7.300,nws-coastal-flood-product,7.300,nws_product,0.070,nws_grid,62,21,26,v0.10.6
2026-09-25T21:10:59Z,2026-09-28 21:40-04:00,76.5,5.220,,,6.020,6.420,6.750,5.870,,,6.220,petss_mid,0.000,nbm,13,13,26,v0.10.6
2026-09-25T21:10:59Z,2026-09-29 09:58-04:00,88.8,5.910,,,6.410,6.810,7.440,6.530,,,6.610,petss_mid,0.000,nbm,0,9,0,v0.10.6
2026-09-25T21:10:59Z,2026-09-29 22:28-04:00,101.3,4.990,,,,,6.510,5.580,,,5.650,guidance_decay,0.000,nbm,0,5,0,v0.10.6
2026-09-25T21:10:59Z,2026-09-30 10:47-04:00,113.6,5.830,,,,,7.350,6.400,,,6.450,guidance_decay,0.000,nbm,0,5,0,v0.10.6
2026-09-25T21:10:59Z,2026-09-30 23:23-04:00,126.2,4.730,,,,,6.250,5.290,,,5.330,guidance_decay,0.000,nbm,1,8,0,v0.10.6
2026-09-25T21:10:59Z,2026-10-01 11:44-04:00,138.6,5.660,,,,,7.180,6.210,,,6.240,guidance_decay,0.000,nbm,0,9,6,v0.10.6
2026-09-25T21:10:59Z,2026-10-02 00:27-04:00,151.3,4.530,,,,,6.050,5.070,,,5.090,guidance_decay,0.000,nbm,9,13,3,v0.10.6
2026-09-25T21:10:59Z,2026-10-02 12:48-04:00,163.6,5.480,,,,,7.000,6.020,,,6.040,guidance_decay,0.000,nbm,7,10,3,v0.10.6
2026-09-25T22:11:35Z,2026-09-25 19:40-04:00,1.5,5.440,7.800,7.800,7.640,8.540,7.010,6.970,7.800,nws-coastal-flood-product,7.800,nws_product,0.010,nws_grid,56,41,0,v0.10.6
2026-09-25T22:11:35Z,2026-09-26 08:01-04:00,13.8,5.500,8.700,8.700,8.300,9.800,7.080,6.740,8.700,nws-coastal-flood-product,8.700,nws_product,0.410,nws_grid,81,49,74,v0.10.6
2026-09-25T22:11:35Z,2026-09-26 20:18-04:00,26.1,5.470,7.900,7.900,7.870,8.970,7.040,6.510,7.900,nws-coastal-flood-product,7.900,nws_product,0.310,nws_grid,89,49,74,v0.10.6
2026-09-25T22:11:35Z,2026-09-27 08:37-04:00,38.4,5.740,7.900,7.900,7.440,8.940,7.320,6.630,7.900,nws-coastal-flood-product,7.900,nws_product,0.700,nws_grid,91,47,100,v0.10.6
2026-09-25T22:11:35Z,2026-09-27 20:58-04:00,50.8,5.400,7.000,7.000,6.600,7.500,6.970,6.180,7.000,nws-coastal-flood-product,7.000,nws_product,0.750,nws_grid,93,36,100,v0.10.6
2026-09-25T22:11:35Z,2026-09-28 09:15-04:00,63.1,5.890,7.300,7.300,6.890,7.590,7.460,6.600,7.300,nws-coastal-flood-product,7.300,nws_product,0.070,nws_grid,62,21,26,v0.10.6
2026-09-25T22:11:35Z,2026-09-28 21:40-04:00,75.5,5.220,,,6.020,6.420,6.800,5.880,,,6.220,petss_mid,0.000,nbm,13,13,26,v0.10.6
2026-09-25T22:11:35Z,2026-09-29 09:58-04:00,87.8,5.910,,,6.410,6.810,7.490,6.530,,,6.610,petss_mid,0.000,nbm,0,9,0,v0.10.6
2026-09-25T22:11:35Z,2026-09-29 22:28-04:00,100.3,4.990,,,,,6.560,5.580,,,5.650,guidance_decay,0.000,nbm,0,5,0,v0.10.6
2026-09-25T22:11:35Z,2026-09-30 10:47-04:00,112.6,5.830,,,,,7.400,6.400,,,6.450,guidance_decay,0.000,nbm,0,5,0,v0.10.6
2026-09-25T22:11:35Z,2026-09-30 23:23-04:00,125.2,4.730,,,,,6.300,5.290,,,5.330,guidance_decay,0.000,nbm,1,8,0,v0.10.6
2026-09-25T22:11:35Z,2026-10-01 11:44-04:00,137.5,5.660,,,,,7.230,6.210,,,6.240,guidance_decay,0.000,nbm,0,9,6,v0.10.6
2026-09-25T22:11:35Z,2026-10-02 00:27-04:00,150.3,4.530,,,,,6.100,5.070,,,5.090,guidance_decay,0.000,nbm,9,13,3,v0.10.6
2026-09-25T22:11:35Z,2026-10-02 12:48-04:00,162.6,5.480,,,,,7.050,6.020,,,6.040,guidance_decay,0.000,nbm,7,10,3,v0.10.6
2026-09-25T23:10:35Z,2026-09-25 19:40-04:00,0.5,5.440,7.800,7.800,7.640,8.540,7.220,7.200,7.800,nws-coastal-flood-product,7.800,nws_product,0.010,nws_grid,56,41,0,v0.10.6
2026-09-25T23:10:35Z,2026-09-26 08:01-04:00,12.8,5.500,8.700,8.700,8.300,9.800,7.280,6.900,8.700,nws-coastal-flood-product,8.700,nws_product,0.410,nws_grid,81,49,74,v0.10.6
2026-09-25T23:10:35Z,2026-09-26 20:18-04:00,25.1,5.470,7.900,7.900,7.870,8.970,7.250,6.620,7.900,nws-coastal-flood-product,7.900,nws_product,0.310,nws_grid,89,49,74,v0.10.6
2026-09-25T23:10:35Z,2026-09-27 08:37-04:00,37.4,5.740,7.900,7.900,7.440,8.940,7.520,6.710,7.900,nws-coastal-flood-product,7.900,nws_product,0.700,nws_grid,91,47,100,v0.10.6
2026-09-25T23:10:35Z,2026-09-27 20:58-04:00,49.8,5.400,7.000,7.000,6.600,7.500,7.170,6.240,7.000,nws-coastal-flood-product,7.000,nws_product,0.750,nws_grid,93,36,100,v0.10.6
2026-09-25T23:10:35Z,2026-09-28 09:15-04:00,62.1,5.890,7.300,7.300,6.890,7.590,7.660,6.640,7.300,nws-coastal-flood-product,7.300,nws_product,0.070,nws_grid,62,21,26,v0.10.6
2026-09-25T23:10:35Z,2026-09-28 21:40-04:00,74.5,5.220,,,6.020,6.420,7.000,5.910,,,6.220,petss_mid,0.000,nbm,13,13,26,v0.10.6
2026-09-25T23:10:35Z,2026-09-29 09:58-04:00,86.8,5.910,,,6.410,6.810,7.690,6.560,,,6.610,petss_mid,0.000,nbm,0,9,0,v0.10.6
2026-09-25T23:10:35Z,2026-09-29 22:28-04:00,99.3,4.990,,,,,6.760,5.600,,,5.650,guidance_decay,0.000,nbm,0,5,0,v0.10.6
2026-09-25T23:10:35Z,2026-09-30 10:47-04:00,111.6,5.830,,,,,7.600,6.410,,,6.450,guidance_decay,0.000,nbm,0,5,0,v0.10.6
2026-09-25T23:10:35Z,2026-09-30 23:23-04:00,124.2,4.730,,,,,6.510,5.300,,,5.330,guidance_decay,0.000,nbm,1,8,0,v0.10.6
2026-09-25T23:10:35Z,2026-10-01 11:44-04:00,136.6,5.660,,,,,7.440,6.220,,,6.240,guidance_decay,0.000,nbm,0,9,6,v0.10.6
2026-09-25T23:10:35Z,2026-10-02 00:27-04:00,149.3,4.530,,,,,6.300,5.080,,,5.090,guidance_decay,0.000,nbm,9,13,3,v0.10.6
2026-09-25T23:10:35Z,2026-10-02 12:48-04:00,161.6,5.480,,,,,7.260,6.030,,,6.040,guidance_decay,0.000,nbm,7,10,3,v0.10.6
2026-09-26T00:32:08Z,2026-09-26 08:01-04:00,11.5,5.500,8.700,8.700,8.300,9.800,7.880,7.370,8.700,nws-coastal-flood-product,8.700,nws_product,0.410,nws_grid,81,49,52,v0.10.6
2026-09-26T00:32:08Z,2026-09-26 20:18-04:00,23.8,5.470,7.900,7.900,7.870,8.970,7.850,6.950,7.900,nws-coastal-flood-product,7.900,nws_product,0.310,nws_grid,89,49,52,v0.10.6
2026-09-26T00:32:08Z,2026-09-27 08:37-04:00,36.1,5.740,7.900,7.900,7.440,8.940,8.120,6.950,7.900,nws-coastal-flood-product,7.900,nws_product,0.700,nws_grid,91,47,97,v0.10.6
2026-09-26T00:32:08Z,2026-09-27 20:58-04:00,48.4,5.400,7.000,7.000,6.600,7.500,7.770,6.410,7.000,nws-coastal-flood-product,7.000,nws_product,0.750,nws_grid,93,36,97,v0.10.6
2026-09-26T00:32:08Z,2026-09-28 09:15-04:00,60.7,5.890,7.300,7.300,6.890,7.590,8.260,6.760,7.300,nws-coastal-flood-product,7.300,nws_product,0.070,nws_grid,62,21,58,v0.10.6
2026-09-26T00:32:08Z,2026-09-28 21:40-04:00,73.1,5.220,,,6.020,6.420,7.600,6.000,,,6.220,petss_mid,0.000,nbm,13,13,58,v0.10.6
2026-09-26T00:32:08Z,2026-09-29 09:58-04:00,85.4,5.910,,,6.410,6.810,8.290,6.620,,,6.610,petss_mid,0.000,nbm,0,9,0,v0.10.6
2026-09-26T00:32:08Z,2026-09-29 22:28-04:00,97.9,4.990,,,,,7.360,5.640,,,5.650,guidance_decay,0.000,nbm,0,5,0,v0.10.6
2026-09-26T00:32:08Z,2026-09-30 10:47-04:00,110.2,5.830,,,,,8.200,6.440,,,6.450,guidance_decay,0.000,nbm,0,5,0,v0.10.6
2026-09-26T00:32:08Z,2026-09-30 23:23-04:00,122.8,4.730,,,,,7.110,5.320,,,5.330,guidance_decay,0.000,nbm,1,8,0,v0.10.6
2026-09-26T00:32:08Z,2026-10-01 11:44-04:00,135.2,5.660,,,,,8.040,6.230,,,6.240,guidance_decay,0.000,nbm,0,9,3,v0.10.6
2026-09-26T00:32:08Z,2026-10-02 00:27-04:00,147.9,4.530,,,,,6.900,5.090,,,5.090,guidance_decay,0.000,nbm,9,13,0,v0.10.6
2026-09-26T00:32:08Z,2026-10-02 12:48-04:00,160.3,5.480,,,,,7.860,6.030,,,6.040,guidance_decay,0.000,nbm,7,10,0,v0.10.6
2026-09-26T01:21:43Z,2026-09-26 08:01-04:00,10.7,5.500,8.700,8.700,8.300,9.800,8.190,7.630,8.700,nws-coastal-flood-product,8.700,nws_product,0.410,nws_grid,81,49,52,v0.10.6
2026-09-26T01:21:43Z,2026-09-26 20:18-04:00,22.9,5.470,7.900,7.900,7.870,8.970,8.160,7.140,7.900,nws-coastal-flood-product,7.900,nws_product,0.310,nws_grid,89,49,52,v0.10.6
2026-09-26T01:21:43Z,2026-09-27 08:37-04:00,35.3,5.740,7.900,7.900,7.440,8.940,8.430,7.080,7.900,nws-coastal-flood-product,7.900,nws_product,0.700,nws_grid,91,47,97,v0.10.6
2026-09-26T01:21:43Z,2026-09-27 20:58-04:00,47.6,5.400,7.000,7.000,6.600,7.500,8.080,6.500,7.000,nws-coastal-flood-product,7.000,nws_product,0.750,nws_grid,93,36,97,v0.10.6
2026-09-26T01:21:43Z,2026-09-28 09:15-04:00,59.9,5.890,7.300,7.300,6.890,7.590,8.570,6.820,7.300,nws-coastal-flood-product,7.300,nws_product,0.070,nws_grid,62,21,58,v0.10.6
2026-09-26T01:21:43Z,2026-09-28 21:40-04:00,72.3,5.220,,,6.020,6.420,7.910,6.040,,,6.220,petss_mid,0.000,nbm,13,13,58,v0.10.6
2026-09-26T01:21:43Z,2026-09-29 09:58-04:00,84.6,5.910,,,6.410,6.810,8.600,6.650,,,6.610,petss_mid,0.000,nbm,0,9,0,v0.10.6
2026-09-26T01:21:43Z,2026-09-29 22:28-04:00,97.1,4.990,,,,,7.670,5.660,,,5.650,guidance_decay,0.000,nbm,0,5,0,v0.10.6
2026-09-26T01:21:43Z,2026-09-30 10:47-04:00,109.4,5.830,,,,,8.510,6.460,,,6.450,guidance_decay,0.000,nbm,0,5,0,v0.10.6
2026-09-26T01:21:43Z,2026-09-30 23:23-04:00,122.0,4.730,,,,,7.420,5.330,,,5.330,guidance_decay,0.000,nbm,1,8,0,v0.10.6
2026-09-26T01:21:43Z,2026-10-01 11:44-04:00,134.4,5.660,,,,,8.350,6.240,,,6.240,guidance_decay,0.000,nbm,0,9,3,v0.10.6
2026-09-26T01:21:43Z,2026-10-02 00:27-04:00,147.1,4.530,,,,,7.210,5.090,,,5.090,guidance_decay,0.000,nbm,9,13,0,v0.10.6
2026-09-26T01:21:43Z,2026-10-02 12:48-04:00,159.4,5.480,,,,,8.170,6.040,,,6.040,guidance_decay,0.000,nbm,7,10,0,v0.10.6
2026-09-26T02:15:58Z,2026-09-26 08:01-04:00,9.8,5.500,8.700,8.700,8.300,9.800,8.250,7.720,8.700,nws-coastal-flood-product,8.700,nws_product,0.410,nws_grid,81,49,52,v0.10.6
2026-09-26T02:15:58Z,2026-09-26 20:18-04:00,22.0,5.470,7.900,7.900,7.870,8.970,8.220,7.200,7.900,nws-coastal-flood-product,7.900,nws_product,0.310,nws_grid,89,49,52,v0.10.6
2026-09-26T02:15:58Z,2026-09-27 08:37-04:00,34.4,5.740,7.900,7.900,7.440,8.940,8.490,7.120,7.900,nws-coastal-flood-product,7.900,nws_product,0.700,nws_grid,91,47,97,v0.10.6
2026-09-26T02:15:58Z,2026-09-27 20:58-04:00,46.7,5.400,7.000,7.000,6.600,7.500,8.150,6.530,7.000,nws-coastal-flood-product,7.000,nws_product,0.750,nws_grid,93,36,97,v0.10.6
2026-09-26T02:15:58Z,2026-09-28 09:15-04:00,59.0,5.890,7.300,7.300,6.890,7.590,8.640,6.850,7.300,nws-coastal-flood-product,7.300,nws_product,0.070,nws_grid,62,21,58,v0.10.6
2026-09-26T02:15:58Z,2026-09-28 21:40-04:00,71.4,5.220,,,6.020,6.420,7.970,6.060,6.060,surge-persistence,6.220,petss_mid,0.000,nbm,13,13,58,v0.10.6
2026-09-26T02:15:58Z,2026-09-29 09:58-04:00,83.7,5.910,,,6.410,6.810,8.660,6.660,,,6.610,petss_mid,0.000,nbm,0,9,0,v0.10.6
2026-09-26T02:15:58Z,2026-09-29 22:28-04:00,96.2,4.990,,,,,7.740,5.670,,,5.650,guidance_decay,0.000,nbm,0,5,0,v0.10.6
2026-09-26T02:15:58Z,2026-09-30 10:47-04:00,108.5,5.830,,,,,8.580,6.460,,,6.450,guidance_decay,0.000,nbm,0,5,0,v0.10.6
2026-09-26T02:15:58Z,2026-09-30 23:23-04:00,121.1,4.730,,,,,7.480,5.340,,,5.330,guidance_decay,0.000,nbm,1,8,0,v0.10.6
2026-09-26T02:15:58Z,2026-10-01 11:44-04:00,133.5,5.660,,,,,8.410,6.240,,,6.240,guidance_decay,0.000,nbm,0,9,3,v0.10.6
2026-09-26T02:15:58Z,2026-10-02 00:27-04:00,146.2,4.530,,,,,7.280,5.100,,,5.090,guidance_decay,0.000,nbm,9,13,0,v0.10.6
2026-09-26T02:15:58Z,2026-10-02 12:48-04:00,158.5,5.480,,,,,8.230,6.040,,,6.040,guidance_decay,0.000,nbm,7,10,0,v0.10.6
2026-09-26T03:13:55Z,2026-09-26 08:01-04:00,8.8,5.500,8.700,8.700,8.300,9.600,8.650,8.080,8.700,nws-coastal-flood-product,8.700,nws_product,0.410,nws_grid,81,49,52,v0.10.6
2026-09-26T03:13:55Z,2026-09-26 20:18-04:00,21.1,5.470,7.900,7.900,7.870,8.870,8.620,7.460,7.900,nws-coastal-flood-product,7.900,nws_product,0.310,nws_grid,89,49,52,v0.10.6
2026-09-26T03:13:55Z,2026-09-27 08:37-04:00,33.4,5.740,7.900,7.900,7.540,9.040,8.890,7.310,7.900,nws-coastal-flood-product,7.900,nws_product,0.700,nws_grid,91,47,97,v0.10.6
2026-09-26T03:13:55Z,2026-09-27 20:58-04:00,45.7,5.400,7.000,7.000,6.600,7.300,8.550,6.660,7.000,nws-coastal-flood-product,7.000,nws_product,0.750,nws_grid,93,36,97,v0.10.6
2026-09-26T03:13:55Z,2026-09-28 09:15-04:00,58.0,5.890,7.300,7.300,6.890,7.490,9.040,6.940,7.300,nws-coastal-flood-product,7.300,nws_product,0.070,nws_grid,62,21,58,v0.10.6
2026-09-26T03:13:55Z,2026-09-28 21:40-04:00,70.4,5.220,,,5.820,6.520,8.370,6.120,6.120,surge-persistence,6.170,petss_mid,0.000,nbm,13,13,58,v0.10.6
2026-09-26T03:13:55Z,2026-09-29 09:58-04:00,82.7,5.910,,,6.410,6.810,9.060,6.710,,,6.610,petss_mid,0.000,nbm,0,9,0,v0.10.6
2026-09-26T03:13:55Z,2026-09-29 22:28-04:00,95.2,4.990,,,,,8.140,5.700,,,5.680,guidance_decay,0.000,nbm,0,5,0,v0.10.6
2026-09-26T03:13:55Z,2026-09-30 10:47-04:00,107.6,5.830,,,,,8.970,6.490,,,6.470,guidance_decay,0.000,nbm,0,5,0,v0.10.6
2026-09-26T03:13:55Z,2026-09-30 23:23-04:00,120.2,4.730,,,,,7.880,5.350,,,5.340,guidance_decay,0.000,nbm,1,8,0,v0.10.6
2026-09-26T03:13:55Z,2026-10-01 11:44-04:00,132.5,5.660,,,,,8.810,6.260,,,6.250,guidance_decay,0.000,nbm,0,9,3,v0.10.6
2026-09-26T03:13:55Z,2026-10-02 00:27-04:00,145.2,4.530,,,,,7.680,5.100,,,5.100,guidance_decay,0.000,nbm,9,13,0,v0.10.6
2026-09-26T03:13:55Z,2026-10-02 12:48-04:00,157.6,5.480,,,,,8.630,6.040,,,6.040,guidance_decay,0.000,nbm,7,10,0,v0.10.6
2026-09-26T04:13:39Z,2026-09-26 08:01-04:00,7.8,5.500,8.700,8.700,8.300,9.600,8.660,8.140,8.700,nws-coastal-flood-product,8.700,nws_product,0.410,nws_grid,81,49,52,v0.10.6
2026-09-26T04:13:39Z,2026-09-26 20:18-04:00,20.1,5.470,7.900,7.900,7.870,8.870,8.630,7.500,7.900,nws-coastal-flood-product,7.900,nws_product,0.310,nws_grid,89,49,52,v0.10.6
2026-09-26T04:13:39Z,2026-09-27 08:37-04:00,32.4,5.740,7.900,7.900,7.540,9.040,8.900,7.340,7.900,nws-coastal-flood-product,7.900,nws_product,0.700,nws_grid,91,47,97,v0.10.6
2026-09-26T04:13:39Z,2026-09-27 20:58-04:00,44.7,5.400,7.000,7.000,6.600,7.300,8.550,6.680,7.000,nws-coastal-flood-product,7.000,nws_product,0.750,nws_grid,93,36,97,v0.10.6
2026-09-26T04:13:39Z,2026-09-28 09:15-04:00,57.0,5.890,7.300,7.300,6.890,7.490,9.040,6.950,7.300,nws-coastal-flood-product,7.300,nws_product,0.070,nws_grid,62,21,58,v0.10.6
2026-09-26T04:13:39Z,2026-09-28 21:40-04:00,69.4,5.220,,,5.820,6.520,8.380,6.140,6.140,surge-persistence,6.170,petss_mid,0.000,nbm,13,13,58,v0.10.6
2026-09-26T04:13:39Z,2026-09-29 09:58-04:00,81.7,5.910,,,6.410,6.810,9.070,6.710,,,6.610,petss_mid,0.000,nbm,0,9,0,v0.10.6
2026-09-26T04:13:39Z,2026-09-29 22:28-04:00,94.2,4.990,,,,,8.140,5.710,,,5.680,guidance_decay,0.000,nbm,0,5,0,v0.10.6
2026-09-26T04:13:39Z,2026-09-30 10:47-04:00,106.6,5.830,,,,,8.980,6.490,,,6.470,guidance_decay,0.000,nbm,0,5,0,v0.10.6
2026-09-26T04:13:39Z,2026-09-30 23:23-04:00,119.2,4.730,,,,,7.890,5.360,,,5.340,guidance_decay,0.000,nbm,1,8,0,v0.10.6
2026-09-26T04:13:39Z,2026-10-01 11:44-04:00,131.5,5.660,,,,,8.820,6.260,,,6.250,guidance_decay,0.000,nbm,0,9,3,v0.10.6
2026-09-26T04:13:39Z,2026-10-02 00:27-04:00,144.2,4.530,,,,,7.680,5.110,,,5.100,guidance_decay,0.000,nbm,9,13,0,v0.10.6
2026-09-26T04:13:39Z,2026-10-02 12:48-04:00,156.6,5.480,,,,,8.640,6.050,,,6.040,guidance_decay,0.000,nbm,7,10,0,v0.10.6
2026-09-26T05:11:30Z,2026-09-26 08:01-04:00,6.8,5.500,8.700,8.700,8.300,9.600,8.870,8.380,8.700,nws-coastal-flood-product,8.700,nws_product,0.410,nws_grid,81,49,52,v0.10.6
2026-09-26T05:11:30Z,2026-09-26 20:18-04:00,19.1,5.470,7.900,7.900,7.870,8.870,8.840,7.670,7.900,nws-coastal-flood-product,7.900,nws_product,0.310,nws_grid,89,49,52,v0.10.6
2026-09-26T05:11:30Z,2026-09-27 08:37-04:00,31.4,5.740,7.900,7.900,7.540,9.040,9.110,7.460,7.900,nws-coastal-flood-product,7.900,nws_product,0.700,nws_grid,91,47,97,v0.10.6
2026-09-26T05:11:30Z,2026-09-27 20:58-04:00,43.8,5.400,7.000,7.000,6.600,7.300,8.770,6.770,7.000,nws-coastal-flood-product,7.000,nws_product,0.750,nws_grid,93,36,97,v0.10.6
2026-09-26T05:11:30Z,2026-09-28 09:15-04:00,56.1,5.890,7.300,7.300,6.890,7.490,9.260,7.010,7.300,nws-coastal-flood-product,7.300,nws_product,0.070,nws_grid,62,21,58,v0.10.6
2026-09-26T05:11:30Z,2026-09-28 21:40-04:00,68.5,5.220,,,5.820,6.520,8.590,6.180,6.180,surge-persistence,6.170,petss_mid,0.000,nbm,13,13,58,v0.10.6
2026-09-26T05:11:30Z,2026-09-29 09:58-04:00,80.8,5.910,,,6.410,6.810,9.280,6.740,,,6.610,petss_mid,0.000,nbm,0,9,0,v0.10.6
2026-09-26T05:11:30Z,2026-09-29 22:28-04:00,93.3,4.990,,,,,8.360,5.730,,,5.680,guidance_decay,0.000,nbm,0,5,0,v0.10.6
2026-09-26T05:11:30Z,2026-09-30 10:47-04:00,105.6,5.830,,,,,9.200,6.510,,,6.470,guidance_decay,0.000,nbm,0,5,0,v0.10.6
2026-09-26T05:11:30Z,2026-09-30 23:23-04:00,118.2,4.730,,,,,8.100,5.370,,,5.340,guidance_decay,0.000,nbm,1,8,0,v0.10.6
2026-09-26T05:11:30Z,2026-10-01 11:44-04:00,130.5,5.660,,,,,9.030,6.270,,,6.250,guidance_decay,0.000,nbm,0,9,3,v0.10.6
2026-09-26T05:11:30Z,2026-10-02 00:27-04:00,143.3,4.530,,,,,7.900,5.110,,,5.100,guidance_decay,0.000,nbm,9,13,0,v0.10.6
2026-09-26T05:11:30Z,2026-10-02 12:48-04:00,155.6,5.480,,,,,8.850,6.050,,,6.040,guidance_decay,0.000,nbm,7,10,0,v0.10.6
2026-09-26T06:19:34Z,2026-09-26 08:01-04:00,5.7,5.500,8.700,8.700,8.300,9.600,9.290,8.800,8.700,nws-coastal-flood-product,8.700,nws_product,0.410,nws_grid,81,49,35,v0.10.6
2026-09-26T06:19:34Z,2026-09-26 20:18-04:00,18.0,5.470,7.900,7.900,7.870,8.870,9.260,7.970,7.900,nws-coastal-flood-product,7.900,nws_product,0.310,nws_grid,89,49,35,v0.10.6
2026-09-26T06:19:34Z,2026-09-27 08:37-04:00,30.3,5.740,7.900,7.900,7.540,9.040,9.530,7.670,7.900,nws-coastal-flood-product,7.900,nws_product,0.700,nws_grid,91,47,97,v0.10.6
2026-09-26T06:19:34Z,2026-09-27 20:58-04:00,42.6,5.400,7.000,7.000,6.600,7.300,9.180,6.920,7.000,nws-coastal-flood-product,7.000,nws_product,0.750,nws_grid,93,36,97,v0.10.6
2026-09-26T06:19:34Z,2026-09-28 09:15-04:00,54.9,5.890,7.300,7.300,6.890,7.490,9.670,7.120,7.300,nws-coastal-flood-product,7.300,nws_product,0.070,nws_grid,62,21,45,v0.10.6
2026-09-26T06:19:34Z,2026-09-28 21:40-04:00,67.3,5.220,,,5.820,6.520,9.010,6.250,6.250,surge-persistence,6.170,petss_mid,0.000,nbm,13,13,45,v0.10.6
2026-09-26T06:19:34Z,2026-09-29 09:58-04:00,79.6,5.910,,,6.410,6.810,9.700,6.800,,,6.610,petss_mid,0.000,nbm,0,9,0,v0.10.6
2026-09-26T06:19:34Z,2026-09-29 22:28-04:00,92.1,4.990,,,,,8.770,5.770,,,5.680,guidance_decay,0.000,nbm,0,5,0,v0.10.6
2026-09-26T06:19:34Z,2026-09-30 10:47-04:00,104.5,5.830,,,,,9.610,6.530,,,6.470,guidance_decay,0.000,nbm,0,5,0,v0.10.6
2026-09-26T06:19:34Z,2026-09-30 23:23-04:00,117.1,4.730,,,,,8.520,5.390,,,5.340,guidance_decay,0.000,nbm,1,8,0,v0.10.6
2026-09-26T06:19:34Z,2026-10-01 11:44-04:00,129.4,5.660,,,,,9.440,6.280,,,6.250,guidance_decay,0.000,nbm,0,9,0,v0.10.6
2026-09-26T06:19:34Z,2026-10-02 00:27-04:00,142.1,4.530,,,,,8.310,5.120,,,5.100,guidance_decay,0.000,nbm,9,13,0,v0.10.6
2026-09-26T06:19:34Z,2026-10-02 12:48-04:00,154.5,5.480,,,,,9.270,6.060,,,6.040,guidance_decay,0.000,nbm,7,10,0,v0.10.6
2026-09-26T06:19:34Z,2026-10-03 01:32-04:00,167.2,4.430,,,,,8.220,4.990,,,4.980,guidance_decay,0.000,nbm,12,,3,v0.10.6
2026-09-26T07:12:03Z,2026-09-26 08:01-04:00,4.8,5.500,8.700,8.700,8.300,9.600,9.150,8.760,8.700,nws-coastal-flood-product,8.700,nws_product,0.410,nws_grid,81,49,35,v0.10.6
2026-09-26T07:12:03Z,2026-09-26 20:18-04:00,17.1,5.470,7.900,7.900,7.870,8.870,9.120,7.940,7.900,nws-coastal-flood-product,7.900,nws_product,0.310,nws_grid,89,49,35,v0.10.6
2026-09-26T07:12:03Z,2026-09-27 08:37-04:00,29.4,5.740,7.900,7.900,7.540,9.040,9.390,7.650,7.900,nws-coastal-flood-product,7.900,nws_product,0.700,nws_grid,91,47,97,v0.10.6
2026-09-26T07:12:03Z,2026-09-27 20:58-04:00,41.8,5.400,7.000,7.000,6.600,7.300,9.050,6.900,7.000,nws-coastal-flood-product,7.000,nws_product,0.750,nws_grid,93,36,97,v0.10.6
2026-09-26T07:12:03Z,2026-09-28 09:15-04:00,54.0,5.890,7.300,7.300,6.890,7.490,9.540,7.110,7.300,nws-coastal-flood-product,7.300,nws_product,0.070,nws_grid,62,21,45,v0.10.6
2026-09-26T07:12:03Z,2026-09-28 21:40-04:00,66.5,5.220,,,5.820,6.520,8.870,6.250,6.250,surge-persistence,6.170,petss_mid,0.000,nbm,13,13,45,v0.10.6
2026-09-26T07:12:03Z,2026-09-29 09:58-04:00,78.8,5.910,,,6.410,6.810,9.560,6.790,,,6.610,petss_mid,0.000,nbm,0,9,0,v0.10.6
2026-09-26T07:12:03Z,2026-09-29 22:28-04:00,91.3,4.990,,,,,8.640,5.760,,,5.680,guidance_decay,0.000,nbm,0,5,0,v0.10.6
2026-09-26T07:12:03Z,2026-09-30 10:47-04:00,103.6,5.830,,,,,9.480,6.530,,,6.470,guidance_decay,0.000,nbm,0,5,0,v0.10.6
2026-09-26T07:12:03Z,2026-09-30 23:23-04:00,116.2,4.730,,,,,8.380,5.390,,,5.340,guidance_decay,0.000,nbm,1,8,0,v0.10.6
2026-09-26T07:12:03Z,2026-10-01 11:44-04:00,128.5,5.660,,,,,9.310,6.280,,,6.250,guidance_decay,0.000,nbm,0,9,0,v0.10.6
2026-09-26T07:12:03Z,2026-10-02 00:27-04:00,141.2,4.530,,,,,8.180,5.120,,,5.100,guidance_decay,0.000,nbm,9,13,0,v0.10.6
2026-09-26T07:12:03Z,2026-10-02 12:48-04:00,153.6,5.480,,,,,9.130,6.060,,,6.040,guidance_decay,0.000,nbm,7,10,0,v0.10.6
2026-09-26T07:12:03Z,2026-10-03 01:32-04:00,166.3,4.430,,,,,8.080,4.990,,,4.980,guidance_decay,0.000,nbm,12,,3,v0.10.6
2026-09-26T08:15:47Z,2026-09-26 08:01-04:00,3.8,5.500,8.700,8.700,8.300,9.600,9.120,8.800,8.700,nws-coastal-flood-product,8.700,nws_product,0.410,nws_grid,81,49,35,v0.10.6
2026-09-26T08:15:47Z,2026-09-26 20:18-04:00,16.0,5.470,7.900,7.900,7.870,8.870,9.090,7.970,7.900,nws-coastal-flood-product,7.900,nws_product,0.310,nws_grid,89,49,35,v0.10.6
2026-09-26T08:15:47Z,2026-09-27 08:37-04:00,28.4,5.740,7.900,7.900,7.540,9.040,9.360,7.670,7.900,nws-coastal-flood-product,7.900,nws_product,0.700,nws_grid,91,47,97,v0.10.6
2026-09-26T08:15:47Z,2026-09-27 20:58-04:00,40.7,5.400,7.000,7.000,6.600,7.300,9.010,6.920,7.000,nws-coastal-flood-product,7.000,nws_product,0.750,nws_grid,93,36,97,v0.10.6
2026-09-26T08:15:47Z,2026-09-28 09:15-04:00,53.0,5.890,7.300,7.300,6.890,7.490,9.500,7.120,7.300,nws-coastal-flood-product,7.300,nws_product,0.070,nws_grid,62,21,45,v0.10.6
2026-09-26T08:15:47Z,2026-09-28 21:40-04:00,65.4,5.220,,,5.820,6.520,8.840,6.250,6.250,surge-persistence,6.170,petss_mid,0.000,nbm,13,13,45,v0.10.6
2026-09-26T08:15:47Z,2026-09-29 09:58-04:00,77.7,5.910,,,6.410,6.810,9.530,6.800,,,6.610,petss_mid,0.000,nbm,0,9,0,v0.10.6
2026-09-26T08:15:47Z,2026-09-29 22:28-04:00,90.2,4.990,,,,,8.600,5.770,,,5.680,guidance_decay,0.000,nbm,0,5,0,v0.10.6
2026-09-26T08:15:47Z,2026-09-30 10:47-04:00,102.5,5.830,,,,,9.440,6.530,,,6.470,guidance_decay,0.000,nbm,0,5,0,v0.10.6
2026-09-26T08:15:47Z,2026-09-30 23:23-04:00,115.1,4.730,,,,,8.340,5.390,,,5.340,guidance_decay,0.000,nbm,1,8,0,v0.10.6
2026-09-26T08:15:47Z,2026-10-01 11:44-04:00,127.5,5.660,,,,,9.270,6.280,,,6.250,guidance_decay,0.000,nbm,0,9,0,v0.10.6
2026-09-26T08:15:47Z,2026-10-02 00:27-04:00,140.2,4.530,,,,,8.140,5.120,,,5.100,guidance_decay,0.000,nbm,9,13,0,v0.10.6
2026-09-26T08:15:47Z,2026-10-02 12:48-04:00,152.5,5.480,,,,,9.090,6.060,,,6.040,guidance_decay,0.000,nbm,7,10,0,v0.10.6
2026-09-26T08:15:47Z,2026-10-03 01:32-04:00,165.3,4.430,,,,,8.040,4.990,,,4.980,guidance_decay,0.000,nbm,12,,3,v0.10.6
2026-09-26T09:12:02Z,2026-09-26 08:01-04:00,2.8,5.500,8.900,8.900,8.100,9.400,8.930,8.710,8.900,nws-coastal-flood-product,8.900,nws_product,0.170,nws_grid,90,49,35,v0.10.6
2026-09-26T09:12:02Z,2026-09-26 20:18-04:00,15.1,5.470,7.900,7.900,7.670,8.770,8.900,7.900,7.900,nws-coastal-flood-product,7.900,nws_product,0.280,nws_grid,69,49,35,v0.10.6
2026-09-26T09:12:02Z,2026-09-27 08:37-04:00,27.4,5.740,7.900,7.900,7.140,8.640,9.170,7.620,7.900,nws-coastal-flood-product,7.900,nws_product,0.260,nws_grid,91,47,97,v0.10.6
2026-09-26T09:12:02Z,2026-09-27 20:58-04:00,39.8,5.400,6.900,6.900,6.500,7.200,8.820,6.880,6.900,nws-coastal-flood-product,6.900,nws_product,0.280,nws_grid,95,36,97,v0.10.6
2026-09-26T09:12:02Z,2026-09-28 09:15-04:00,52.0,5.890,7.000,7.000,6.690,7.290,9.310,7.100,7.000,nws-coastal-flood-product,7.000,nws_product,0.040,nws_grid,58,20,45,v0.10.6
2026-09-26T09:12:02Z,2026-09-28 21:40-04:00,64.5,5.220,6.200,6.200,5.920,6.520,8.650,6.240,6.200,nws-coastal-flood-product,6.200,nws_product,0.000,nws_grid,6,13,45,v0.10.6
2026-09-26T09:12:02Z,2026-09-29 09:58-04:00,76.8,5.910,,,6.410,6.910,9.340,6.790,,,6.660,petss_mid,0.000,nbm,1,9,0,v0.10.6
2026-09-26T09:12:02Z,2026-09-29 22:28-04:00,89.3,4.990,,,5.390,5.690,8.410,5.760,,,5.540,petss_mid,0.000,nbm,0,6,0,v0.10.6
2026-09-26T09:12:02Z,2026-09-30 10:47-04:00,101.6,5.830,,,,,9.250,6.530,,,6.330,guidance_decay,0.000,nbm,0,6,0,v0.10.6
2026-09-26T09:12:02Z,2026-09-30 23:23-04:00,114.2,4.730,,,,,8.160,5.380,,,5.250,guidance_decay,0.000,nbm,2,9,0,v0.10.6
2026-09-26T09:12:02Z,2026-10-01 11:44-04:00,126.5,5.660,,,,,9.090,6.280,,,6.180,guidance_decay,0.000,nbm,2,8,0,v0.10.6
2026-09-26T09:12:02Z,2026-10-02 00:27-04:00,139.2,4.530,,,,,7.950,5.120,,,5.050,guidance_decay,0.000,nbm,10,12,0,v0.10.6
2026-09-26T09:12:02Z,2026-10-02 12:48-04:00,151.6,5.480,,,,,8.910,6.050,,,6.010,guidance_decay,0.000,nbm,10,13,0,v0.10.6
2026-09-26T09:12:02Z,2026-10-03 01:32-04:00,164.3,4.430,,,,,7.860,4.990,,,4.960,guidance_decay,0.000,nbm,12,12,3,v0.10.6
2026-09-26T10:10:45Z,2026-09-26 08:01-04:00,1.8,5.500,8.900,8.900,8.100,9.400,8.630,8.490,8.900,nws-coastal-flood-product,8.900,nws_product,0.170,nws_grid,90,49,35,v0.10.6
2026-09-26T10:10:45Z,2026-09-26 20:18-04:00,14.1,5.470,7.900,7.900,7.670,8.770,8.600,7.750,7.900,nws-coastal-flood-product,7.900,nws_product,0.280,nws_grid,69,49,35,v0.10.6
2026-09-26T10:10:45Z,2026-09-27 08:37-04:00,26.4,5.740,7.900,7.900,7.140,8.640,8.870,7.510,7.900,nws-coastal-flood-product,7.900,nws_product,0.260,nws_grid,91,47,97,v0.10.6
2026-09-26T10:10:45Z,2026-09-27 20:58-04:00,38.8,5.400,6.900,6.900,6.500,7.200,8.520,6.810,6.900,nws-coastal-flood-product,6.900,nws_product,0.280,nws_grid,95,36,97,v0.10.6
2026-09-26T10:10:45Z,2026-09-28 09:15-04:00,51.1,5.890,7.000,7.000,6.690,7.290,9.010,7.040,7.000,nws-coastal-flood-product,7.000,nws_product,0.040,nws_grid,58,20,45,v0.10.6
2026-09-26T10:10:45Z,2026-09-28 21:40-04:00,63.5,5.220,6.200,6.200,5.920,6.520,8.350,6.200,6.200,nws-coastal-flood-product,6.200,nws_product,0.000,nws_grid,6,13,45,v0.10.6
2026-09-26T10:10:45Z,2026-09-29 09:58-04:00,75.8,5.910,,,6.410,6.910,9.040,6.760,,,6.660,petss_mid,0.000,nbm,1,9,0,v0.10.6
2026-09-26T10:10:45Z,2026-09-29 22:28-04:00,88.3,4.990,,,5.390,5.690,8.110,5.740,,,5.540,petss_mid,0.000,nbm,0,6,0,v0.10.6
2026-09-26T10:10:45Z,2026-09-30 10:47-04:00,100.6,5.830,,,,,8.950,6.510,,,6.330,guidance_decay,0.000,nbm,0,6,0,v0.10.6
2026-09-26T10:10:45Z,2026-09-30 23:23-04:00,113.2,4.730,,,,,7.860,5.370,,,5.250,guidance_decay,0.000,nbm,2,9,0,v0.10.6
2026-09-26T10:10:45Z,2026-10-01 11:44-04:00,125.6,5.660,,,,,8.790,6.270,,,6.180,guidance_decay,0.000,nbm,2,8,0,v0.10.6
2026-09-26T10:10:45Z,2026-10-02 00:27-04:00,138.3,4.530,,,,,7.650,5.110,,,5.050,guidance_decay,0.000,nbm,10,12,0,v0.10.6
2026-09-26T10:10:45Z,2026-10-02 12:48-04:00,150.6,5.480,,,,,8.610,6.050,,,6.010,guidance_decay,0.000,nbm,10,13,0,v0.10.6
2026-09-26T10:10:45Z,2026-10-03 01:32-04:00,163.4,4.430,,,,,7.560,4.990,,,4.960,guidance_decay,0.000,nbm,12,12,3,v0.10.6
2026-09-26T10:40:12Z,2026-09-26 08:01-04:00,1.3,5.500,8.900,8.900,8.100,9.400,8.950,8.830,8.900,nws-coastal-flood-product,8.900,nws_product,0.170,nws_grid,90,49,35,v0.10.6
2026-09-26T10:40:12Z,2026-09-26 20:18-04:00,13.6,5.470,7.900,7.900,7.670,8.770,8.920,7.990,7.900,nws-coastal-flood-product,7.900,nws_product,0.280,nws_grid,69,49,35,v0.10.6
2026-09-26T10:40:12Z,2026-09-27 08:37-04:00,25.9,5.740,7.900,7.900,7.140,8.640,9.190,7.690,7.900,nws-coastal-flood-product,7.900,nws_product,0.260,nws_grid,91,47,97,v0.10.6
2026-09-26T10:40:12Z,2026-09-27 20:58-04:00,38.3,5.400,6.900,6.900,6.500,7.200,8.840,6.930,6.900,nws-coastal-flood-product,6.900,nws_product,0.280,nws_grid,95,36,97,v0.10.6
2026-09-26T10:40:12Z,2026-09-28 09:15-04:00,50.6,5.890,7.000,7.000,6.690,7.290,9.330,7.130,7.000,nws-coastal-flood-product,7.000,nws_product,0.040,nws_grid,58,20,45,v0.10.6
2026-09-26T10:40:12Z,2026-09-28 21:40-04:00,63.0,5.220,6.200,6.200,5.920,6.520,8.670,6.260,6.200,nws-coastal-flood-product,6.200,nws_product,0.000,nws_grid,6,13,45,v0.10.6
2026-09-26T10:40:12Z,2026-09-29 09:58-04:00,75.3,5.910,,,6.410,6.910,9.360,6.800,,,6.660,petss_mid,0.000,nbm,1,9,0,v0.10.6
2026-09-26T10:40:12Z,2026-09-29 22:28-04:00,87.8,4.990,,,5.390,5.690,8.430,5.770,,,5.540,petss_mid,0.000,nbm,0,6,0,v0.10.6
2026-09-26T10:40:12Z,2026-09-30 10:47-04:00,100.1,5.830,,,,,9.270,6.540,,,6.330,guidance_decay,0.000,nbm,0,6,0,v0.10.6
2026-09-26T10:40:12Z,2026-09-30 23:23-04:00,112.7,4.730,,,,,8.180,5.390,,,5.250,guidance_decay,0.000,nbm,2,9,0,v0.10.6
2026-09-26T10:40:12Z,2026-10-01 11:44-04:00,125.1,5.660,,,,,9.110,6.280,,,6.180,guidance_decay,0.000,nbm,2,8,0,v0.10.6
2026-09-26T10:40:12Z,2026-10-02 00:27-04:00,137.8,4.530,,,,,7.970,5.120,,,5.050,guidance_decay,0.000,nbm,10,12,0,v0.10.6
2026-09-26T10:40:12Z,2026-10-02 12:48-04:00,150.1,5.480,,,,,8.930,6.060,,,6.010,guidance_decay,0.000,nbm,10,13,0,v0.10.6
2026-09-26T10:40:12Z,2026-10-03 01:32-04:00,162.9,4.430,,,,,7.880,4.990,,,4.960,guidance_decay,0.000,nbm,12,12,3,v0.10.6
2026-09-26T12:16:03Z,2026-09-26 20:18-04:00,12.0,5.470,7.900,7.900,7.670,8.770,8.610,7.860,7.900,nws-coastal-flood-product,7.900,nws_product,0.280,nws_grid,69,49,10,v0.10.6
2026-09-26T12:16:03Z,2026-09-27 08:37-04:00,24.3,5.740,7.900,7.900,7.140,8.640,8.880,7.590,7.900,nws-coastal-flood-product,7.900,nws_product,0.260,nws_grid,91,47,97,v0.10.6
2026-09-26T12:16:03Z,2026-09-27 20:58-04:00,36.7,5.400,6.900,6.900,6.500,7.200,8.530,6.860,6.900,nws-coastal-flood-product,6.900,nws_product,0.280,nws_grid,95,36,97,v0.10.6
2026-09-26T12:16:03Z,2026-09-28 09:15-04:00,49.0,5.890,7.000,7.000,6.690,7.290,9.020,7.080,7.000,nws-coastal-flood-product,7.000,nws_product,0.040,nws_grid,58,20,32,v0.10.6
2026-09-26T12:16:03Z,2026-09-28 21:40-04:00,61.4,5.220,6.200,6.200,5.920,6.520,8.360,6.230,6.200,nws-coastal-flood-product,6.200,nws_product,0.000,nws_grid,6,13,32,v0.10.6
2026-09-26T12:16:03Z,2026-09-29 09:58-04:00,73.7,5.910,,,6.410,6.910,9.050,6.780,,,6.660,petss_mid,0.000,nbm,1,9,3,v0.10.6
2026-09-26T12:16:03Z,2026-09-29 22:28-04:00,86.2,4.990,,,5.390,5.690,8.120,5.750,,,5.540,petss_mid,0.000,nbm,0,6,3,v0.10.6
2026-09-26T12:16:03Z,2026-09-30 10:47-04:00,98.5,5.830,,,,,8.960,6.520,,,6.330,guidance_decay,0.000,nbm,0,6,0,v0.10.6
2026-09-26T12:16:03Z,2026-09-30 23:23-04:00,111.1,4.730,,,,,7.870,5.380,,,5.250,guidance_decay,0.000,nbm,2,9,0,v0.10.6
2026-09-26T12:16:03Z,2026-10-01 11:44-04:00,123.5,5.660,,,,,8.790,6.270,,,6.180,guidance_decay,0.000,nbm,2,8,0,v0.10.6
2026-09-26T12:16:03Z,2026-10-02 00:27-04:00,136.2,4.530,,,,,7.660,5.120,,,5.050,guidance_decay,0.000,nbm,10,12,0,v0.10.6
2026-09-26T12:16:03Z,2026-10-02 12:48-04:00,148.5,5.480,,,,,8.620,6.050,,,6.010,guidance_decay,0.000,nbm,10,13,0,v0.10.6
2026-09-26T12:16:03Z,2026-10-03 01:32-04:00,161.3,4.430,,,,,7.570,4.990,,,4.960,guidance_decay,0.000,nbm,12,12,6,v0.10.6
2026-09-26T13:09:44Z,2026-09-26 20:18-04:00,11.1,5.470,7.900,7.900,7.670,8.770,8.890,8.120,7.900,nws-coastal-flood-product,7.900,nws_product,0.280,nws_grid,69,49,10,v0.10.6
2026-09-26T13:09:44Z,2026-09-27 08:37-04:00,23.5,5.740,7.900,7.900,7.140,8.640,9.160,7.770,7.900,nws-coastal-flood-product,7.900,nws_product,0.260,nws_grid,91,47,97,v0.10.6
2026-09-26T13:09:44Z,2026-09-27 20:58-04:00,35.8,5.400,6.900,6.900,6.500,7.200,8.820,6.990,6.900,nws-coastal-flood-product,6.900,nws_product,0.280,nws_grid,95,36,97,v0.10.6
2026-09-26T13:09:44Z,2026-09-28 09:15-04:00,48.1,5.890,7.000,7.000,6.690,7.290,9.310,7.170,7.000,nws-coastal-flood-product,7.000,nws_product,0.040,nws_grid,58,20,32,v0.10.6
2026-09-26T13:09:44Z,2026-09-28 21:40-04:00,60.5,5.220,6.200,6.200,5.920,6.520,8.650,6.290,6.200,nws-coastal-flood-product,6.200,nws_product,0.000,nws_grid,6,13,32,v0.10.6
2026-09-26T13:09:44Z,2026-09-29 09:58-04:00,72.8,5.910,,,6.410,6.910,9.340,6.820,,,6.660,petss_mid,0.000,nbm,1,9,3,v0.10.6
2026-09-26T13:09:44Z,2026-09-29 22:28-04:00,85.3,4.990,,,5.390,5.690,8.410,5.790,,,5.540,petss_mid,0.000,nbm,0,6,3,v0.10.6
2026-09-26T13:09:44Z,2026-09-30 10:47-04:00,97.6,5.830,,,,,9.250,6.550,,,6.330,guidance_decay,0.000,nbm,0,6,0,v0.10.6
2026-09-26T13:09:44Z,2026-09-30 23:23-04:00,110.2,4.730,,,,,8.150,5.400,,,5.250,guidance_decay,0.000,nbm,2,9,0,v0.10.6
2026-09-26T13:09:44Z,2026-10-01 11:44-04:00,122.6,5.660,,,,,9.080,6.290,,,6.180,guidance_decay,0.000,nbm,2,8,0,v0.10.6
2026-09-26T13:09:44Z,2026-10-02 00:27-04:00,135.3,4.530,,,,,7.950,5.130,,,5.050,guidance_decay,0.000,nbm,10,12,0,v0.10.6
2026-09-26T13:09:44Z,2026-10-02 12:48-04:00,147.6,5.480,,,,,8.900,6.060,,,6.010,guidance_decay,0.000,nbm,10,13,0,v0.10.6
2026-09-26T13:09:44Z,2026-10-03 01:32-04:00,160.4,4.430,,,,,7.850,4.990,,,4.960,guidance_decay,0.000,nbm,12,12,6,v0.10.6
2026-09-26T14:10:45Z,2026-09-26 20:18-04:00,10.1,5.470,7.900,7.900,7.670,8.770,9.230,8.430,7.900,nws-coastal-flood-product,7.900,nws_product,0.280,nws_grid,69,49,10,v0.10.6
2026-09-26T14:10:45Z,2026-09-27 08:37-04:00,22.4,5.740,7.900,7.900,7.140,8.640,9.500,8.000,7.900,nws-coastal-flood-product,7.900,nws_product,0.260,nws_grid,91,47,97,v0.10.6
2026-09-26T14:10:45Z,2026-09-27 20:58-04:00,34.8,5.400,6.900,6.900,6.500,7.200,9.150,7.150,6.900,nws-coastal-flood-product,6.900,nws_product,0.280,nws_grid,95,36,97,v0.10.6
2026-09-26T14:10:45Z,2026-09-28 09:15-04:00,47.1,5.890,7.000,7.000,6.690,7.290,9.640,7.290,7.000,nws-coastal-flood-product,7.000,nws_product,0.040,nws_grid,58,20,32,v0.10.6
2026-09-26T14:10:45Z,2026-09-28 21:40-04:00,59.5,5.220,6.200,6.200,5.920,6.520,8.980,6.370,6.200,nws-coastal-flood-product,6.200,nws_product,0.000,nws_grid,6,13,32,v0.10.6
2026-09-26T14:10:45Z,2026-09-29 09:58-04:00,71.8,5.910,,,6.410,6.910,9.670,6.880,6.880,surge-persistence,6.660,petss_mid,0.000,nbm,1,9,3,v0.10.6
2026-09-26T14:10:45Z,2026-09-29 22:28-04:00,84.3,4.990,,,5.390,5.690,8.740,5.830,,,5.540,petss_mid,0.000,nbm,0,6,3,v0.10.6
2026-09-26T14:10:45Z,2026-09-30 10:47-04:00,96.6,5.830,,,,,9.580,6.580,,,6.330,guidance_decay,0.000,nbm,0,6,0,v0.10.6
2026-09-26T14:10:45Z,2026-09-30 23:23-04:00,109.2,4.730,,,,,8.490,5.420,,,5.250,guidance_decay,0.000,nbm,2,9,0,v0.10.6
2026-09-26T14:10:45Z,2026-10-01 11:44-04:00,121.6,5.660,,,,,9.420,6.300,,,6.180,guidance_decay,0.000,nbm,2,8,0,v0.10.6
2026-09-26T14:10:45Z,2026-10-02 00:27-04:00,134.3,4.530,,,,,8.280,5.140,,,5.050,guidance_decay,0.000,nbm,10,12,0,v0.10.6
2026-09-26T14:10:45Z,2026-10-02 12:48-04:00,146.6,5.480,,,,,9.240,6.070,,,6.010,guidance_decay,0.000,nbm,10,13,0,v0.10.6
2026-09-26T14:10:45Z,2026-10-03 01:32-04:00,159.4,4.430,,,,,8.190,5.000,,,4.960,guidance_decay,0.000,nbm,12,12,6,v0.10.6
2026-09-26T15:10:48Z,2026-09-26 20:18-04:00,9.1,5.470,7.900,7.900,7.570,8.170,9.280,8.540,7.900,nws-coastal-flood-product,7.900,nws_product,0.280,nws_grid,69,49,10,v0.10.6
2026-09-26T15:10:48Z,2026-09-27 08:37-04:00,21.4,5.740,7.900,7.900,6.940,8.140,9.560,8.080,7.900,nws-coastal-flood-product,7.900,nws_product,0.260,nws_grid,91,47,97,v0.10.6
2026-09-26T15:10:48Z,2026-09-27 20:58-04:00,33.8,5.400,6.900,6.900,6.300,7.100,9.210,7.210,6.900,nws-coastal-flood-product,6.900,nws_product,0.280,nws_grid,95,36,97,v0.10.6
2026-09-26T15:10:48Z,2026-09-28 09:15-04:00,46.1,5.890,7.000,7.000,6.590,6.990,9.700,7.330,7.000,nws-coastal-flood-product,7.000,nws_product,0.040,nws_grid,58,20,32,v0.10.6
2026-09-26T15:10:48Z,2026-09-28 21:40-04:00,58.5,5.220,6.200,6.200,5.820,6.220,9.040,6.400,6.200,nws-coastal-flood-product,6.200,nws_product,0.000,nws_grid,6,13,32,v0.10.6
2026-09-26T15:10:48Z,2026-09-29 09:58-04:00,70.8,5.910,,,6.310,6.810,9.730,6.900,6.900,surge-persistence,6.560,petss_mid,0.000,nbm,1,9,3,v0.10.6
2026-09-26T15:10:48Z,2026-09-29 22:28-04:00,83.3,4.990,,,5.290,5.590,8.800,5.840,,,5.440,petss_mid,0.000,nbm,0,6,3,v0.10.6
2026-09-26T15:10:48Z,2026-09-30 10:47-04:00,95.6,5.830,,,,,9.640,6.590,,,6.240,guidance_decay,0.000,nbm,0,6,0,v0.10.6
2026-09-26T15:10:48Z,2026-09-30 23:23-04:00,108.2,4.730,,,,,8.540,5.420,,,5.180,guidance_decay,0.000,nbm,2,9,0,v0.10.6
2026-09-26T15:10:48Z,2026-10-01 11:44-04:00,120.6,5.660,,,,,9.470,6.310,,,6.130,guidance_decay,0.000,nbm,2,8,0,v0.10.6
2026-09-26T15:10:48Z,2026-10-02 00:27-04:00,133.3,4.530,,,,,8.340,5.140,,,5.020,guidance_decay,0.000,nbm,10,12,0,v0.10.6
2026-09-26T15:10:48Z,2026-10-02 12:48-04:00,145.6,5.480,,,,,9.290,6.070,,,5.980,guidance_decay,0.000,nbm,10,13,0,v0.10.6
2026-09-26T15:10:48Z,2026-10-03 01:32-04:00,158.4,4.430,,,,,8.240,5.000,,,4.940,guidance_decay,0.000,nbm,12,12,6,v0.10.6
2026-09-26T16:12:36Z,2026-09-26 20:18-04:00,8.1,5.470,8.000,8.000,7.570,8.170,9.160,8.510,8.000,nws-coastal-flood-product,8.000,nws_product,0.280,nws_grid,69,49,10,v0.10.6
2026-09-26T16:12:36Z,2026-09-27 08:37-04:00,20.4,5.740,7.800,7.800,6.940,8.140,9.430,8.060,7.800,nws-coastal-flood-product,7.800,nws_product,0.260,nws_grid,91,47,97,v0.10.6
2026-09-26T16:12:36Z,2026-09-27 20:58-04:00,32.8,5.400,6.900,6.900,6.300,7.100,9.080,7.190,6.900,nws-coastal-flood-product,6.900,nws_product,0.280,nws_grid,95,36,97,v0.10.6
2026-09-26T16:12:36Z,2026-09-28 09:15-04:00,45.0,5.890,6.900,6.900,6.590,6.990,9.570,7.320,6.900,nws-coastal-flood-product,6.900,nws_product,0.040,nws_grid,58,20,32,v0.10.6
2026-09-26T16:12:36Z,2026-09-28 21:40-04:00,57.5,5.220,6.200,6.200,5.820,6.220,8.910,6.390,6.200,nws-coastal-flood-product,6.200,nws_product,0.000,nws_grid,6,13,32,v0.10.6
2026-09-26T16:12:36Z,2026-09-29 09:58-04:00,69.8,5.910,,6.800,6.310,6.810,9.600,6.900,6.900,surge-persistence,6.800,nwps,0.000,nbm,1,9,3,v0.10.6
2026-09-26T16:12:36Z,2026-09-29 22:28-04:00,82.3,4.990,,,5.290,5.590,8.670,5.840,,,5.440,petss_mid,0.000,nbm,0,6,3,v0.10.6
2026-09-26T16:12:36Z,2026-09-30 10:47-04:00,94.6,5.830,,,,,9.510,6.580,,,6.240,guidance_decay,0.000,nbm,0,6,0,v0.10.6
2026-09-26T16:12:36Z,2026-09-30 23:23-04:00,107.2,4.730,,,,,8.410,5.420,,,5.180,guidance_decay,0.000,nbm,2,9,0,v0.10.6
2026-09-26T16:12:36Z,2026-10-01 11:44-04:00,119.5,5.660,,,,,9.340,6.300,,,6.130,guidance_decay,0.000,nbm,2,8,0,v0.10.6
2026-09-26T16:12:36Z,2026-10-02 00:27-04:00,132.2,4.530,,,,,8.210,5.140,,,5.020,guidance_decay,0.000,nbm,10,12,0,v0.10.6
2026-09-26T16:12:36Z,2026-10-02 12:48-04:00,144.6,5.480,,,,,9.160,6.070,,,5.980,guidance_decay,0.000,nbm,10,13,0,v0.10.6
2026-09-26T16:12:36Z,2026-10-03 01:32-04:00,157.3,4.430,,,,,8.110,5.000,,,4.940,guidance_decay,0.000,nbm,12,12,6,v0.10.6
2026-09-26T17:09:44Z,2026-09-26 20:18-04:00,7.1,5.470,8.000,8.000,7.570,8.170,8.910,8.380,8.000,nws-coastal-flood-product,8.000,nws_product,0.280,nws_grid,69,49,10,v0.10.6
2026-09-26T17:09:44Z,2026-09-27 08:37-04:00,19.5,5.740,7.800,7.800,6.940,8.140,9.190,7.960,7.800,nws-coastal-flood-product,7.800,nws_product,0.260,nws_grid,91,47,97,v0.10.6
2026-09-26T17:09:44Z,2026-09-27 20:58-04:00,31.8,5.400,6.900,6.900,6.300,7.100,8.840,7.130,6.900,nws-coastal-flood-product,6.900,nws_product,0.280,nws_grid,95,36,97,v0.10.6
2026-09-26T17:09:44Z,2026-09-28 09:15-04:00,44.1,5.890,6.900,6.900,6.590,6.990,9.330,7.270,6.900,nws-coastal-flood-product,6.900,nws_product,0.040,nws_grid,58,20,32,v0.10.6
2026-09-26T17:09:44Z,2026-09-28 21:40-04:00,56.5,5.220,6.200,6.200,5.820,6.220,8.670,6.360,6.200,nws-coastal-flood-product,6.200,nws_product,0.000,nws_grid,6,13,32,v0.10.6
2026-09-26T17:09:44Z,2026-09-29 09:58-04:00,68.8,5.910,,6.800,6.310,6.810,9.360,6.870,6.870,surge-persistence,6.800,nwps,0.000,nbm,1,9,3,v0.10.6
2026-09-26T17:09:44Z,2026-09-29 22:28-04:00,81.3,4.990,,,5.290,5.590,8.430,5.820,,,5.440,petss_mid,0.000,nbm,0,6,3,v0.10.6
2026-09-26T17:09:44Z,2026-09-30 10:47-04:00,93.6,5.830,,,,,9.270,6.570,,,6.240,guidance_decay,0.000,nbm,0,6,0,v0.10.6
2026-09-26T17:09:44Z,2026-09-30 23:23-04:00,106.2,4.730,,,,,8.170,5.410,,,5.180,guidance_decay,0.000,nbm,2,9,0,v0.10.6
2026-09-26T17:09:44Z,2026-10-01 11:44-04:00,118.6,5.660,,,,,9.100,6.300,,,6.130,guidance_decay,0.000,nbm,2,8,0,v0.10.6
2026-09-26T17:09:44Z,2026-10-02 00:27-04:00,131.3,4.530,,,,,7.970,5.130,,,5.020,guidance_decay,0.000,nbm,10,12,0,v0.10.6
2026-09-26T17:09:44Z,2026-10-02 12:48-04:00,143.6,5.480,,,,,8.920,6.070,,,5.980,guidance_decay,0.000,nbm,10,13,0,v0.10.6
2026-09-26T17:09:44Z,2026-10-03 01:32-04:00,156.4,4.430,,,,,7.870,5.000,,,4.940,guidance_decay,0.000,nbm,12,12,6,v0.10.6
2026-09-26T18:13:51Z,2026-09-26 20:18-04:00,6.1,5.470,8.000,8.000,7.570,8.170,8.520,8.120,8.000,nws-coastal-flood-product,8.000,nws_product,0.280,nws_grid,69,49,10,v0.10.6
2026-09-26T18:13:51Z,2026-09-27 08:37-04:00,18.4,5.740,7.800,7.800,6.940,8.140,8.790,7.780,7.800,nws-coastal-flood-product,7.800,nws_product,0.260,nws_grid,91,47,97,v0.10.6
2026-09-26T18:13:51Z,2026-09-27 20:58-04:00,30.7,5.400,6.900,6.900,6.300,7.100,8.450,7.000,6.900,nws-coastal-flood-product,6.900,nws_product,0.280,nws_grid,95,36,97,v0.10.6
2026-09-26T18:13:51Z,2026-09-28 09:15-04:00,43.0,5.890,6.900,6.900,6.590,6.990,8.940,7.180,6.900,nws-coastal-flood-product,6.900,nws_product,0.040,nws_grid,58,20,23,v0.10.6
2026-09-26T18:13:51Z,2026-09-28 21:40-04:00,55.4,5.220,6.200,6.200,5.820,6.220,8.270,6.290,6.200,nws-coastal-flood-product,6.200,nws_product,0.000,nws_grid,6,13,23,v0.10.6
2026-09-26T18:13:51Z,2026-09-29 09:58-04:00,67.7,5.910,,6.800,6.310,6.810,8.960,6.830,6.830,surge-persistence,6.800,nwps,0.000,nbm,1,9,0,v0.10.6
2026-09-26T18:13:51Z,2026-09-29 22:28-04:00,80.2,4.990,,,5.290,5.590,8.040,5.790,,,5.440,petss_mid,0.000,nbm,0,6,0,v0.10.6
2026-09-26T18:13:51Z,2026-09-30 10:47-04:00,92.6,5.830,,,,,8.880,6.550,,,6.240,guidance_decay,0.000,nbm,0,6,0,v0.10.6
2026-09-26T18:13:51Z,2026-09-30 23:23-04:00,105.2,4.730,,,,,7.780,5.400,,,5.180,guidance_decay,0.000,nbm,2,9,0,v0.10.6
2026-09-26T18:13:51Z,2026-10-01 11:44-04:00,117.5,5.660,,,,,8.710,6.290,,,6.130,guidance_decay,0.000,nbm,2,8,0,v0.10.6
2026-09-26T18:13:51Z,2026-10-02 00:27-04:00,130.2,4.530,,,,,7.580,5.130,,,5.020,guidance_decay,0.000,nbm,10,12,0,v0.10.6
2026-09-26T18:13:51Z,2026-10-02 12:48-04:00,142.6,5.480,,,,,8.530,6.060,,,5.980,guidance_decay,0.000,nbm,10,13,0,v0.10.6
2026-09-26T18:13:51Z,2026-10-03 01:32-04:00,155.3,4.430,,,,,7.480,4.990,,,4.940,guidance_decay,0.000,nbm,12,12,3,v0.10.6
2026-09-26T18:13:51Z,2026-10-03 13:54-04:00,167.7,5.340,,,,,8.390,5.900,,,5.860,guidance_decay,0.000,nbm,15,10,3,v0.10.6
2026-09-26T19:09:17Z,2026-09-26 20:18-04:00,5.1,5.470,8.000,8.000,7.570,8.170,8.190,7.890,8.000,nws-coastal-flood-product,8.000,nws_product,0.280,nws_grid,69,49,10,v0.10.6
2026-09-26T19:09:17Z,2026-09-27 08:37-04:00,17.5,5.740,7.800,7.800,6.940,8.140,8.460,7.620,7.800,nws-coastal-flood-product,7.800,nws_product,0.260,nws_grid,91,47,97,v0.10.6
2026-09-26T19:09:17Z,2026-09-27 20:58-04:00,29.8,5.400,6.900,6.900,6.300,7.100,8.120,6.880,6.900,nws-coastal-flood-product,6.900,nws_product,0.280,nws_grid,95,36,97,v0.10.6
2026-09-26T19:09:17Z,2026-09-28 09:15-04:00,42.1,5.890,6.900,6.900,6.590,6.990,8.610,7.090,6.900,nws-coastal-flood-product,6.900,nws_product,0.040,nws_grid,58,20,23,v0.10.6
2026-09-26T19:09:17Z,2026-09-28 21:40-04:00,54.5,5.220,6.200,6.200,5.820,6.220,7.940,6.230,6.200,nws-coastal-flood-product,6.200,nws_product,0.000,nws_grid,6,13,23,v0.10.6
2026-09-26T19:09:17Z,2026-09-29 09:58-04:00,66.8,5.910,,6.800,6.310,6.810,8.630,6.780,6.780,surge-persistence,6.800,nwps,0.000,nbm,1,9,0,v0.10.6
2026-09-26T19:09:17Z,2026-09-29 22:28-04:00,79.3,4.990,,,5.290,5.590,7.710,5.760,,,5.440,petss_mid,0.000,nbm,0,6,0,v0.10.6
2026-09-26T19:09:17Z,2026-09-30 10:47-04:00,91.6,5.830,,,,,8.540,6.530,,,6.240,guidance_decay,0.000,nbm,0,6,0,v0.10.6
2026-09-26T19:09:17Z,2026-09-30 23:23-04:00,104.2,4.730,,,,,7.450,5.380,,,5.180,guidance_decay,0.000,nbm,2,9,0,v0.10.6
2026-09-26T19:09:17Z,2026-10-01 11:44-04:00,116.6,5.660,,,,,8.380,6.280,,,6.130,guidance_decay,0.000,nbm,2,8,0,v0.10.6
2026-09-26T19:09:17Z,2026-10-02 00:27-04:00,129.3,4.530,,,,,7.250,5.120,,,5.020,guidance_decay,0.000,nbm,10,12,0,v0.10.6
2026-09-26T19:09:17Z,2026-10-02 12:48-04:00,141.6,5.480,,,,,8.200,6.050,,,5.980,guidance_decay,0.000,nbm,10,13,0,v0.10.6
2026-09-26T19:09:17Z,2026-10-03 01:32-04:00,154.4,4.430,,,,,7.150,4.990,,,4.940,guidance_decay,0.000,nbm,12,12,3,v0.10.6
2026-09-26T19:09:17Z,2026-10-03 13:54-04:00,166.7,5.340,,,,,8.060,5.890,,,5.860,guidance_decay,0.000,nbm,15,10,3,v0.10.6
2026-09-26T20:11:06Z,2026-09-26 20:18-04:00,4.1,5.470,8.000,8.000,7.570,8.170,7.790,7.590,8.000,nws-coastal-flood-product,8.000,nws_product,0.280,nws_grid,69,49,10,v0.10.6
2026-09-26T20:11:06Z,2026-09-27 08:37-04:00,16.4,5.740,7.800,7.800,6.940,8.140,8.060,7.400,7.800,nws-coastal-flood-product,7.800,nws_product,0.260,nws_grid,91,47,97,v0.10.6
2026-09-26T20:11:06Z,2026-09-27 20:58-04:00,28.8,5.400,6.900,6.900,6.300,7.100,7.710,6.730,6.900,nws-coastal-flood-product,6.900,nws_product,0.280,nws_grid,95,36,97,v0.10.6
2026-09-26T20:11:06Z,2026-09-28 09:15-04:00,41.1,5.890,6.900,6.900,6.590,6.990,8.200,6.990,6.900,nws-coastal-flood-product,6.900,nws_product,0.040,nws_grid,58,20,23,v0.10.6
2026-09-26T20:11:06Z,2026-09-28 21:40-04:00,53.5,5.220,6.200,6.200,5.820,6.220,7.540,6.160,6.200,nws-coastal-flood-product,6.200,nws_product,0.000,nws_grid,6,13,23,v0.10.6
2026-09-26T20:11:06Z,2026-09-29 09:58-04:00,65.8,5.910,,6.800,6.310,6.810,8.230,6.730,6.730,surge-persistence,6.800,nwps,0.000,nbm,1,9,0,v0.10.6
2026-09-26T20:11:06Z,2026-09-29 22:28-04:00,78.3,4.990,,,5.290,5.590,7.300,5.720,,,5.440,petss_mid,0.000,nbm,0,6,0,v0.10.6
2026-09-26T20:11:06Z,2026-09-30 10:47-04:00,90.6,5.830,,,,,8.140,6.500,,,6.240,guidance_decay,0.000,nbm,0,6,0,v0.10.6
2026-09-26T20:11:06Z,2026-09-30 23:23-04:00,103.2,4.730,,,,,7.050,5.360,,,5.180,guidance_decay,0.000,nbm,2,9,0,v0.10.6
2026-09-26T20:11:06Z,2026-10-01 11:44-04:00,115.5,5.660,,,,,7.980,6.260,,,6.130,guidance_decay,0.000,nbm,2,8,0,v0.10.6
2026-09-26T20:11:06Z,2026-10-02 00:27-04:00,128.3,4.530,,,,,6.840,5.110,,,5.020,guidance_decay,0.000,nbm,10,12,0,v0.10.6
2026-09-26T20:11:06Z,2026-10-02 12:48-04:00,140.6,5.480,,,,,7.800,6.050,,,5.980,guidance_decay,0.000,nbm,10,13,0,v0.10.6
2026-09-26T20:11:06Z,2026-10-03 01:32-04:00,153.3,4.430,,,,,6.750,4.990,,,4.940,guidance_decay,0.000,nbm,12,12,3,v0.10.6
2026-09-26T20:11:06Z,2026-10-03 13:54-04:00,165.7,5.340,,,,,7.660,5.890,,,5.860,guidance_decay,0.000,nbm,15,10,3,v0.10.6
2026-09-26T21:10:19Z,2026-09-26 20:18-04:00,3.1,5.470,7.900,7.900,7.570,8.170,7.650,7.500,7.900,nws-coastal-flood-product,7.900,nws_product,0.230,nws_grid,29,45,10,v0.10.6
2026-09-26T21:10:19Z,2026-09-27 08:37-04:00,15.4,5.740,7.700,7.700,6.940,8.140,7.920,7.340,7.700,nws-coastal-flood-product,7.700,nws_product,0.480,nws_grid,97,51,97,v0.10.6
2026-09-26T21:10:19Z,2026-09-27 20:58-04:00,27.8,5.400,6.800,6.800,6.300,7.100,7.570,6.680,6.800,nws-coastal-flood-product,6.800,nws_product,0.180,nws_grid,83,30,97,v0.10.6
2026-09-26T21:10:19Z,2026-09-28 09:15-04:00,40.1,5.890,6.800,6.800,6.590,6.990,8.060,6.950,6.800,nws-coastal-flood-product,6.800,nws_product,0.050,nws_grid,67,22,23,v0.10.6
2026-09-26T21:10:19Z,2026-09-28 21:40-04:00,52.5,5.220,6.200,6.200,5.820,6.220,7.400,6.140,6.200,nws-coastal-flood-product,6.200,nws_product,0.000,nws_grid,6,14,23,v0.10.6
2026-09-26T21:10:19Z,2026-09-29 09:58-04:00,64.8,5.910,6.600,6.600,6.310,6.810,8.090,6.710,6.600,nws-coastal-flood-product,6.600,nws_product,0.000,nws_grid,1,9,0,v0.10.6
2026-09-26T21:10:19Z,2026-09-29 22:28-04:00,77.3,4.990,,,5.290,5.590,7.160,5.710,,,5.440,petss_mid,0.000,nbm,0,5,0,v0.10.6
2026-09-26T21:10:19Z,2026-09-30 10:47-04:00,89.6,5.830,,,,,8.000,6.490,,,6.240,guidance_decay,0.000,nbm,0,5,0,v0.10.6
2026-09-26T21:10:19Z,2026-09-30 23:23-04:00,102.2,4.730,,,,,6.900,5.360,,,5.180,guidance_decay,0.000,nbm,2,10,0,v0.10.6
2026-09-26T21:10:19Z,2026-10-01 11:44-04:00,114.6,5.660,,,,,7.830,6.260,,,6.130,guidance_decay,0.000,nbm,2,8,0,v0.10.6
2026-09-26T21:10:19Z,2026-10-02 00:27-04:00,127.3,4.530,,,,,6.700,5.110,,,5.020,guidance_decay,0.000,nbm,3,12,0,v0.10.6
2026-09-26T21:10:19Z,2026-10-02 12:48-04:00,139.6,5.480,,,,,7.650,6.050,,,5.980,guidance_decay,0.000,nbm,4,13,0,v0.10.6
2026-09-26T21:10:19Z,2026-10-03 01:32-04:00,152.4,4.430,,,,,6.600,4.980,,,4.940,guidance_decay,0.000,nbm,14,12,3,v0.10.6
2026-09-26T21:10:19Z,2026-10-03 13:54-04:00,164.7,5.340,,,,,7.510,5.890,,,5.860,guidance_decay,0.000,nbm,27,12,3,v0.10.6
2026-09-26T22:10:30Z,2026-09-26 20:18-04:00,2.1,5.470,7.900,7.900,7.570,8.170,7.460,7.370,7.900,nws-coastal-flood-product,7.900,nws_product,0.230,nws_grid,29,45,10,v0.10.6
2026-09-26T22:10:30Z,2026-09-27 08:37-04:00,14.4,5.740,7.700,7.700,6.940,8.140,7.740,7.250,7.700,nws-coastal-flood-product,7.700,nws_product,0.480,nws_grid,97,51,97,v0.10.6
2026-09-26T22:10:30Z,2026-09-27 20:58-04:00,26.8,5.400,6.800,6.800,6.300,7.100,7.390,6.620,6.800,nws-coastal-flood-product,6.800,nws_product,0.180,nws_grid,83,30,97,v0.10.6
2026-09-26T22:10:30Z,2026-09-28 09:15-04:00,39.1,5.890,6.800,6.800,6.590,6.990,7.880,6.910,6.800,nws-coastal-flood-product,6.800,nws_product,0.050,nws_grid,67,22,23,v0.10.6
2026-09-26T22:10:30Z,2026-09-28 21:40-04:00,51.5,5.220,6.200,6.200,5.820,6.220,7.220,6.100,6.200,nws-coastal-flood-product,6.200,nws_product,0.000,nws_grid,6,14,23,v0.10.6
2026-09-26T22:10:30Z,2026-09-29 09:58-04:00,63.8,5.910,6.600,6.600,6.310,6.810,7.910,6.690,6.600,nws-coastal-flood-product,6.600,nws_product,0.000,nws_grid,1,9,0,v0.10.6
2026-09-26T22:10:30Z,2026-09-29 22:28-04:00,76.3,4.990,,,5.290,5.590,6.980,5.690,,,5.440,petss_mid,0.000,nbm,0,5,0,v0.10.6
2026-09-26T22:10:30Z,2026-09-30 10:47-04:00,88.6,5.830,,,,,7.820,6.480,,,6.240,guidance_decay,0.000,nbm,0,5,0,v0.10.6
2026-09-26T22:10:30Z,2026-09-30 23:23-04:00,101.2,4.730,,,,,6.720,5.350,,,5.180,guidance_decay,0.000,nbm,2,10,0,v0.10.6
2026-09-26T22:10:30Z,2026-10-01 11:44-04:00,113.6,5.660,,,,,7.650,6.250,,,6.130,guidance_decay,0.000,nbm,2,8,0,v0.10.6
2026-09-26T22:10:30Z,2026-10-02 00:27-04:00,126.3,4.530,,,,,6.520,5.100,,,5.020,guidance_decay,0.000,nbm,3,12,0,v0.10.6
2026-09-26T22:10:30Z,2026-10-02 12:48-04:00,138.6,5.480,,,,,7.470,6.040,,,5.980,guidance_decay,0.000,nbm,4,13,0,v0.10.6
2026-09-26T22:10:30Z,2026-10-03 01:32-04:00,151.4,4.430,,,,,6.420,4.980,,,4.940,guidance_decay,0.000,nbm,14,12,3,v0.10.6
2026-09-26T22:10:30Z,2026-10-03 13:54-04:00,163.7,5.340,,,,,7.330,5.890,,,5.860,guidance_decay,0.000,nbm,27,12,3,v0.10.6
2026-09-26T23:10:09Z,2026-09-26 20:18-04:00,1.1,5.470,7.900,7.900,7.570,8.170,7.400,7.350,7.900,nws-coastal-flood-product,7.900,nws_product,0.230,nws_grid,29,45,10,v0.10.6
2026-09-26T23:10:09Z,2026-09-27 08:37-04:00,13.4,5.740,7.700,7.700,6.940,8.140,7.670,7.230,7.700,nws-coastal-flood-product,7.700,nws_product,0.480,nws_grid,97,51,97,v0.10.6
2026-09-26T23:10:09Z,2026-09-27 20:58-04:00,25.8,5.400,6.800,6.800,6.300,7.100,7.320,6.610,6.800,nws-coastal-flood-product,6.800,nws_product,0.180,nws_grid,83,30,97,v0.10.6
2026-09-26T23:10:09Z,2026-09-28 09:15-04:00,38.1,5.890,6.800,6.800,6.590,6.990,7.810,6.900,6.800,nws-coastal-flood-product,6.800,nws_product,0.050,nws_grid,67,22,23,v0.10.6
2026-09-26T23:10:09Z,2026-09-28 21:40-04:00,50.5,5.220,6.200,6.200,5.820,6.220,7.150,6.100,6.200,nws-coastal-flood-product,6.200,nws_product,0.000,nws_grid,6,14,23,v0.10.6
2026-09-26T23:10:09Z,2026-09-29 09:58-04:00,62.8,5.910,6.600,6.600,6.310,6.810,7.840,6.690,6.600,nws-coastal-flood-product,6.600,nws_product,0.000,nws_grid,1,9,0,v0.10.6
2026-09-26T23:10:09Z,2026-09-29 22:28-04:00,75.3,4.990,,,5.290,5.590,6.910,5.690,,,5.440,petss_mid,0.000,nbm,0,5,0,v0.10.6
2026-09-26T23:10:09Z,2026-09-30 10:47-04:00,87.6,5.830,,,,,7.750,6.480,,,6.240,guidance_decay,0.000,nbm,0,5,0,v0.10.6
2026-09-26T23:10:09Z,2026-09-30 23:23-04:00,100.2,4.730,,,,,6.660,5.350,,,5.180,guidance_decay,0.000,nbm,2,10,0,v0.10.6
2026-09-26T23:10:09Z,2026-10-01 11:44-04:00,112.6,5.660,,,,,7.590,6.250,,,6.130,guidance_decay,0.000,nbm,2,8,0,v0.10.6
2026-09-26T23:10:09Z,2026-10-02 00:27-04:00,125.3,4.530,,,,,6.450,5.100,,,5.020,guidance_decay,0.000,nbm,3,12,0,v0.10.6
2026-09-26T23:10:09Z,2026-10-02 12:48-04:00,137.6,5.480,,,,,7.410,6.040,,,5.980,guidance_decay,0.000,nbm,4,13,0,v0.10.6
2026-09-26T23:10:09Z,2026-10-03 01:32-04:00,150.4,4.430,,,,,6.360,4.980,,,4.940,guidance_decay,0.000,nbm,14,12,3,v0.10.6
2026-09-26T23:10:09Z,2026-10-03 13:54-04:00,162.7,5.340,,,,,7.270,5.890,,,5.860,guidance_decay,0.000,nbm,27,12,3,v0.10.6
2026-09-27T00:38:13Z,2026-09-27 08:37-04:00,12.0,5.740,7.700,7.700,7.040,8.340,8.060,7.550,7.700,nws-coastal-flood-product,7.700,nws_product,0.480,nws_grid,97,51,90,v0.10.6
2026-09-27T00:38:13Z,2026-09-27 20:58-04:00,24.3,5.400,6.800,6.800,6.500,7.100,7.720,6.830,6.800,nws-coastal-flood-product,6.800,nws_product,0.180,nws_grid,83,30,90,v0.10.6
2026-09-27T00:38:13Z,2026-09-28 09:15-04:00,36.6,5.890,6.800,6.800,6.790,7.190,8.210,7.060,6.800,nws-coastal-flood-product,6.800,nws_product,0.050,nws_grid,67,22,52,v0.10.6
2026-09-27T00:38:13Z,2026-09-28 21:40-04:00,49.0,5.220,6.200,6.200,5.820,6.320,7.540,6.210,6.200,nws-coastal-flood-product,6.200,nws_product,0.000,nws_grid,6,14,52,v0.10.6
2026-09-27T00:38:13Z,2026-09-29 09:58-04:00,61.3,5.910,6.600,6.600,6.410,6.810,8.230,6.770,6.600,nws-coastal-flood-product,6.600,nws_product,0.000,nws_grid,1,9,0,v0.10.6
2026-09-27T00:38:13Z,2026-09-29 22:28-04:00,73.8,4.990,,,5.390,5.690,7.310,5.750,,,5.540,petss_mid,0.000,nbm,0,5,0,v0.10.6
2026-09-27T00:38:13Z,2026-09-30 10:47-04:00,86.1,5.830,,,6.230,6.430,8.150,6.520,,,6.330,petss_mid,0.000,nbm,0,5,0,v0.10.6
2026-09-27T00:38:13Z,2026-09-30 23:23-04:00,98.7,4.730,,,,,7.050,5.380,,,5.240,guidance_decay,0.000,nbm,2,10,0,v0.10.6
2026-09-27T00:38:13Z,2026-10-01 11:44-04:00,111.1,5.660,,,,,7.980,6.270,,,6.170,guidance_decay,0.000,nbm,2,8,0,v0.10.6
2026-09-27T00:38:13Z,2026-10-02 00:27-04:00,123.8,4.530,,,,,6.850,5.120,,,5.050,guidance_decay,0.000,nbm,3,12,3,v0.10.6
2026-09-27T00:38:13Z,2026-10-02 12:48-04:00,136.2,5.480,,,,,7.800,6.050,,,6.000,guidance_decay,0.000,nbm,4,13,3,v0.10.6
2026-09-27T00:38:13Z,2026-10-03 01:32-04:00,148.9,4.430,,,,,6.750,4.990,,,4.960,guidance_decay,0.000,nbm,14,12,0,v0.10.6
2026-09-27T00:38:13Z,2026-10-03 13:54-04:00,161.3,5.340,,,,,7.660,5.890,,,5.870,guidance_decay,0.000,nbm,27,12,0,v0.10.6
2026-09-27T01:30:25Z,2026-09-27 08:37-04:00,11.1,5.740,7.700,7.600,7.040,8.340,8.240,7.710,7.700,nws-coastal-flood-product,7.700,nws_product,0.480,nws_grid,97,51,90,v0.10.6
2026-09-27T01:30:25Z,2026-09-27 20:58-04:00,23.5,5.400,6.800,6.900,6.500,7.100,7.890,6.950,6.800,nws-coastal-flood-product,6.800,nws_product,0.180,nws_grid,83,30,90,v0.10.6
2026-09-27T01:30:25Z,2026-09-28 09:15-04:00,35.7,5.890,6.800,6.800,6.790,7.190,8.380,7.140,6.800,nws-coastal-flood-product,6.800,nws_product,0.050,nws_grid,67,22,52,v0.10.6
2026-09-27T01:30:25Z,2026-09-28 21:40-04:00,48.2,5.220,6.200,5.800,5.820,6.320,7.720,6.270,6.200,nws-coastal-flood-product,6.200,nws_product,0.000,nws_grid,6,14,52,v0.10.6
2026-09-27T01:30:25Z,2026-09-29 09:58-04:00,60.5,5.910,6.600,6.500,6.410,6.810,8.410,6.810,6.600,nws-coastal-flood-product,6.600,nws_product,0.000,nws_grid,1,9,0,v0.10.6
2026-09-27T01:30:25Z,2026-09-29 22:28-04:00,73.0,4.990,,,5.390,5.690,7.480,5.780,,,5.540,petss_mid,0.000,nbm,0,5,0,v0.10.6
2026-09-27T01:30:25Z,2026-09-30 10:47-04:00,85.3,5.830,,,6.230,6.430,8.320,6.540,,,6.330,petss_mid,0.000,nbm,0,5,0,v0.10.6
2026-09-27T01:30:25Z,2026-09-30 23:23-04:00,97.9,4.730,,,,,7.230,5.390,,,5.240,guidance_decay,0.000,nbm,2,10,0,v0.10.6
2026-09-27T01:30:25Z,2026-10-01 11:44-04:00,110.2,5.660,,,,,8.160,6.280,,,6.170,guidance_decay,0.000,nbm,2,8,0,v0.10.6
2026-09-27T01:30:25Z,2026-10-02 00:27-04:00,122.9,4.530,,,,,7.030,5.120,,,5.050,guidance_decay,0.000,nbm,3,12,3,v0.10.6
2026-09-27T01:30:25Z,2026-10-02 12:48-04:00,135.3,5.480,,,,,7.980,6.060,,,6.000,guidance_decay,0.000,nbm,4,13,3,v0.10.6
2026-09-27T01:30:25Z,2026-10-03 01:32-04:00,148.0,4.430,,,,,6.930,4.990,,,4.960,guidance_decay,0.000,nbm,14,12,0,v0.10.6
2026-09-27T01:30:25Z,2026-10-03 13:54-04:00,160.4,5.340,,,,,7.840,5.890,,,5.870,guidance_decay,0.000,nbm,27,12,0,v0.10.6
2026-09-27T02:20:34Z,2026-09-27 08:37-04:00,10.3,5.740,7.700,7.600,7.040,8.340,8.460,7.910,7.700,nws-coastal-flood-product,7.700,nws_product,0.480,nws_grid,97,51,90,v0.10.6
2026-09-27T02:20:34Z,2026-09-27 20:58-04:00,22.6,5.400,6.800,6.900,6.500,7.100,8.120,7.090,6.800,nws-coastal-flood-product,6.800,nws_product,0.180,nws_grid,83,30,90,v0.10.6
2026-09-27T02:20:34Z,2026-09-28 09:15-04:00,34.9,5.890,6.800,6.800,6.790,7.190,8.610,7.240,6.800,nws-coastal-flood-product,6.800,nws_product,0.050,nws_grid,67,22,52,v0.10.6
2026-09-27T02:20:34Z,2026-09-28 21:40-04:00,47.3,5.220,6.200,5.800,5.820,6.320,7.940,6.340,6.200,nws-coastal-flood-product,6.200,nws_product,0.000,nws_grid,6,14,52,v0.10.6
2026-09-27T02:20:34Z,2026-09-29 09:58-04:00,59.6,5.910,6.600,6.500,6.410,6.810,8.630,6.860,6.600,nws-coastal-flood-product,6.600,nws_product,0.000,nws_grid,1,9,0,v0.10.6
2026-09-27T02:20:34Z,2026-09-29 22:28-04:00,72.1,4.990,,,5.390,5.690,7.710,5.810,,,5.540,petss_mid,0.000,nbm,0,5,0,v0.10.6
2026-09-27T02:20:34Z,2026-09-30 10:47-04:00,84.4,5.830,,,6.230,6.430,8.540,6.560,,,6.330,petss_mid,0.000,nbm,0,5,0,v0.10.6
2026-09-27T02:20:34Z,2026-09-30 23:23-04:00,97.0,4.730,,,,,7.450,5.410,,,5.240,guidance_decay,0.000,nbm,2,10,0,v0.10.6
2026-09-27T02:20:34Z,2026-10-01 11:44-04:00,109.4,5.660,,,,,8.380,6.290,,,6.170,guidance_decay,0.000,nbm,2,8,0,v0.10.6
2026-09-27T02:20:34Z,2026-10-02 00:27-04:00,122.1,4.530,,,,,7.250,5.130,,,5.050,guidance_decay,0.000,nbm,3,12,3,v0.10.6
2026-09-27T02:20:34Z,2026-10-02 12:48-04:00,134.5,5.480,,,,,8.200,6.060,,,6.000,guidance_decay,0.000,nbm,4,13,3,v0.10.6
2026-09-27T02:20:34Z,2026-10-03 01:32-04:00,147.2,4.430,,,,,7.150,5.000,,,4.960,guidance_decay,0.000,nbm,14,12,0,v0.10.6
2026-09-27T02:20:34Z,2026-10-03 13:54-04:00,159.6,5.340,,,,,8.060,5.900,,,5.870,guidance_decay,0.000,nbm,27,12,0,v0.10.6
2026-09-27T03:15:48Z,2026-09-27 08:37-04:00,9.4,5.740,7.700,7.600,7.640,8.740,8.600,8.060,7.700,nws-coastal-flood-product,7.700,nws_product,0.480,nws_grid,97,51,90,v0.10.6
2026-09-27T03:15:48Z,2026-09-27 20:58-04:00,21.7,5.400,6.800,6.900,6.700,7.400,8.250,7.190,6.800,nws-coastal-flood-product,6.800,nws_product,0.180,nws_grid,83,30,90,v0.10.6
2026-09-27T03:15:48Z,2026-09-28 09:15-04:00,34.0,5.890,6.800,6.800,6.890,7.290,8.740,7.320,6.800,nws-coastal-flood-product,6.800,nws_product,0.050,nws_grid,67,22,52,v0.10.6
2026-09-27T03:15:48Z,2026-09-28 21:40-04:00,46.4,5.220,6.200,5.800,6.020,6.520,8.080,6.390,6.200,nws-coastal-flood-product,6.200,nws_product,0.000,nws_grid,6,14,52,v0.10.6
2026-09-27T03:15:48Z,2026-09-29 09:58-04:00,58.7,5.910,6.600,6.500,6.510,6.910,8.770,6.900,6.600,nws-coastal-flood-product,6.600,nws_product,0.000,nws_grid,1,9,0,v0.10.6
2026-09-27T03:15:48Z,2026-09-29 22:28-04:00,71.2,4.990,,,5.490,5.790,7.840,5.840,5.840,surge-persistence,5.640,petss_mid,0.000,nbm,0,5,0,v0.10.6
2026-09-27T03:15:48Z,2026-09-30 10:47-04:00,83.5,5.830,,,6.330,6.530,8.680,6.580,,,6.430,petss_mid,0.000,nbm,0,5,0,v0.10.6
2026-09-27T03:15:48Z,2026-09-30 23:23-04:00,96.1,4.730,,,,,7.580,5.420,,,5.420,guidance_decay,0.000,nbm,2,10,0,v0.10.6
2026-09-27T03:15:48Z,2026-10-01 11:44-04:00,108.5,5.660,,,,,8.510,6.300,,,6.300,guidance_decay,0.000,nbm,2,8,0,v0.10.6
2026-09-27T03:15:48Z,2026-10-02 00:27-04:00,121.2,4.530,,,,,7.380,5.140,,,5.140,guidance_decay,0.000,nbm,3,12,3,v0.10.6
2026-09-27T03:15:48Z,2026-10-02 12:48-04:00,133.5,5.480,,,,,8.330,6.070,,,6.070,guidance_decay,0.000,nbm,4,13,3,v0.10.6
2026-09-27T03:15:48Z,2026-10-03 01:32-04:00,146.3,4.430,,,,,7.280,5.000,,,5.000,guidance_decay,0.000,nbm,14,12,0,v0.10.6
2026-09-27T03:15:48Z,2026-10-03 13:54-04:00,158.6,5.340,,,,,8.190,5.900,,,5.900,guidance_decay,0.000,nbm,27,12,0,v0.10.6
2026-09-27T04:14:36Z,2026-09-27 08:37-04:00,8.4,5.740,7.700,7.600,7.640,8.740,9.110,8.510,7.700,nws-coastal-flood-product,7.700,nws_product,0.480,nws_grid,97,51,90,v0.10.6
2026-09-27T04:14:36Z,2026-09-27 20:58-04:00,20.7,5.400,6.800,6.900,6.700,7.400,8.760,7.510,6.800,nws-coastal-flood-product,6.800,nws_product,0.180,nws_grid,83,30,90,v0.10.6
2026-09-27T04:14:36Z,2026-09-28 09:15-04:00,33.0,5.890,6.800,6.800,6.890,7.290,9.250,7.550,6.800,nws-coastal-flood-product,6.800,nws_product,0.050,nws_grid,67,22,52,v0.10.6
2026-09-27T04:14:36Z,2026-09-28 21:40-04:00,45.4,5.220,6.200,5.800,6.020,6.520,8.590,6.550,6.200,nws-coastal-flood-product,6.200,nws_product,0.000,nws_grid,6,14,52,v0.10.6
2026-09-27T04:14:36Z,2026-09-29 09:58-04:00,57.7,5.910,6.600,6.500,6.510,6.910,9.280,7.010,6.600,nws-coastal-flood-product,6.600,nws_product,0.000,nws_grid,1,9,0,v0.10.6
2026-09-27T04:14:36Z,2026-09-29 22:28-04:00,70.2,4.990,,,5.490,5.790,8.350,5.920,5.920,surge-persistence,5.640,petss_mid,0.000,nbm,0,5,0,v0.10.6
2026-09-27T04:14:36Z,2026-09-30 10:47-04:00,82.5,5.830,,,6.330,6.530,9.190,6.640,,,6.430,petss_mid,0.000,nbm,0,5,0,v0.10.6
2026-09-27T04:14:36Z,2026-09-30 23:23-04:00,95.1,4.730,,,,,8.100,5.460,,,5.420,guidance_decay,0.000,nbm,2,10,0,v0.10.6
2026-09-27T04:14:36Z,2026-10-01 11:44-04:00,107.5,5.660,,,,,9.020,6.330,,,6.300,guidance_decay,0.000,nbm,2,8,0,v0.10.6
2026-09-27T04:14:36Z,2026-10-02 00:27-04:00,120.2,4.530,,,,,7.890,5.160,,,5.140,guidance_decay,0.000,nbm,3,12,3,v0.10.6
2026-09-27T04:14:36Z,2026-10-02 12:48-04:00,132.6,5.480,,,,,8.850,6.080,,,6.070,guidance_decay,0.000,nbm,4,13,3,v0.10.6
2026-09-27T04:14:36Z,2026-10-03 01:32-04:00,145.3,4.430,,,,,7.800,5.010,,,5.000,guidance_decay,0.000,nbm,14,12,0,v0.10.6
2026-09-27T04:14:36Z,2026-10-03 13:54-04:00,157.7,5.340,,,,,8.710,5.910,,,5.900,guidance_decay,0.000,nbm,27,12,0,v0.10.6
2026-09-27T05:11:56Z,2026-09-27 08:37-04:00,7.4,5.740,7.700,7.600,7.640,8.740,9.010,8.470,7.700,nws-coastal-flood-product,7.700,nws_product,0.480,nws_grid,97,51,90,v0.10.6
2026-09-27T05:11:56Z,2026-09-27 20:58-04:00,19.8,5.400,6.800,6.900,6.700,7.400,8.670,7.490,6.800,nws-coastal-flood-product,6.800,nws_product,0.180,nws_grid,83,30,90,v0.10.6
2026-09-27T05:11:56Z,2026-09-28 09:15-04:00,32.1,5.890,6.800,6.800,6.890,7.290,9.160,7.530,6.800,nws-coastal-flood-product,6.800,nws_product,0.050,nws_grid,67,22,52,v0.10.6
2026-09-27T05:11:56Z,2026-09-28 21:40-04:00,44.5,5.220,6.200,5.800,6.020,6.520,8.490,6.540,6.200,nws-coastal-flood-product,6.200,nws_product,0.000,nws_grid,6,14,52,v0.10.6
2026-09-27T05:11:56Z,2026-09-29 09:58-04:00,56.8,5.910,6.600,6.500,6.510,6.910,9.180,7.000,6.600,nws-coastal-flood-product,6.600,nws_product,0.000,nws_grid,1,9,0,v0.10.6
2026-09-27T05:11:56Z,2026-09-29 22:28-04:00,69.3,4.990,,,5.490,5.790,8.260,5.910,5.910,surge-persistence,5.640,petss_mid,0.000,nbm,0,5,0,v0.10.6
2026-09-27T05:11:56Z,2026-09-30 10:47-04:00,81.6,5.830,,,6.330,6.530,9.090,6.640,,,6.430,petss_mid,0.000,nbm,0,5,0,v0.10.6
2026-09-27T05:11:56Z,2026-09-30 23:23-04:00,94.2,4.730,,,,,8.000,5.460,,,5.420,guidance_decay,0.000,nbm,2,10,0,v0.10.6
2026-09-27T05:11:56Z,2026-10-01 11:44-04:00,106.5,5.660,,,,,8.930,6.330,,,6.300,guidance_decay,0.000,nbm,2,8,0,v0.10.6
2026-09-27T05:11:56Z,2026-10-02 00:27-04:00,119.3,4.530,,,,,7.800,5.160,,,5.140,guidance_decay,0.000,nbm,3,12,3,v0.10.6
2026-09-27T05:11:56Z,2026-10-02 12:48-04:00,131.6,5.480,,,,,8.750,6.080,,,6.070,guidance_decay,0.000,nbm,4,13,3,v0.10.6
2026-09-27T05:11:56Z,2026-10-03 01:32-04:00,144.3,4.430,,,,,7.700,5.010,,,5.000,guidance_decay,0.000,nbm,14,12,0,v0.10.6
2026-09-27T05:11:56Z,2026-10-03 13:54-04:00,156.7,5.340,,,,,8.610,5.910,,,5.900,guidance_decay,0.000,nbm,27,12,0,v0.10.6
2026-09-27T05:32:01Z,2026-09-27 08:37-04:00,7.1,5.740,7.700,7.600,7.640,8.740,12.610,11.460,7.700,nws-coastal-flood-product,7.700,nws_product,0.480,nws_grid,97,51,90,v0.10.6
2026-09-27T05:32:01Z,2026-09-27 20:58-04:00,19.4,5.400,6.800,6.900,6.700,7.400,12.270,9.610,6.800,nws-coastal-flood-product,6.800,nws_product,0.180,nws_grid,83,30,90,v0.10.6
2026-09-27T05:32:01Z,2026-09-28 09:15-04:00,31.7,5.890,6.800,6.800,6.890,7.290,12.760,9.030,6.800,nws-coastal-flood-product,6.800,nws_product,0.050,nws_grid,67,22,52,v0.10.6
2026-09-27T05:32:01Z,2026-09-28 21:40-04:00,44.1,5.220,6.200,5.800,6.020,6.520,12.090,7.610,6.200,nws-coastal-flood-product,6.200,nws_product,0.000,nws_grid,6,14,52,v0.10.6
2026-09-27T05:32:01Z,2026-09-29 09:58-04:00,56.4,5.910,6.600,6.500,6.510,6.910,12.780,7.760,6.600,nws-coastal-flood-product,6.600,nws_product,0.000,nws_grid,1,9,0,v0.10.6
2026-09-27T05:32:01Z,2026-09-29 22:28-04:00,68.9,4.990,,,5.490,5.790,11.860,6.450,6.450,surge-persistence,5.640,petss_mid,0.000,nbm,0,5,0,v0.10.6
2026-09-27T05:32:01Z,2026-09-30 10:47-04:00,81.2,5.830,,,6.330,6.530,12.700,7.020,,,6.430,petss_mid,0.000,nbm,0,5,0,v0.10.6
2026-09-27T05:32:01Z,2026-09-30 23:23-04:00,93.8,4.730,,,,,11.600,5.730,,,5.420,guidance_decay,0.000,nbm,2,10,0,v0.10.6
2026-09-27T05:32:01Z,2026-10-01 11:44-04:00,106.2,5.660,,,,,12.530,6.520,,,6.300,guidance_decay,0.000,nbm,2,8,0,v0.10.6
2026-09-27T05:32:01Z,2026-10-02 00:27-04:00,118.9,4.530,,,,,11.400,5.290,,,5.140,guidance_decay,0.000,nbm,3,12,3,v0.10.6
2026-09-27T05:32:01Z,2026-10-02 12:48-04:00,131.3,5.480,,,,,12.350,6.180,,,6.070,guidance_decay,0.000,nbm,4,13,3,v0.10.6
2026-09-27T05:32:01Z,2026-10-03 01:32-04:00,144.0,4.430,,,,,11.300,5.080,,,5.000,guidance_decay,0.000,nbm,14,12,0,v0.10.6
2026-09-27T05:32:01Z,2026-10-03 13:54-04:00,156.4,5.340,,,,,12.210,5.950,,,5.900,guidance_decay,0.000,nbm,27,12,0,v0.10.6
2026-09-27T06:20:35Z,2026-09-27 08:37-04:00,6.3,5.740,7.700,7.600,7.640,8.740,12.560,11.490,7.700,nws-coastal-flood-product,7.700,nws_product,0.480,nws_grid,97,51,90,v0.10.6
2026-09-27T06:20:35Z,2026-09-27 20:58-04:00,18.6,5.400,6.800,6.900,6.700,7.400,12.210,9.630,6.800,nws-coastal-flood-product,6.800,nws_product,0.180,nws_grid,83,30,90,v0.10.6
2026-09-27T06:20:35Z,2026-09-28 09:15-04:00,30.9,5.890,6.800,6.800,6.890,7.290,12.700,9.050,6.800,nws-coastal-flood-product,6.800,nws_product,0.050,nws_grid,67,22,55,v0.10.6
2026-09-27T06:20:35Z,2026-09-28 21:40-04:00,43.3,5.220,6.200,5.800,6.020,6.520,12.040,7.620,6.200,nws-coastal-flood-product,6.200,nws_product,0.000,nws_grid,6,14,55,v0.10.6
2026-09-27T06:20:35Z,2026-09-29 09:58-04:00,55.6,5.910,6.600,6.500,6.510,6.910,12.730,7.770,6.600,nws-coastal-flood-product,6.600,nws_product,0.000,nws_grid,1,9,0,v0.10.6
2026-09-27T06:20:35Z,2026-09-29 22:28-04:00,68.1,4.990,,,5.490,5.790,11.800,6.450,6.450,surge-persistence,5.640,petss_mid,0.000,nbm,0,5,0,v0.10.6
2026-09-27T06:20:35Z,2026-09-30 10:47-04:00,80.4,5.830,,,6.330,6.530,12.640,7.020,,,6.430,petss_mid,0.000,nbm,0,5,0,v0.10.6
2026-09-27T06:20:35Z,2026-09-30 23:23-04:00,93.0,4.730,,,,,11.550,5.730,,,5.420,guidance_decay,0.000,nbm,2,10,0,v0.10.6
2026-09-27T06:20:35Z,2026-10-01 11:44-04:00,105.4,5.660,,,,,12.480,6.520,,,6.300,guidance_decay,0.000,nbm,2,8,0,v0.10.6
2026-09-27T06:20:35Z,2026-10-02 00:27-04:00,118.1,4.530,,,,,11.340,5.290,,,5.140,guidance_decay,0.000,nbm,3,12,0,v0.10.6
2026-09-27T06:20:35Z,2026-10-02 12:48-04:00,130.5,5.480,,,,,12.300,6.180,,,6.070,guidance_decay,0.000,nbm,4,13,0,v0.10.6
2026-09-27T06:20:35Z,2026-10-03 01:32-04:00,143.2,4.430,,,,,11.250,5.080,,,5.000,guidance_decay,0.000,nbm,14,12,6,v0.10.6
2026-09-27T06:20:35Z,2026-10-03 13:54-04:00,155.6,5.340,,,,,12.160,5.950,,,5.900,guidance_decay,0.000,nbm,27,12,6,v0.10.6
2026-09-27T06:34:29Z,2026-09-27 08:37-04:00,6.0,5.740,7.700,7.600,7.640,8.740,14.090,12.810,7.700,nws-coastal-flood-product,7.700,nws_product,0.480,nws_grid,97,51,90,v0.10.6
2026-09-27T06:34:29Z,2026-09-27 20:58-04:00,18.4,5.400,6.800,6.900,6.700,7.400,13.740,10.570,6.800,nws-coastal-flood-product,6.800,nws_product,0.180,nws_grid,83,30,90,v0.10.6
2026-09-27T06:34:29Z,2026-09-28 09:15-04:00,30.7,5.890,6.800,6.800,6.890,7.290,14.230,9.710,6.800,nws-coastal-flood-product,6.800,nws_product,0.050,nws_grid,67,22,55,v0.10.6
2026-09-27T06:34:29Z,2026-09-28 21:40-04:00,43.1,5.220,6.200,5.800,6.020,6.520,13.570,8.090,6.200,nws-coastal-flood-product,6.200,nws_product,0.000,nws_grid,6,14,55,v0.10.6
2026-09-27T06:34:29Z,2026-09-29 09:58-04:00,55.4,5.910,6.600,6.500,6.510,6.910,14.260,8.100,6.600,nws-coastal-flood-product,6.600,nws_product,0.000,nws_grid,1,9,0,v0.10.6
2026-09-27T06:34:29Z,2026-09-29 22:28-04:00,67.9,4.990,,,5.490,5.790,13.330,6.690,6.690,surge-persistence,5.640,petss_mid,0.000,nbm,0,5,0,v0.10.6
2026-09-27T06:34:29Z,2026-09-30 10:47-04:00,80.2,5.830,,,6.330,6.530,14.170,7.190,,,6.430,petss_mid,0.000,nbm,0,5,0,v0.10.6
2026-09-27T06:34:29Z,2026-09-30 23:23-04:00,92.8,4.730,,,,,13.070,5.850,,,5.420,guidance_decay,0.000,nbm,2,10,0,v0.10.6
2026-09-27T06:34:29Z,2026-10-01 11:44-04:00,105.2,5.660,,,,,14.000,6.610,,,6.300,guidance_decay,0.000,nbm,2,8,0,v0.10.6
2026-09-27T06:34:29Z,2026-10-02 00:27-04:00,117.9,4.530,,,,,12.870,5.350,,,5.140,guidance_decay,0.000,nbm,3,12,0,v0.10.6
2026-09-27T06:34:29Z,2026-10-02 12:48-04:00,130.2,5.480,,,,,13.820,6.220,,,6.070,guidance_decay,0.000,nbm,4,13,0,v0.10.6
2026-09-27T06:34:29Z,2026-10-03 01:32-04:00,143.0,4.430,,,,,12.770,5.110,,,5.000,guidance_decay,0.000,nbm,14,12,6,v0.10.6
2026-09-27T06:34:29Z,2026-10-03 13:54-04:00,155.3,5.340,,,,,13.680,5.980,,,5.900,guidance_decay,0.000,nbm,27,12,6,v0.10.6
2026-09-27T07:13:14Z,2026-09-27 08:37-04:00,5.4,5.740,8.100,7.600,7.640,8.740,15.110,13.820,8.100,nws-coastal-flood-product,8.100,nws_product,0.480,nws_grid,97,51,90,v0.10.6
2026-09-27T07:13:14Z,2026-09-27 20:58-04:00,17.7,5.400,7.100,6.900,6.700,7.400,14.770,11.280,7.100,nws-coastal-flood-product,7.100,nws_product,0.180,nws_grid,83,30,90,v0.10.6
2026-09-27T07:13:14Z,2026-09-28 09:15-04:00,30.0,5.890,7.300,6.800,6.890,7.290,15.260,10.220,7.300,nws-coastal-flood-product,7.300,nws_product,0.050,nws_grid,67,22,55,v0.10.6
2026-09-27T07:13:14Z,2026-09-28 21:40-04:00,42.4,5.220,6.400,5.800,6.020,6.520,14.590,8.450,6.400,nws-coastal-flood-product,6.400,nws_product,0.000,nws_grid,6,14,55,v0.10.6
2026-09-27T07:13:14Z,2026-09-29 09:58-04:00,54.7,5.910,6.800,6.500,6.510,6.910,15.280,8.360,6.800,nws-coastal-flood-product,6.800,nws_product,0.000,nws_grid,1,9,0,v0.10.6
2026-09-27T07:13:14Z,2026-09-29 22:28-04:00,67.2,4.990,5.700,,5.490,5.790,14.360,6.870,5.700,nws-coastal-flood-product,5.700,nws_product,0.000,nbm,0,5,0,v0.10.6
2026-09-27T07:13:14Z,2026-09-30 10:47-04:00,79.6,5.830,,,6.330,6.530,15.200,7.320,,,6.430,petss_mid,0.000,nbm,0,5,0,v0.10.6
2026-09-27T07:13:14Z,2026-09-30 23:23-04:00,92.2,4.730,,,,,14.100,5.940,,,5.420,guidance_decay,0.000,nbm,2,10,0,v0.10.6
2026-09-27T07:13:14Z,2026-10-01 11:44-04:00,104.5,5.660,,,,,15.030,6.670,,,6.300,guidance_decay,0.000,nbm,2,8,0,v0.10.6
2026-09-27T07:13:14Z,2026-10-02 00:27-04:00,117.2,4.530,,,,,13.900,5.400,,,5.140,guidance_decay,0.000,nbm,3,12,0,v0.10.6
2026-09-27T07:13:14Z,2026-10-02 12:48-04:00,129.6,5.480,,,,,14.850,6.250,,,6.070,guidance_decay,0.000,nbm,4,13,0,v0.10.6
2026-09-27T07:13:14Z,2026-10-03 01:32-04:00,142.3,4.430,,,,,13.800,5.130,,,5.000,guidance_decay,0.000,nbm,14,12,6,v0.10.6
2026-09-27T07:13:14Z,2026-10-03 13:54-04:00,154.7,5.340,,,,,14.710,5.990,,,5.900,guidance_decay,0.000,nbm,27,12,6,v0.10.6
2026-09-27T07:13:14Z,2026-10-04 02:37-04:00,167.4,4.450,,,,,13.820,5.060,,,5.000,guidance_decay,0.110,nbm,,,13,v0.10.6
2026-09-27T08:15:30Z,2026-09-27 08:37-04:00,4.4,5.740,8.100,8.100,7.640,8.740,8.190,7.960,8.100,nws-coastal-flood-product,8.100,nws_product,0.240,nws_grid,100,47,90,v0.10.6
2026-09-27T08:15:30Z,2026-09-27 20:58-04:00,16.7,5.400,7.100,7.100,6.700,7.400,7.840,7.120,7.100,nws-coastal-flood-product,7.100,nws_product,0.400,nws_grid,97,29,90,v0.10.6
2026-09-27T08:15:30Z,2026-09-28 09:15-04:00,29.0,5.890,7.300,7.300,6.890,7.290,8.330,7.270,7.300,nws-coastal-flood-product,7.300,nws_product,0.070,nws_grid,52,21,55,v0.10.6
2026-09-27T08:15:30Z,2026-09-28 21:40-04:00,41.4,5.220,6.400,6.400,6.020,6.520,7.670,6.360,6.400,nws-coastal-flood-product,6.400,nws_product,0.000,nws_grid,5,15,55,v0.10.6
2026-09-27T08:15:30Z,2026-09-29 09:58-04:00,53.7,5.910,6.800,6.800,6.510,6.910,8.360,6.870,6.800,nws-coastal-flood-product,6.800,nws_product,0.000,nws_grid,0,10,0,v0.10.6
2026-09-27T08:15:30Z,2026-09-29 22:28-04:00,66.2,4.990,5.700,5.700,5.490,5.790,7.430,5.820,5.700,nws-coastal-flood-product,5.700,nws_product,0.000,nws_grid,0,5,0,v0.10.6
2026-09-27T08:15:30Z,2026-09-30 10:47-04:00,78.5,5.830,,,6.330,6.530,8.270,6.570,,,6.430,petss_mid,0.000,nbm,0,5,0,v0.10.6
2026-09-27T08:15:30Z,2026-09-30 23:23-04:00,91.1,4.730,,,,,7.170,5.410,,,5.420,guidance_decay,0.000,nbm,2,9,0,v0.10.6
2026-09-27T08:15:30Z,2026-10-01 11:44-04:00,103.5,5.660,,,,,8.100,6.300,,,6.300,guidance_decay,0.000,nbm,1,8,0,v0.10.6
2026-09-27T08:15:30Z,2026-10-02 00:27-04:00,116.2,4.530,,,,,6.970,5.130,,,5.140,guidance_decay,0.000,nbm,0,14,0,v0.10.6
2026-09-27T08:15:30Z,2026-10-02 12:48-04:00,128.5,5.480,,,,,7.920,6.070,,,6.070,guidance_decay,0.000,nbm,7,13,0,v0.10.6
2026-09-27T08:15:30Z,2026-10-03 01:32-04:00,141.3,4.430,,,,,6.870,5.000,,,5.000,guidance_decay,0.000,nbm,16,13,6,v0.10.6
2026-09-27T08:15:30Z,2026-10-03 13:54-04:00,153.6,5.340,,,,,7.780,5.900,,,5.900,guidance_decay,0.000,nbm,15,12,6,v0.10.6
2026-09-27T08:15:30Z,2026-10-04 02:37-04:00,166.4,4.450,,,,,6.890,5.000,,,5.000,guidance_decay,0.110,nbm,18,13,13,v0.10.6
2026-09-27T09:12:27Z,2026-09-27 08:37-04:00,3.4,5.740,8.100,8.100,7.940,8.840,8.040,7.850,8.100,nws-coastal-flood-product,8.100,nws_product,0.240,nws_grid,100,47,90,v0.10.6
2026-09-27T09:12:27Z,2026-09-27 20:58-04:00,15.8,5.400,7.100,7.100,6.700,7.300,7.690,7.050,7.100,nws-coastal-flood-product,7.100,nws_product,0.400,nws_grid,97,29,90,v0.10.6
2026-09-27T09:12:27Z,2026-09-28 09:15-04:00,28.0,5.890,7.300,7.300,6.890,7.490,8.180,7.210,7.300,nws-coastal-flood-product,7.300,nws_product,0.070,nws_grid,52,21,55,v0.10.6
2026-09-27T09:12:27Z,2026-09-28 21:40-04:00,40.5,5.220,6.400,6.400,6.120,6.420,7.520,6.320,6.400,nws-coastal-flood-product,6.400,nws_product,0.000,nws_grid,5,15,55,v0.10.6
2026-09-27T09:12:27Z,2026-09-29 09:58-04:00,52.8,5.910,6.800,6.800,6.510,6.810,8.210,6.840,6.800,nws-coastal-flood-product,6.800,nws_product,0.000,nws_grid,0,10,0,v0.10.6
2026-09-27T09:12:27Z,2026-09-29 22:28-04:00,65.3,4.990,5.700,5.700,5.490,5.790,7.280,5.800,5.700,nws-coastal-flood-product,5.700,nws_product,0.000,nws_grid,0,5,0,v0.10.6
2026-09-27T09:12:27Z,2026-09-30 10:47-04:00,77.6,5.830,,,6.330,6.530,8.120,6.560,,,6.430,petss_mid,0.000,nbm,0,5,0,v0.10.6
2026-09-27T09:12:27Z,2026-09-30 23:23-04:00,90.2,4.730,,,5.230,5.430,7.030,5.400,,,5.330,petss_mid,0.000,nbm,2,9,0,v0.10.6
2026-09-27T09:12:27Z,2026-10-01 11:44-04:00,102.5,5.660,,,,,7.960,6.290,,,6.240,guidance_decay,0.000,nbm,1,8,0,v0.10.6
2026-09-27T09:12:27Z,2026-10-02 00:27-04:00,115.2,4.530,,,,,6.820,5.130,,,5.100,guidance_decay,0.000,nbm,0,14,0,v0.10.6
2026-09-27T09:12:27Z,2026-10-02 12:48-04:00,127.6,5.480,,,,,7.780,6.060,,,6.040,guidance_decay,0.000,nbm,7,13,0,v0.10.6
2026-09-27T09:12:27Z,2026-10-03 01:32-04:00,140.3,4.430,,,,,6.730,5.000,,,4.980,guidance_decay,0.000,nbm,16,13,6,v0.10.6
2026-09-27T09:12:27Z,2026-10-03 13:54-04:00,152.7,5.340,,,,,7.640,5.900,,,5.890,guidance_decay,0.000,nbm,15,12,6,v0.10.6
2026-09-27T09:12:27Z,2026-10-04 02:37-04:00,165.4,4.450,,,,,6.750,5.000,,,4.990,guidance_decay,0.110,nbm,18,13,13,v0.10.6
2026-09-27T10:11:26Z,2026-09-27 08:37-04:00,2.4,5.740,8.100,8.100,7.940,8.840,7.880,7.770,8.100,nws-coastal-flood-product,8.100,nws_product,0.240,nws_grid,100,47,90,v0.10.6
2026-09-27T10:11:26Z,2026-09-27 20:58-04:00,14.8,5.400,7.100,7.100,6.700,7.300,7.540,6.990,7.100,nws-coastal-flood-product,7.100,nws_product,0.400,nws_grid,97,29,90,v0.10.6
2026-09-27T10:11:26Z,2026-09-28 09:15-04:00,27.1,5.890,7.300,7.300,6.890,7.490,8.030,7.170,7.300,nws-coastal-flood-product,7.300,nws_product,0.070,nws_grid,52,21,55,v0.10.6
2026-09-27T10:11:26Z,2026-09-28 21:40-04:00,39.5,5.220,6.400,6.400,6.120,6.420,7.370,6.290,6.400,nws-coastal-flood-product,6.400,nws_product,0.000,nws_grid,5,15,55,v0.10.6
2026-09-27T10:11:26Z,2026-09-29 09:58-04:00,51.8,5.910,6.800,6.800,6.510,6.810,8.050,6.820,6.800,nws-coastal-flood-product,6.800,nws_product,0.000,nws_grid,0,10,0,v0.10.6
2026-09-27T10:11:26Z,2026-09-29 22:28-04:00,64.3,4.990,5.700,5.700,5.490,5.790,7.130,5.790,5.700,nws-coastal-flood-product,5.700,nws_product,0.000,nws_grid,0,5,0,v0.10.6
2026-09-27T10:11:26Z,2026-09-30 10:47-04:00,76.6,5.830,,,6.330,6.530,7.970,6.550,,,6.430,petss_mid,0.000,nbm,0,5,0,v0.10.6
2026-09-27T10:11:26Z,2026-09-30 23:23-04:00,89.2,4.730,,,5.230,5.430,6.870,5.400,,,5.330,petss_mid,0.000,nbm,2,9,0,v0.10.6
2026-09-27T10:11:26Z,2026-10-01 11:44-04:00,101.5,5.660,,,,,7.800,6.290,,,6.240,guidance_decay,0.000,nbm,1,8,0,v0.10.6
2026-09-27T10:11:26Z,2026-10-02 00:27-04:00,114.3,4.530,,,,,6.670,5.120,,,5.100,guidance_decay,0.000,nbm,0,14,0,v0.10.6
2026-09-27T10:11:26Z,2026-10-02 12:48-04:00,126.6,5.480,,,,,7.620,6.060,,,6.040,guidance_decay,0.000,nbm,7,13,0,v0.10.6
2026-09-27T10:11:26Z,2026-10-03 01:32-04:00,139.3,4.430,,,,,6.570,4.990,,,4.980,guidance_decay,0.000,nbm,16,13,6,v0.10.6
2026-09-27T10:11:26Z,2026-10-03 13:54-04:00,151.7,5.340,,,,,7.480,5.900,,,5.890,guidance_decay,0.000,nbm,15,12,6,v0.10.6
2026-09-27T10:11:26Z,2026-10-04 02:37-04:00,164.4,4.450,,,,,6.590,5.000,,,4.990,guidance_decay,0.110,nbm,18,13,13,v0.10.6
2026-09-27T11:10:22Z,2026-09-27 08:37-04:00,1.4,5.740,8.100,8.100,7.940,8.840,8.020,7.950,8.100,nws-coastal-flood-product,8.100,nws_product,0.240,nws_grid,100,47,90,v0.10.6
2026-09-27T11:10:22Z,2026-09-27 20:58-04:00,13.8,5.400,7.100,7.100,6.700,7.300,7.680,7.110,7.100,nws-coastal-flood-product,7.100,nws_product,0.400,nws_grid,97,29,90,v0.10.6
2026-09-27T11:10:22Z,2026-09-28 09:15-04:00,26.1,5.890,7.300,7.300,6.890,7.490,8.170,7.260,7.300,nws-coastal-flood-product,7.300,nws_product,0.070,nws_grid,52,21,55,v0.10.6
2026-09-27T11:10:22Z,2026-09-28 21:40-04:00,38.5,5.220,6.400,6.400,6.120,6.420,7.510,6.350,6.400,nws-coastal-flood-product,6.400,nws_product,0.000,nws_grid,5,15,55,v0.10.6
2026-09-27T11:10:22Z,2026-09-29 09:58-04:00,50.8,5.910,6.800,6.800,6.510,6.810,8.200,6.870,6.800,nws-coastal-flood-product,6.800,nws_product,0.000,nws_grid,0,10,0,v0.10.6
2026-09-27T11:10:22Z,2026-09-29 22:28-04:00,63.3,4.990,5.700,5.700,5.490,5.790,7.270,5.820,5.700,nws-coastal-flood-product,5.700,nws_product,0.000,nws_grid,0,5,0,v0.10.6
2026-09-27T11:10:22Z,2026-09-30 10:47-04:00,75.6,5.830,,,6.330,6.530,8.110,6.570,,,6.430,petss_mid,0.000,nbm,0,5,0,v0.10.6
2026-09-27T11:10:22Z,2026-09-30 23:23-04:00,88.2,4.730,,,5.230,5.430,7.010,5.410,,,5.330,petss_mid,0.000,nbm,2,9,0,v0.10.6
2026-09-27T11:10:22Z,2026-10-01 11:44-04:00,100.6,5.660,,,,,7.940,6.300,,,6.240,guidance_decay,0.000,nbm,1,8,0,v0.10.6
2026-09-27T11:10:22Z,2026-10-02 00:27-04:00,113.3,4.530,,,,,6.810,5.130,,,5.100,guidance_decay,0.000,nbm,0,14,0,v0.10.6
2026-09-27T11:10:22Z,2026-10-02 12:48-04:00,125.6,5.480,,,,,7.760,6.060,,,6.040,guidance_decay,0.000,nbm,7,13,0,v0.10.6
2026-09-27T11:10:22Z,2026-10-03 01:32-04:00,138.4,4.430,,,,,6.710,5.000,,,4.980,guidance_decay,0.000,nbm,16,13,6,v0.10.6
2026-09-27T11:10:22Z,2026-10-03 13:54-04:00,150.7,5.340,,,,,7.620,5.900,,,5.890,guidance_decay,0.000,nbm,15,12,6,v0.10.6
2026-09-27T11:10:22Z,2026-10-04 02:37-04:00,163.4,4.450,,,,,6.730,5.000,,,4.990,guidance_decay,0.110,nbm,18,13,13,v0.10.6
2026-09-27T12:17:25Z,2026-09-27 08:37-04:00,0.3,5.740,8.100,8.100,7.940,8.840,8.390,8.370,8.100,nws-coastal-flood-product,8.100,nws_product,0.240,nws_grid,100,47,97,v0.10.6
2026-09-27T12:17:25Z,2026-09-27 20:58-04:00,12.7,5.400,7.100,7.100,6.700,7.300,8.050,7.410,7.100,nws-coastal-flood-product,7.100,nws_product,0.400,nws_grid,97,29,97,v0.10.6
2026-09-27T12:17:25Z,2026-09-28 09:15-04:00,25.0,5.890,7.300,7.300,6.890,7.490,8.540,7.470,7.300,nws-coastal-flood-product,7.300,nws_product,0.070,nws_grid,52,21,52,v0.10.6
2026-09-27T12:17:25Z,2026-09-28 21:40-04:00,37.4,5.220,6.400,6.400,6.120,6.420,7.870,6.500,6.400,nws-coastal-flood-product,6.400,nws_product,0.000,nws_grid,5,15,52,v0.10.6
2026-09-27T12:17:25Z,2026-09-29 09:58-04:00,49.7,5.910,6.800,6.800,6.510,6.810,8.560,6.980,6.800,nws-coastal-flood-product,6.800,nws_product,0.000,nws_grid,0,10,0,v0.10.6
2026-09-27T12:17:25Z,2026-09-29 22:28-04:00,62.2,4.990,5.700,5.700,5.490,5.790,7.640,5.890,5.700,nws-coastal-flood-product,5.700,nws_product,0.000,nws_grid,0,5,0,v0.10.6
2026-09-27T12:17:25Z,2026-09-30 10:47-04:00,74.5,5.830,,,6.330,6.530,8.480,6.620,,,6.430,petss_mid,0.000,nbm,0,5,0,v0.10.6
2026-09-27T12:17:25Z,2026-09-30 23:23-04:00,87.1,4.730,,,5.230,5.430,7.380,5.450,,,5.330,petss_mid,0.000,nbm,2,9,0,v0.10.6
2026-09-27T12:17:25Z,2026-10-01 11:44-04:00,99.4,5.660,,,,,8.310,6.320,,,6.240,guidance_decay,0.000,nbm,1,8,0,v0.10.6
2026-09-27T12:17:25Z,2026-10-02 00:27-04:00,112.2,4.530,,,,,7.180,5.150,,,5.100,guidance_decay,0.000,nbm,0,14,0,v0.10.6
2026-09-27T12:17:25Z,2026-10-02 12:48-04:00,124.5,5.480,,,,,8.130,6.080,,,6.040,guidance_decay,0.000,nbm,7,13,0,v0.10.6
2026-09-27T12:17:25Z,2026-10-03 01:32-04:00,137.2,4.430,,,,,7.080,5.010,,,4.980,guidance_decay,0.000,nbm,16,13,3,v0.10.6
2026-09-27T12:17:25Z,2026-10-03 13:54-04:00,149.6,5.340,,,,,7.990,5.900,,,5.890,guidance_decay,0.000,nbm,15,12,3,v0.10.6
2026-09-27T12:17:25Z,2026-10-04 02:37-04:00,162.3,4.450,,,,,7.100,5.000,,,4.990,guidance_decay,0.010,nbm,18,13,10,v0.10.6
2026-09-27T13:10:42Z,2026-09-27 20:58-04:00,11.8,5.400,7.100,7.100,6.700,7.300,8.230,7.580,7.100,nws-coastal-flood-product,7.100,nws_product,0.400,nws_grid,97,29,97,v0.10.6
2026-09-27T13:10:42Z,2026-09-28 09:15-04:00,24.1,5.890,7.300,7.300,6.890,7.490,8.720,7.590,7.300,nws-coastal-flood-product,7.300,nws_product,0.070,nws_grid,52,21,52,v0.10.6
2026-09-27T13:10:42Z,2026-09-28 21:40-04:00,36.5,5.220,6.400,6.400,6.120,6.420,8.050,6.590,6.400,nws-coastal-flood-product,6.400,nws_product,0.000,nws_grid,5,15,52,v0.10.6
2026-09-27T13:10:42Z,2026-09-29 09:58-04:00,48.8,5.910,6.800,6.800,6.510,6.810,8.740,7.030,6.800,nws-coastal-flood-product,6.800,nws_product,0.000,nws_grid,0,10,0,v0.10.6
2026-09-27T13:10:42Z,2026-09-29 22:28-04:00,61.3,4.990,5.700,5.700,5.490,5.790,7.820,5.930,5.700,nws-coastal-flood-product,5.700,nws_product,0.000,nws_grid,0,5,0,v0.10.6
2026-09-27T13:10:42Z,2026-09-30 10:47-04:00,73.6,5.830,,,6.330,6.530,8.660,6.650,,,6.430,petss_mid,0.000,nbm,0,5,0,v0.10.6
2026-09-27T13:10:42Z,2026-09-30 23:23-04:00,86.2,4.730,,,5.230,5.430,7.560,5.470,,,5.330,petss_mid,0.000,nbm,2,9,0,v0.10.6
2026-09-27T13:10:42Z,2026-10-01 11:44-04:00,98.6,5.660,,,,,8.490,6.340,,,6.240,guidance_decay,0.000,nbm,1,8,0,v0.10.6
2026-09-27T13:10:42Z,2026-10-02 00:27-04:00,111.3,4.530,,,,,7.360,5.160,,,5.100,guidance_decay,0.000,nbm,0,14,0,v0.10.6
2026-09-27T13:10:42Z,2026-10-02 12:48-04:00,123.6,5.480,,,,,8.310,6.090,,,6.040,guidance_decay,0.000,nbm,7,13,0,v0.10.6
2026-09-27T13:10:42Z,2026-10-03 01:32-04:00,136.4,4.430,,,,,7.260,5.010,,,4.980,guidance_decay,0.000,nbm,16,13,3,v0.10.6
2026-09-27T13:10:42Z,2026-10-03 13:54-04:00,148.7,5.340,,,,,8.170,5.910,,,5.890,guidance_decay,0.000,nbm,15,12,3,v0.10.6
2026-09-27T13:10:42Z,2026-10-04 02:37-04:00,161.4,4.450,,,,,7.280,5.010,,,4.990,guidance_decay,0.010,nbm,18,13,10,v0.10.6
2026-09-27T14:10:47Z,2026-09-27 20:58-04:00,10.8,5.400,7.100,7.100,6.700,7.300,8.520,7.840,7.100,nws-coastal-flood-product,7.100,nws_product,0.400,nws_grid,97,29,97,v0.10.6
2026-09-27T14:10:47Z,2026-09-28 09:15-04:00,23.1,5.890,7.300,7.300,6.890,7.490,9.010,7.780,7.300,nws-coastal-flood-product,7.300,nws_product,0.070,nws_grid,52,21,52,v0.10.6
2026-09-27T14:10:47Z,2026-09-28 21:40-04:00,35.5,5.220,6.400,6.400,6.120,6.420,8.350,6.720,6.400,nws-coastal-flood-product,6.400,nws_product,0.000,nws_grid,5,15,52,v0.10.6
2026-09-27T14:10:47Z,2026-09-29 09:58-04:00,47.8,5.910,6.800,6.800,6.510,6.810,9.040,7.130,6.800,nws-coastal-flood-product,6.800,nws_product,0.000,nws_grid,0,10,0,v0.10.6
2026-09-27T14:10:47Z,2026-09-29 22:28-04:00,60.3,4.990,5.700,5.700,5.490,5.790,8.110,6.000,5.700,nws-coastal-flood-product,5.700,nws_product,0.000,nws_grid,0,5,0,v0.10.6
2026-09-27T14:10:47Z,2026-09-30 10:47-04:00,72.6,5.830,,,6.330,6.530,8.950,6.700,,,6.430,petss_mid,0.000,nbm,0,5,0,v0.10.6
2026-09-27T14:10:47Z,2026-09-30 23:23-04:00,85.2,4.730,,,5.230,5.430,7.860,5.500,,,5.330,petss_mid,0.000,nbm,2,9,0,v0.10.6
2026-09-27T14:10:47Z,2026-10-01 11:44-04:00,97.6,5.660,,,,,8.790,6.360,,,6.240,guidance_decay,0.000,nbm,1,8,0,v0.10.6
2026-09-27T14:10:47Z,2026-10-02 00:27-04:00,110.3,4.530,,,,,7.650,5.180,,,5.100,guidance_decay,0.000,nbm,0,14,0,v0.10.6
2026-09-27T14:10:47Z,2026-10-02 12:48-04:00,122.6,5.480,,,,,8.610,6.100,,,6.040,guidance_decay,0.000,nbm,7,13,0,v0.10.6
2026-09-27T14:10:47Z,2026-10-03 01:32-04:00,135.4,4.430,,,,,7.560,5.020,,,4.980,guidance_decay,0.000,nbm,16,13,3,v0.10.6
2026-09-27T14:10:47Z,2026-10-03 13:54-04:00,147.7,5.340,,,,,8.470,5.910,,,5.890,guidance_decay,0.000,nbm,15,12,3,v0.10.6
2026-09-27T14:10:47Z,2026-10-04 02:37-04:00,160.4,4.450,,,,,7.580,5.010,,,4.990,guidance_decay,0.010,nbm,18,13,10,v0.10.6
2026-09-27T15:10:52Z,2026-09-27 20:58-04:00,9.8,5.400,7.100,7.100,6.600,7.100,8.410,7.810,7.100,nws-coastal-flood-product,7.100,nws_product,0.400,nws_grid,97,29,97,v0.10.6
2026-09-27T15:10:52Z,2026-09-28 09:15-04:00,22.1,5.890,7.300,7.300,6.890,7.290,8.900,7.760,7.300,nws-coastal-flood-product,7.300,nws_product,0.070,nws_grid,52,21,52,v0.10.6
2026-09-27T15:10:52Z,2026-09-28 21:40-04:00,34.5,5.220,6.400,6.400,6.120,6.320,8.240,6.700,6.400,nws-coastal-flood-product,6.400,nws_product,0.000,nws_grid,5,15,52,v0.10.6
2026-09-27T15:10:52Z,2026-09-29 09:58-04:00,46.8,5.910,6.800,6.800,6.410,6.810,8.930,7.120,6.800,nws-coastal-flood-product,6.800,nws_product,0.000,nws_grid,0,10,0,v0.10.6
2026-09-27T15:10:52Z,2026-09-29 22:28-04:00,59.3,4.990,5.700,5.700,5.490,5.690,8.000,5.990,5.700,nws-coastal-flood-product,5.700,nws_product,0.000,nws_grid,0,5,0,v0.10.6
2026-09-27T15:10:52Z,2026-09-30 10:47-04:00,71.6,5.830,,,6.330,6.530,8.840,6.690,6.690,surge-persistence,6.430,petss_mid,0.000,nbm,0,5,0,v0.10.6
2026-09-27T15:10:52Z,2026-09-30 23:23-04:00,84.2,4.730,,,5.230,5.430,7.750,5.500,,,5.330,petss_mid,0.000,nbm,2,9,0,v0.10.6
2026-09-27T15:10:52Z,2026-10-01 11:44-04:00,96.6,5.660,,,,,8.680,6.360,,,6.160,guidance_decay,0.000,nbm,1,8,0,v0.10.6
2026-09-27T15:10:52Z,2026-10-02 00:27-04:00,109.3,4.530,,,,,7.540,5.180,,,5.040,guidance_decay,0.000,nbm,0,14,0,v0.10.6
2026-09-27T15:10:52Z,2026-10-02 12:48-04:00,121.6,5.480,,,,,8.500,6.100,,,6.000,guidance_decay,0.000,nbm,7,13,0,v0.10.6
2026-09-27T15:10:52Z,2026-10-03 01:32-04:00,134.4,4.430,,,,,7.450,5.020,,,4.950,guidance_decay,0.000,nbm,16,13,3,v0.10.6
2026-09-27T15:10:52Z,2026-10-03 13:54-04:00,146.7,5.340,,,,,8.360,5.910,,,5.870,guidance_decay,0.000,nbm,15,12,3,v0.10.6
2026-09-27T15:10:52Z,2026-10-04 02:37-04:00,159.4,4.450,,,,,7.470,5.010,,,4.980,guidance_decay,0.010,nbm,18,13,10,v0.10.6
2026-09-27T16:12:41Z,2026-09-27 20:58-04:00,8.8,5.400,7.100,7.100,6.600,7.100,8.090,7.620,7.100,nws-coastal-flood-product,7.100,nws_product,0.400,nws_grid,97,29,97,v0.10.6
2026-09-27T16:12:41Z,2026-09-28 09:15-04:00,21.0,5.890,7.300,7.300,6.890,7.290,8.580,7.620,7.300,nws-coastal-flood-product,7.300,nws_product,0.070,nws_grid,52,21,52,v0.10.6
2026-09-27T16:12:41Z,2026-09-28 21:40-04:00,33.5,5.220,6.400,6.400,6.120,6.320,7.920,6.610,6.400,nws-coastal-flood-product,6.400,nws_product,0.000,nws_grid,5,15,52,v0.10.6
2026-09-27T16:12:41Z,2026-09-29 09:58-04:00,45.8,5.910,6.800,6.800,6.410,6.810,8.610,7.050,6.800,nws-coastal-flood-product,6.800,nws_product,0.000,nws_grid,0,10,0,v0.10.6
2026-09-27T16:12:41Z,2026-09-29 22:28-04:00,58.3,4.990,5.700,5.700,5.490,5.690,7.680,5.940,5.700,nws-coastal-flood-product,5.700,nws_product,0.000,nws_grid,0,5,0,v0.10.6
2026-09-27T16:12:41Z,2026-09-30 10:47-04:00,70.6,5.830,,,6.330,6.530,8.520,6.660,6.660,surge-persistence,6.430,petss_mid,0.000,nbm,0,5,0,v0.10.6
2026-09-27T16:12:41Z,2026-09-30 23:23-04:00,83.2,4.730,,,5.230,5.430,7.430,5.480,,,5.330,petss_mid,0.000,nbm,2,9,0,v0.10.6
2026-09-27T16:12:41Z,2026-10-01 11:44-04:00,95.5,5.660,,,,,8.360,6.340,,,6.160,guidance_decay,0.000,nbm,1,8,0,v0.10.6
2026-09-27T16:12:41Z,2026-10-02 00:27-04:00,108.2,4.530,,,,,7.220,5.160,,,5.040,guidance_decay,0.000,nbm,0,14,0,v0.10.6
2026-09-27T16:12:41Z,2026-10-02 12:48-04:00,120.6,5.480,,,,,8.180,6.090,,,6.000,guidance_decay,0.000,nbm,7,13,0,v0.10.6
2026-09-27T16:12:41Z,2026-10-03 01:32-04:00,133.3,4.430,,,,,7.130,5.010,,,4.950,guidance_decay,0.000,nbm,16,13,3,v0.10.6
2026-09-27T16:12:41Z,2026-10-03 13:54-04:00,145.7,5.340,,,,,8.040,5.910,,,5.870,guidance_decay,0.000,nbm,15,12,3,v0.10.6
2026-09-27T16:12:41Z,2026-10-04 02:37-04:00,158.4,4.450,,,,,7.150,5.010,,,4.980,guidance_decay,0.010,nbm,18,13,10,v0.10.6
2026-09-27T17:10:17Z,2026-09-27 20:58-04:00,7.8,5.400,7.200,7.200,6.600,7.100,7.700,7.340,7.200,nws-coastal-flood-product,7.200,nws_product,0.400,nws_grid,97,29,97,v0.10.6
2026-09-27T17:10:17Z,2026-09-28 09:15-04:00,20.1,5.890,7.000,7.000,6.890,7.290,8.180,7.420,7.000,nws-coastal-flood-product,7.000,nws_product,0.070,nws_grid,52,21,52,v0.10.6
2026-09-27T17:10:17Z,2026-09-28 21:40-04:00,32.5,5.220,6.100,6.100,6.120,6.320,7.520,6.470,6.100,nws-coastal-flood-product,6.100,nws_product,0.000,nws_grid,5,15,52,v0.10.6
2026-09-27T17:10:17Z,2026-09-29 09:58-04:00,44.8,5.910,6.700,6.700,6.410,6.810,8.210,6.950,6.700,nws-coastal-flood-product,6.700,nws_product,0.000,nws_grid,0,10,0,v0.10.6
2026-09-27T17:10:17Z,2026-09-29 22:28-04:00,57.3,4.990,5.700,5.700,5.490,5.690,7.290,5.880,5.700,nws-coastal-flood-product,5.700,nws_product,0.000,nws_grid,0,5,0,v0.10.6
2026-09-27T17:10:17Z,2026-09-30 10:47-04:00,69.6,5.830,,6.400,6.330,6.530,8.120,6.610,6.610,surge-persistence,6.400,nwps,0.000,nbm,0,5,0,v0.10.6
2026-09-27T17:10:17Z,2026-09-30 23:23-04:00,82.2,4.730,,,5.230,5.430,7.030,5.440,,,5.330,petss_mid,0.000,nbm,2,9,0,v0.10.6
2026-09-27T17:10:17Z,2026-10-01 11:44-04:00,94.6,5.660,,,,,7.960,6.320,,,6.160,guidance_decay,0.000,nbm,1,8,0,v0.10.6
2026-09-27T17:10:17Z,2026-10-02 00:27-04:00,107.3,4.530,,,,,6.830,5.150,,,5.040,guidance_decay,0.000,nbm,0,14,0,v0.10.6
2026-09-27T17:10:17Z,2026-10-02 12:48-04:00,119.6,5.480,,,,,7.780,6.080,,,6.000,guidance_decay,0.000,nbm,7,13,0,v0.10.6
2026-09-27T17:10:17Z,2026-10-03 01:32-04:00,132.4,4.430,,,,,6.730,5.010,,,4.950,guidance_decay,0.000,nbm,16,13,3,v0.10.6
2026-09-27T17:10:17Z,2026-10-03 13:54-04:00,144.7,5.340,,,,,7.640,5.900,,,5.870,guidance_decay,0.000,nbm,15,12,3,v0.10.6
2026-09-27T17:10:17Z,2026-10-04 02:37-04:00,157.4,4.450,,,,,6.750,5.000,,,4.980,guidance_decay,0.010,nbm,18,13,10,v0.10.6
2026-09-27T18:14:23Z,2026-09-27 20:58-04:00,6.7,5.400,7.200,7.200,6.600,7.100,7.310,7.070,7.200,nws-coastal-flood-product,7.200,nws_product,0.400,nws_grid,97,29,100,v0.10.6
2026-09-27T18:14:23Z,2026-09-28 09:15-04:00,19.0,5.890,7.000,7.000,6.890,7.290,7.800,7.230,7.000,nws-coastal-flood-product,7.000,nws_product,0.070,nws_grid,52,21,61,v0.10.6
2026-09-27T18:14:23Z,2026-09-28 21:40-04:00,31.4,5.220,6.100,6.100,6.120,6.320,7.140,6.330,6.100,nws-coastal-flood-product,6.100,nws_product,0.000,nws_grid,5,15,61,v0.10.6
2026-09-27T18:14:23Z,2026-09-29 09:58-04:00,43.7,5.910,6.700,6.700,6.410,6.810,7.830,6.850,6.700,nws-coastal-flood-product,6.700,nws_product,0.000,nws_grid,0,10,0,v0.10.6
2026-09-27T18:14:23Z,2026-09-29 22:28-04:00,56.2,4.990,5.700,5.700,5.490,5.690,6.900,5.810,5.700,nws-coastal-flood-product,5.700,nws_product,0.000,nws_grid,0,5,0,v0.10.6
2026-09-27T18:14:23Z,2026-09-30 10:47-04:00,68.5,5.830,,6.400,6.330,6.530,7.740,6.560,6.560,surge-persistence,6.400,nwps,0.000,nbm,0,5,0,v0.10.6
2026-09-27T18:14:23Z,2026-09-30 23:23-04:00,81.1,4.730,,,5.230,5.430,6.640,5.410,,,5.330,petss_mid,0.000,nbm,2,9,0,v0.10.6
2026-09-27T18:14:23Z,2026-10-01 11:44-04:00,93.5,5.660,,,,,7.570,6.290,,,6.160,guidance_decay,0.000,nbm,1,8,0,v0.10.6
2026-09-27T18:14:23Z,2026-10-02 00:27-04:00,106.2,4.530,,,,,6.440,5.130,,,5.040,guidance_decay,0.000,nbm,0,14,3,v0.10.6
2026-09-27T18:14:23Z,2026-10-02 12:48-04:00,118.6,5.480,,,,,7.390,6.060,,,6.000,guidance_decay,0.000,nbm,7,13,3,v0.10.6
2026-09-27T18:14:23Z,2026-10-03 01:32-04:00,131.3,4.430,,,,,6.340,5.000,,,4.950,guidance_decay,0.000,nbm,16,13,0,v0.10.6
2026-09-27T18:14:23Z,2026-10-03 13:54-04:00,143.7,5.340,,,,,7.250,5.900,,,5.870,guidance_decay,0.000,nbm,15,12,0,v0.10.6
2026-09-27T18:14:23Z,2026-10-04 02:37-04:00,156.4,4.450,,,,,6.360,5.000,,,4.980,guidance_decay,0.160,nbm,18,13,10,v0.10.6
2026-09-27T19:09:32Z,2026-09-27 20:58-04:00,5.8,5.400,7.200,7.200,6.600,7.100,7.120,6.940,7.200,nws-coastal-flood-product,7.200,nws_product,0.400,nws_grid,97,29,100,v0.10.6
2026-09-27T19:09:32Z,2026-09-28 09:15-04:00,18.1,5.890,7.000,7.000,6.890,7.290,7.610,7.140,7.000,nws-coastal-flood-product,7.000,nws_product,0.070,nws_grid,52,21,61,v0.10.6
2026-09-27T19:09:32Z,2026-09-28 21:40-04:00,30.5,5.220,6.100,6.100,6.120,6.320,6.950,6.270,6.100,nws-coastal-flood-product,6.100,nws_product,0.000,nws_grid,5,15,61,v0.10.6
2026-09-27T19:09:32Z,2026-09-29 09:58-04:00,42.8,5.910,6.700,6.700,6.410,6.810,7.640,6.810,6.700,nws-coastal-flood-product,6.700,nws_product,0.000,nws_grid,0,10,0,v0.10.6
2026-09-27T19:09:32Z,2026-09-29 22:28-04:00,55.3,4.990,5.700,5.700,5.490,5.690,6.710,5.770,5.700,nws-coastal-flood-product,5.700,nws_product,0.000,nws_grid,0,5,0,v0.10.6
2026-09-27T19:09:32Z,2026-09-30 10:47-04:00,67.6,5.830,,6.400,6.330,6.530,7.550,6.540,6.540,surge-persistence,6.400,nwps,0.000,nbm,0,5,0,v0.10.6
2026-09-27T19:09:32Z,2026-09-30 23:23-04:00,80.2,4.730,,,5.230,5.430,6.460,5.390,,,5.330,petss_mid,0.000,nbm,2,9,0,v0.10.6
2026-09-27T19:09:32Z,2026-10-01 11:44-04:00,92.6,5.660,,,,,7.390,6.280,,,6.160,guidance_decay,0.000,nbm,1,8,0,v0.10.6
2026-09-27T19:09:32Z,2026-10-02 00:27-04:00,105.3,4.530,,,,,6.250,5.120,,,5.040,guidance_decay,0.000,nbm,0,14,3,v0.10.6
2026-09-27T19:09:32Z,2026-10-02 12:48-04:00,117.6,5.480,,,,,7.210,6.060,,,6.000,guidance_decay,0.000,nbm,7,13,3,v0.10.6
2026-09-27T19:09:32Z,2026-10-03 01:32-04:00,130.4,4.430,,,,,6.160,4.990,,,4.950,guidance_decay,0.000,nbm,16,13,0,v0.10.6
2026-09-27T19:09:32Z,2026-10-03 13:54-04:00,142.7,5.340,,,,,7.070,5.890,,,5.870,guidance_decay,0.000,nbm,15,12,0,v0.10.6
2026-09-27T19:09:32Z,2026-10-04 02:37-04:00,155.5,4.450,,,,,6.180,5.000,,,4.980,guidance_decay,0.160,nbm,18,13,10,v0.10.6
2026-09-27T19:09:32Z,2026-10-04 14:59-04:00,167.8,5.250,,,,,6.980,5.800,,,5.780,guidance_decay,0.100,nbm,39,16,10,v0.10.6
2026-09-27T20:12:05Z,2026-09-27 20:58-04:00,4.8,5.400,7.200,7.200,6.600,7.100,7.060,6.920,7.200,nws-coastal-flood-product,7.200,nws_product,0.400,nws_grid,97,29,100,v0.10.6
2026-09-27T20:12:05Z,2026-09-28 09:15-04:00,17.0,5.890,7.000,7.000,6.890,7.290,7.550,7.120,7.000,nws-coastal-flood-product,7.000,nws_product,0.070,nws_grid,52,21,61,v0.10.6
2026-09-27T20:12:05Z,2026-09-28 21:40-04:00,29.5,5.220,6.100,6.100,6.120,6.320,6.890,6.250,6.100,nws-coastal-flood-product,6.100,nws_product,0.000,nws_grid,5,15,61,v0.10.6
2026-09-27T20:12:05Z,2026-09-29 09:58-04:00,41.8,5.910,6.700,6.700,6.410,6.810,7.580,6.800,6.700,nws-coastal-flood-product,6.700,nws_product,0.000,nws_grid,0,10,0,v0.10.6
2026-09-27T20:12:05Z,2026-09-29 22:28-04:00,54.3,4.990,5.700,5.700,5.490,5.690,6.650,5.770,5.700,nws-coastal-flood-product,5.700,nws_product,0.000,nws_grid,0,5,0,v0.10.6
2026-09-27T20:12:05Z,2026-09-30 10:47-04:00,66.6,5.830,,6.400,6.330,6.530,7.490,6.530,6.530,surge-persistence,6.400,nwps,0.000,nbm,0,5,0,v0.10.6
2026-09-27T20:12:05Z,2026-09-30 23:23-04:00,79.2,4.730,,,5.230,5.430,6.390,5.390,,,5.330,petss_mid,0.000,nbm,2,9,0,v0.10.6
2026-09-27T20:12:05Z,2026-10-01 11:44-04:00,91.5,5.660,,,,,7.320,6.280,,,6.160,guidance_decay,0.000,nbm,1,8,0,v0.10.6
2026-09-27T20:12:05Z,2026-10-02 00:27-04:00,104.2,4.530,,,,,6.190,5.120,,,5.040,guidance_decay,0.000,nbm,0,14,3,v0.10.6
2026-09-27T20:12:05Z,2026-10-02 12:48-04:00,116.6,5.480,,,,,7.140,6.060,,,6.000,guidance_decay,0.000,nbm,7,13,3,v0.10.6
2026-09-27T20:12:05Z,2026-10-03 01:32-04:00,129.3,4.430,,,,,6.090,4.990,,,4.950,guidance_decay,0.000,nbm,16,13,0,v0.10.6
2026-09-27T20:12:05Z,2026-10-03 13:54-04:00,141.7,5.340,,,,,7.000,5.890,,,5.870,guidance_decay,0.000,nbm,15,12,0,v0.10.6
2026-09-27T20:12:05Z,2026-10-04 02:37-04:00,154.4,4.450,,,,,6.110,5.000,,,4.980,guidance_decay,0.160,nbm,18,13,10,v0.10.6
2026-09-27T20:12:05Z,2026-10-04 14:59-04:00,166.8,5.250,,,,,6.920,5.800,,,5.780,guidance_decay,0.100,nbm,39,16,10,v0.10.6
2026-09-27T21:10:49Z,2026-09-27 20:58-04:00,3.8,5.400,7.200,7.200,6.600,6.900,7.160,7.030,7.200,nws-coastal-flood-product,7.200,nws_product,0.620,nws_grid,100,29,100,v0.10.6
2026-09-27T21:10:49Z,2026-09-28 09:15-04:00,16.1,5.890,7.000,7.000,6.890,7.190,7.640,7.200,7.000,nws-coastal-flood-product,7.000,nws_product,0.070,nws_grid,58,24,61,v0.10.6
2026-09-27T21:10:49Z,2026-09-28 21:40-04:00,28.5,5.220,6.100,6.100,6.020,6.320,6.980,6.310,6.100,nws-coastal-flood-product,6.100,nws_product,0.000,nws_grid,0,15,61,v0.10.6
2026-09-27T21:10:49Z,2026-09-29 09:58-04:00,40.8,5.910,6.700,6.700,6.410,6.710,7.670,6.840,6.700,nws-coastal-flood-product,6.700,nws_product,0.000,nws_grid,0,9,0,v0.10.6
2026-09-27T21:10:49Z,2026-09-29 22:28-04:00,53.3,4.990,5.700,5.700,5.490,5.690,6.750,5.800,5.700,nws-coastal-flood-product,5.700,nws_product,0.000,nws_grid,0,6,0,v0.10.6
2026-09-27T21:10:49Z,2026-09-30 10:47-04:00,65.6,5.830,,6.400,6.330,6.430,7.580,6.550,6.550,surge-persistence,6.400,nwps,0.000,nws_grid,0,5,0,v0.10.6
2026-09-27T21:10:49Z,2026-09-30 23:23-04:00,78.2,4.730,,,5.230,5.430,6.490,5.400,,,5.330,petss_mid,0.000,nbm,0,9,0,v0.10.6
2026-09-27T21:10:49Z,2026-10-01 11:44-04:00,90.6,5.660,,,6.060,6.260,7.420,6.290,,,6.160,petss_mid,0.000,nbm,0,8,0,v0.10.6
2026-09-27T21:10:49Z,2026-10-02 00:27-04:00,103.3,4.530,,,,,6.290,5.130,,,5.040,guidance_decay,0.000,nbm,0,15,3,v0.10.6
2026-09-27T21:10:49Z,2026-10-02 12:48-04:00,115.6,5.480,,,,,7.240,6.060,,,6.000,guidance_decay,0.000,nbm,4,13,3,v0.10.6
2026-09-27T21:10:49Z,2026-10-03 01:32-04:00,128.4,4.430,,,,,6.190,5.000,,,4.950,guidance_decay,0.000,nbm,19,14,0,v0.10.6
2026-09-27T21:10:49Z,2026-10-03 13:54-04:00,140.7,5.340,,,,,7.100,5.900,,,5.860,guidance_decay,0.000,nbm,14,13,0,v0.10.6
2026-09-27T21:10:49Z,2026-10-04 02:37-04:00,153.4,4.450,,,,,6.210,5.000,,,4.970,guidance_decay,0.160,nbm,15,13,10,v0.10.6
2026-09-27T21:10:49Z,2026-10-04 14:59-04:00,165.8,5.250,,,,,7.010,5.800,,,5.780,guidance_decay,0.100,nbm,32,15,10,v0.10.6
2026-09-27T22:10:53Z,2026-09-27 20:58-04:00,2.8,5.400,7.200,7.200,6.600,6.900,6.990,6.910,7.200,nws-coastal-flood-product,7.200,nws_product,0.620,nws_grid,100,29,100,v0.10.6
2026-09-27T22:10:53Z,2026-09-28 09:15-04:00,15.1,5.890,7.000,7.000,6.890,7.190,7.480,7.110,7.000,nws-coastal-flood-product,7.000,nws_product,0.070,nws_grid,58,24,61,v0.10.6
2026-09-27T22:10:53Z,2026-09-28 21:40-04:00,27.5,5.220,6.100,6.100,6.020,6.320,6.820,6.250,6.100,nws-coastal-flood-product,6.100,nws_product,0.000,nws_grid,0,15,61,v0.10.6
2026-09-27T22:10:53Z,2026-09-29 09:58-04:00,39.8,5.910,6.700,6.700,6.410,6.710,7.510,6.800,6.700,nws-coastal-flood-product,6.700,nws_product,0.000,nws_grid,0,9,0,v0.10.6
2026-09-27T22:10:53Z,2026-09-29 22:28-04:00,52.3,4.990,5.700,5.700,5.490,5.690,6.580,5.770,5.700,nws-coastal-flood-product,5.700,nws_product,0.000,nws_grid,0,6,0,v0.10.6
2026-09-27T22:10:53Z,2026-09-30 10:47-04:00,64.6,5.830,6.400,6.400,6.330,6.430,7.420,6.530,6.400,nws-coastal-flood-product,6.400,nws_product,0.000,nws_grid,0,5,0,v0.10.6
2026-09-27T22:10:53Z,2026-09-30 23:23-04:00,77.2,4.730,,,5.230,5.430,6.330,5.390,,,5.330,petss_mid,0.000,nbm,0,9,0,v0.10.6
2026-09-27T22:10:53Z,2026-10-01 11:44-04:00,89.6,5.660,,,6.060,6.260,7.260,6.280,,,6.160,petss_mid,0.000,nbm,0,8,0,v0.10.6
2026-09-27T22:10:53Z,2026-10-02 00:27-04:00,102.3,4.530,,,,,6.120,5.120,,,5.040,guidance_decay,0.000,nbm,0,15,3,v0.10.6
2026-09-27T22:10:53Z,2026-10-02 12:48-04:00,114.6,5.480,,,,,7.080,6.060,,,6.000,guidance_decay,0.000,nbm,4,13,3,v0.10.6
2026-09-27T22:10:53Z,2026-10-03 01:32-04:00,127.4,4.430,,,,,6.030,4.990,,,4.950,guidance_decay,0.000,nbm,19,14,0,v0.10.6
2026-09-27T22:10:53Z,2026-10-03 13:54-04:00,139.7,5.340,,,,,6.940,5.890,,,5.860,guidance_decay,0.000,nbm,14,13,0,v0.10.6
2026-09-27T22:10:53Z,2026-10-04 02:37-04:00,152.4,4.450,,,,,6.050,5.000,,,4.970,guidance_decay,0.160,nbm,15,13,10,v0.10.6
2026-09-27T22:10:53Z,2026-10-04 14:59-04:00,164.8,5.250,,,,,6.850,5.800,,,5.780,guidance_decay,0.100,nbm,32,15,10,v0.10.6
2026-09-27T22:41:22Z,2026-09-27 20:58-04:00,2.3,5.400,7.200,7.200,6.600,6.900,6.890,6.830,7.200,nws-coastal-flood-product,7.200,nws_product,0.620,nws_grid,100,29,100,v0.10.6
2026-09-27T22:41:22Z,2026-09-28 09:15-04:00,14.6,5.890,7.000,7.000,6.890,7.190,7.380,7.060,7.000,nws-coastal-flood-product,7.000,nws_product,0.070,nws_grid,58,24,61,v0.10.6
2026-09-27T22:41:22Z,2026-09-28 21:40-04:00,27.0,5.220,6.100,6.100,6.020,6.320,6.720,6.210,6.100,nws-coastal-flood-product,6.100,nws_product,0.000,nws_grid,0,15,61,v0.10.6
2026-09-27T22:41:22Z,2026-09-29 09:58-04:00,39.3,5.910,6.700,6.700,6.410,6.710,7.410,6.770,6.700,nws-coastal-flood-product,6.700,nws_product,0.000,nws_grid,0,9,0,v0.10.6
2026-09-27T22:41:22Z,2026-09-29 22:28-04:00,51.8,4.990,5.700,5.700,5.490,5.690,6.480,5.750,5.700,nws-coastal-flood-product,5.700,nws_product,0.000,nws_grid,0,6,0,v0.10.6
2026-09-27T22:41:22Z,2026-09-30 10:47-04:00,64.1,5.830,6.400,6.400,6.330,6.430,7.320,6.520,6.400,nws-coastal-flood-product,6.400,nws_product,0.000,nws_grid,0,5,0,v0.10.6
2026-09-27T22:41:22Z,2026-09-30 23:23-04:00,76.7,4.730,,,5.230,5.430,6.230,5.380,,,5.330,petss_mid,0.000,nbm,0,9,0,v0.10.6
2026-09-27T22:41:22Z,2026-10-01 11:44-04:00,89.0,5.660,,,6.060,6.260,7.150,6.270,,,6.160,petss_mid,0.000,nbm,0,8,0,v0.10.6
2026-09-27T22:41:22Z,2026-10-02 00:27-04:00,101.8,4.530,,,,,6.020,5.110,,,5.040,guidance_decay,0.000,nbm,0,15,3,v0.10.6
2026-09-27T22:41:22Z,2026-10-02 12:48-04:00,114.1,5.480,,,,,6.980,6.050,,,6.000,guidance_decay,0.000,nbm,4,13,3,v0.10.6
2026-09-27T22:41:22Z,2026-10-03 01:32-04:00,126.8,4.430,,,,,5.930,4.990,,,4.950,guidance_decay,0.000,nbm,19,14,0,v0.10.6
2026-09-27T22:41:22Z,2026-10-03 13:54-04:00,139.2,5.340,,,,,6.840,5.890,,,5.860,guidance_decay,0.000,nbm,14,13,0,v0.10.6
2026-09-27T22:41:22Z,2026-10-04 02:37-04:00,151.9,4.450,,,,,5.940,4.990,,,4.970,guidance_decay,0.160,nbm,15,13,10,v0.10.6
2026-09-27T22:41:22Z,2026-10-04 14:59-04:00,164.3,5.250,,,,,6.750,5.790,,,5.780,guidance_decay,0.100,nbm,32,15,10,v0.10.6
2026-09-27T23:10:39Z,2026-09-27 20:58-04:00,1.8,5.400,7.200,7.200,6.600,6.900,6.820,6.770,7.200,nws-coastal-flood-product,7.200,nws_product,0.620,nws_grid,100,29,100,v0.10.6
2026-09-27T23:10:39Z,2026-09-28 09:15-04:00,14.1,5.890,7.000,7.000,6.890,7.190,7.310,7.020,7.000,nws-coastal-flood-product,7.000,nws_product,0.070,nws_grid,58,24,61,v0.10.6
2026-09-27T23:10:39Z,2026-09-28 21:40-04:00,26.5,5.220,6.100,6.100,6.020,6.320,6.640,6.180,6.100,nws-coastal-flood-product,6.100,nws_product,0.000,nws_grid,0,15,61,v0.10.6
2026-09-27T23:10:39Z,2026-09-29 09:58-04:00,38.8,5.910,6.700,6.700,6.410,6.710,7.330,6.750,6.700,nws-coastal-flood-product,6.700,nws_product,0.000,nws_grid,0,9,0,v0.10.6
2026-09-27T23:10:39Z,2026-09-29 22:28-04:00,51.3,4.990,5.700,5.700,5.490,5.690,6.410,5.730,5.700,nws-coastal-flood-product,5.700,nws_product,0.000,nws_grid,0,6,0,v0.10.6
2026-09-27T23:10:39Z,2026-09-30 10:47-04:00,63.6,5.830,6.400,6.400,6.330,6.430,7.250,6.510,6.400,nws-coastal-flood-product,6.400,nws_product,0.000,nws_grid,0,5,0,v0.10.6
2026-09-27T23:10:39Z,2026-09-30 23:23-04:00,76.2,4.730,,,5.230,5.430,6.150,5.370,,,5.330,petss_mid,0.000,nbm,0,9,0,v0.10.6
2026-09-27T23:10:39Z,2026-10-01 11:44-04:00,88.6,5.660,,,6.060,6.260,7.080,6.270,,,6.160,petss_mid,0.000,nbm,0,8,0,v0.10.6
2026-09-27T23:10:39Z,2026-10-02 00:27-04:00,101.3,4.530,,,,,5.950,5.110,,,5.040,guidance_decay,0.000,nbm,0,15,3,v0.10.6
2026-09-27T23:10:39Z,2026-10-02 12:48-04:00,113.6,5.480,,,,,6.900,6.050,,,6.000,guidance_decay,0.000,nbm,4,13,3,v0.10.6
2026-09-27T23:10:39Z,2026-10-03 01:32-04:00,126.4,4.430,,,,,5.850,4.990,,,4.950,guidance_decay,0.000,nbm,19,14,0,v0.10.6
2026-09-27T23:10:39Z,2026-10-03 13:54-04:00,138.7,5.340,,,,,6.760,5.890,,,5.860,guidance_decay,0.000,nbm,14,13,0,v0.10.6
2026-09-27T23:10:39Z,2026-10-04 02:37-04:00,151.4,4.450,,,,,5.870,4.990,,,4.970,guidance_decay,0.160,nbm,15,13,10,v0.10.6
2026-09-27T23:10:39Z,2026-10-04 14:59-04:00,163.8,5.250,,,,,6.670,5.790,,,5.780,guidance_decay,0.100,nbm,32,15,10,v0.10.6
2026-09-28T00:37:57Z,2026-09-27 20:58-04:00,0.3,5.400,7.200,7.200,6.600,6.900,6.960,6.950,7.200,nws-coastal-flood-product,7.200,nws_product,0.620,nws_grid,100,29,100,v0.10.6
2026-09-28T00:37:57Z,2026-09-28 09:15-04:00,12.6,5.890,7.000,7.000,6.890,7.190,7.450,7.140,7.000,nws-coastal-flood-product,7.000,nws_product,0.070,nws_grid,58,24,77,v0.10.6
2026-09-28T00:37:57Z,2026-09-28 21:40-04:00,25.0,5.220,6.100,6.100,6.020,6.320,6.790,6.270,6.100,nws-coastal-flood-product,6.100,nws_product,0.000,nws_grid,0,15,77,v0.10.6
2026-09-28T00:37:57Z,2026-09-29 09:58-04:00,37.3,5.910,6.700,6.700,6.410,6.710,7.480,6.810,6.700,nws-coastal-flood-product,6.700,nws_product,0.000,nws_grid,0,9,0,v0.10.6
2026-09-28T00:37:57Z,2026-09-29 22:28-04:00,49.8,4.990,5.700,5.700,5.490,5.690,6.550,5.770,5.700,nws-coastal-flood-product,5.700,nws_product,0.000,nws_grid,0,6,0,v0.10.6
2026-09-28T00:37:57Z,2026-09-30 10:47-04:00,62.2,5.830,6.400,6.400,6.330,6.430,7.390,6.540,6.400,nws-coastal-flood-product,6.400,nws_product,0.000,nws_grid,0,5,0,v0.10.6
2026-09-28T00:37:57Z,2026-09-30 23:23-04:00,74.8,4.730,,,5.230,5.430,6.290,5.390,,,5.330,petss_mid,0.000,nbm,0,9,0,v0.10.6
2026-09-28T00:37:57Z,2026-10-01 11:44-04:00,87.1,5.660,,,6.060,6.260,7.220,6.280,,,6.160,petss_mid,0.000,nbm,0,8,0,v0.10.6
2026-09-28T00:37:57Z,2026-10-02 00:27-04:00,99.8,4.530,,,,,6.090,5.120,,,5.040,guidance_decay,0.000,nbm,0,15,0,v0.10.6
2026-09-28T00:37:57Z,2026-10-02 12:48-04:00,112.2,5.480,,,,,7.040,6.060,,,6.000,guidance_decay,0.000,nbm,4,13,0,v0.10.6
2026-09-28T00:37:57Z,2026-10-03 01:32-04:00,124.9,4.430,,,,,5.990,4.990,,,4.950,guidance_decay,0.000,nbm,19,14,10,v0.10.6
2026-09-28T00:37:57Z,2026-10-03 13:54-04:00,137.3,5.340,,,,,6.900,5.890,,,5.860,guidance_decay,0.000,nbm,14,13,10,v0.10.6
2026-09-28T00:37:57Z,2026-10-04 02:37-04:00,150.0,4.450,,,,,6.010,5.000,,,4.970,guidance_decay,0.010,nbm,15,13,16,v0.10.6
2026-09-28T00:37:57Z,2026-10-04 14:59-04:00,162.4,5.250,,,,,6.820,5.800,,,5.780,guidance_decay,0.130,nbm,32,15,16,v0.10.6
2026-09-28T01:32:44Z,2026-09-28 09:15-04:00,11.7,5.890,7.000,7.000,6.890,7.190,7.640,7.300,7.000,nws-coastal-flood-product,7.000,nws_product,0.070,nws_grid,58,24,77,v0.10.6
2026-09-28T01:32:44Z,2026-09-28 21:40-04:00,24.1,5.220,6.100,6.100,6.020,6.320,6.980,6.380,6.100,nws-coastal-flood-product,6.100,nws_product,0.000,nws_grid,0,15,77,v0.10.6
2026-09-28T01:32:44Z,2026-09-29 09:58-04:00,36.4,5.910,6.700,6.700,6.410,6.710,7.660,6.890,6.700,nws-coastal-flood-product,6.700,nws_product,0.000,nws_grid,0,9,0,v0.10.6
2026-09-28T01:32:44Z,2026-09-29 22:28-04:00,48.9,4.990,5.700,5.700,5.490,5.690,6.740,5.830,5.700,nws-coastal-flood-product,5.700,nws_product,0.000,nws_grid,0,6,0,v0.10.6
2026-09-28T01:32:44Z,2026-09-30 10:47-04:00,61.2,5.830,6.400,6.400,6.330,6.430,7.580,6.580,6.400,nws-coastal-flood-product,6.400,nws_product,0.000,nws_grid,0,5,0,v0.10.6
2026-09-28T01:32:44Z,2026-09-30 23:23-04:00,73.8,4.730,,,5.230,5.430,6.480,5.420,,,5.330,petss_mid,0.000,nbm,0,9,0,v0.10.6
2026-09-28T01:32:44Z,2026-10-01 11:44-04:00,86.2,5.660,,,6.060,6.260,7.410,6.300,,,6.160,petss_mid,0.000,nbm,0,8,0,v0.10.6
2026-09-28T01:32:44Z,2026-10-02 00:27-04:00,98.9,4.530,,,,,6.280,5.140,,,5.040,guidance_decay,0.000,nbm,0,15,0,v0.10.6
2026-09-28T01:32:44Z,2026-10-02 12:48-04:00,111.3,5.480,,,,,7.230,6.070,,,6.000,guidance_decay,0.000,nbm,4,13,0,v0.10.6
2026-09-28T01:32:44Z,2026-10-03 01:32-04:00,124.0,4.430,,,,,6.180,5.000,,,4.950,guidance_decay,0.000,nbm,19,14,10,v0.10.6
2026-09-28T01:32:44Z,2026-10-03 13:54-04:00,136.4,5.340,,,,,7.090,5.900,,,5.860,guidance_decay,0.000,nbm,14,13,10,v0.10.6
2026-09-28T01:32:44Z,2026-10-04 02:37-04:00,149.1,4.450,,,,,6.200,5.000,,,4.970,guidance_decay,0.010,nbm,15,13,16,v0.10.6
2026-09-28T01:32:44Z,2026-10-04 14:59-04:00,161.4,5.250,,,,,7.010,5.800,,,5.780,guidance_decay,0.130,nbm,32,15,16,v0.10.6
2026-09-28T02:25:46Z,2026-09-28 09:15-04:00,10.8,5.890,7.000,7.000,6.890,7.190,7.730,7.390,7.000,nws-coastal-flood-product,7.000,nws_product,0.070,nws_grid,58,24,77,v0.10.6
2026-09-28T02:25:46Z,2026-09-28 21:40-04:00,23.2,5.220,6.100,6.100,6.020,6.320,7.070,6.440,6.100,nws-coastal-flood-product,6.100,nws_product,0.000,nws_grid,0,15,77,v0.10.6
2026-09-28T02:25:46Z,2026-09-29 09:58-04:00,35.5,5.910,6.700,6.700,6.410,6.710,7.760,6.930,6.700,nws-coastal-flood-product,6.700,nws_product,0.000,nws_grid,0,9,0,v0.10.6
2026-09-28T02:25:46Z,2026-09-29 22:28-04:00,48.0,4.990,5.700,5.700,5.490,5.690,6.830,5.860,5.700,nws-coastal-flood-product,5.700,nws_product,0.000,nws_grid,0,6,0,v0.10.6
2026-09-28T02:25:46Z,2026-09-30 10:47-04:00,60.4,5.830,6.400,6.400,6.330,6.430,7.670,6.600,6.400,nws-coastal-flood-product,6.400,nws_product,0.000,nws_grid,0,5,0,v0.10.6
2026-09-28T02:25:46Z,2026-09-30 23:23-04:00,73.0,4.730,,,5.230,5.430,6.580,5.430,,,5.330,petss_mid,0.000,nbm,0,9,0,v0.10.6
2026-09-28T02:25:46Z,2026-10-01 11:44-04:00,85.3,5.660,,,6.060,6.260,7.510,6.310,,,6.160,petss_mid,0.000,nbm,0,8,0,v0.10.6
2026-09-28T02:25:46Z,2026-10-02 00:27-04:00,98.0,4.530,,,,,6.370,5.140,,,5.040,guidance_decay,0.000,nbm,0,15,0,v0.10.6
2026-09-28T02:25:46Z,2026-10-02 12:48-04:00,110.4,5.480,,,,,7.330,6.070,,,6.000,guidance_decay,0.000,nbm,4,13,0,v0.10.6
2026-09-28T02:25:46Z,2026-10-03 01:32-04:00,123.1,4.430,,,,,6.280,5.000,,,4.950,guidance_decay,0.000,nbm,19,14,10,v0.10.6
2026-09-28T02:25:46Z,2026-10-03 13:54-04:00,135.5,5.340,,,,,7.190,5.900,,,5.860,guidance_decay,0.000,nbm,14,13,10,v0.10.6
2026-09-28T02:25:46Z,2026-10-04 02:37-04:00,148.2,4.450,,,,,6.300,5.000,,,4.970,guidance_decay,0.010,nbm,15,13,16,v0.10.6
2026-09-28T02:25:46Z,2026-10-04 14:59-04:00,160.6,5.250,,,,,7.100,5.800,,,5.780,guidance_decay,0.130,nbm,32,15,16,v0.10.6
2026-09-28T03:18:38Z,2026-09-28 09:15-04:00,9.9,5.890,7.000,7.000,6.990,7.190,7.810,7.470,7.000,nws-coastal-flood-product,7.000,nws_product,0.070,nws_grid,58,24,77,v0.10.6
2026-09-28T03:18:38Z,2026-09-28 21:40-04:00,22.4,5.220,6.100,6.100,6.020,6.220,7.150,6.500,6.100,nws-coastal-flood-product,6.100,nws_product,0.000,nws_grid,0,15,77,v0.10.6
2026-09-28T03:18:38Z,2026-09-29 09:58-04:00,34.7,5.910,6.700,6.700,6.410,6.710,7.840,6.970,6.700,nws-coastal-flood-product,6.700,nws_product,0.000,nws_grid,0,9,0,v0.10.6
2026-09-28T03:18:38Z,2026-09-29 22:28-04:00,47.2,4.990,5.700,5.700,5.490,5.690,6.910,5.890,5.700,nws-coastal-flood-product,5.700,nws_product,0.000,nws_grid,0,6,0,v0.10.6
2026-09-28T03:18:38Z,2026-09-30 10:47-04:00,59.5,5.830,6.400,6.400,6.230,6.430,7.750,6.620,6.400,nws-coastal-flood-product,6.400,nws_product,0.000,nws_grid,0,5,0,v0.10.6
2026-09-28T03:18:38Z,2026-09-30 23:23-04:00,72.1,4.730,,,5.230,5.430,6.660,5.450,,,5.330,petss_mid,0.000,nbm,0,9,0,v0.10.6
2026-09-28T03:18:38Z,2026-10-01 11:44-04:00,84.4,5.660,,,6.060,6.260,7.580,6.320,,,6.160,petss_mid,0.000,nbm,0,8,0,v0.10.6
2026-09-28T03:18:38Z,2026-10-02 00:27-04:00,97.1,4.530,,,,,6.450,5.150,,,5.030,guidance_decay,0.000,nbm,0,15,0,v0.10.6
2026-09-28T03:18:38Z,2026-10-02 12:48-04:00,109.5,5.480,,,,,7.410,6.080,,,5.990,guidance_decay,0.000,nbm,4,13,0,v0.10.6
2026-09-28T03:18:38Z,2026-10-03 01:32-04:00,122.2,4.430,,,,,6.350,5.010,,,4.950,guidance_decay,0.000,nbm,19,14,10,v0.10.6
2026-09-28T03:18:38Z,2026-10-03 13:54-04:00,134.6,5.340,,,,,7.270,5.900,,,5.860,guidance_decay,0.000,nbm,14,13,10,v0.10.6
2026-09-28T03:18:38Z,2026-10-04 02:37-04:00,147.3,4.450,,,,,6.370,5.000,,,4.970,guidance_decay,0.020,nbm,15,13,16,v0.10.6
2026-09-28T03:18:38Z,2026-10-04 14:59-04:00,159.7,5.250,,,,,7.180,5.800,,,5.780,guidance_decay,0.150,nbm,32,15,16,v0.10.6
2026-09-28T04:16:20Z,2026-09-28 09:15-04:00,9.0,5.890,7.000,7.000,6.990,7.190,7.860,7.540,7.000,nws-coastal-flood-product,7.000,nws_product,0.070,nws_grid,58,24,77,v0.10.6
2026-09-28T04:16:20Z,2026-09-28 21:40-04:00,21.4,5.220,6.100,6.100,6.020,6.220,7.200,6.550,6.100,nws-coastal-flood-product,6.100,nws_product,0.000,nws_grid,0,15,77,v0.10.6
2026-09-28T04:16:20Z,2026-09-29 09:58-04:00,33.7,5.910,6.700,6.700,6.410,6.710,7.890,7.010,6.700,nws-coastal-flood-product,6.700,nws_product,0.000,nws_grid,0,9,0,v0.10.6
2026-09-28T04:16:20Z,2026-09-29 22:28-04:00,46.2,4.990,5.700,5.700,5.490,5.690,6.960,5.910,5.700,nws-coastal-flood-product,5.700,nws_product,0.000,nws_grid,0,6,0,v0.10.6
2026-09-28T04:16:20Z,2026-09-30 10:47-04:00,58.5,5.830,6.400,6.400,6.230,6.430,7.800,6.640,6.400,nws-coastal-flood-product,6.400,nws_product,0.000,nws_grid,0,5,0,v0.10.6
2026-09-28T04:16:20Z,2026-09-30 23:23-04:00,71.1,4.730,,,5.230,5.430,6.710,5.460,5.460,surge-persistence,5.330,petss_mid,0.000,nbm,0,9,0,v0.10.6
2026-09-28T04:16:20Z,2026-10-01 11:44-04:00,83.5,5.660,,,6.060,6.260,7.630,6.330,,,6.160,petss_mid,0.000,nbm,0,8,0,v0.10.6
2026-09-28T04:16:20Z,2026-10-02 00:27-04:00,96.2,4.530,,,,,6.500,5.160,,,5.030,guidance_decay,0.000,nbm,0,15,0,v0.10.6
2026-09-28T04:16:20Z,2026-10-02 12:48-04:00,108.5,5.480,,,,,7.460,6.080,,,5.990,guidance_decay,0.000,nbm,4,13,0,v0.10.6
2026-09-28T04:16:20Z,2026-10-03 01:32-04:00,121.3,4.430,,,,,6.400,5.010,,,4.950,guidance_decay,0.000,nbm,19,14,10,v0.10.6
2026-09-28T04:16:20Z,2026-10-03 13:54-04:00,133.6,5.340,,,,,7.320,5.910,,,5.860,guidance_decay,0.000,nbm,14,13,10,v0.10.6
2026-09-28T04:16:20Z,2026-10-04 02:37-04:00,146.3,4.450,,,,,6.420,5.000,,,4.970,guidance_decay,0.020,nbm,15,13,16,v0.10.6
2026-09-28T04:16:20Z,2026-10-04 14:59-04:00,158.7,5.250,,,,,7.230,5.800,,,5.780,guidance_decay,0.150,nbm,32,15,16,v0.10.6
2026-09-28T05:13:33Z,2026-09-28 09:15-04:00,8.0,5.890,7.000,7.000,6.990,7.190,7.870,7.580,7.000,nws-coastal-flood-product,7.000,nws_product,0.070,nws_grid,58,24,77,v0.10.6
2026-09-28T05:13:33Z,2026-09-28 21:40-04:00,20.4,5.220,6.100,6.100,6.020,6.220,7.210,6.580,6.100,nws-coastal-flood-product,6.100,nws_product,0.000,nws_grid,0,15,77,v0.10.6
2026-09-28T05:13:33Z,2026-09-29 09:58-04:00,32.7,5.910,6.700,6.700,6.410,6.710,7.900,7.030,6.700,nws-coastal-flood-product,6.700,nws_product,0.000,nws_grid,0,9,0,v0.10.6
2026-09-28T05:13:33Z,2026-09-29 22:28-04:00,45.2,4.990,5.700,5.700,5.490,5.690,6.970,5.930,5.700,nws-coastal-flood-product,5.700,nws_product,0.000,nws_grid,0,6,0,v0.10.6
2026-09-28T05:13:33Z,2026-09-30 10:47-04:00,57.6,5.830,6.400,6.400,6.230,6.430,7.810,6.650,6.400,nws-coastal-flood-product,6.400,nws_product,0.000,nws_grid,0,5,0,v0.10.6
2026-09-28T05:13:33Z,2026-09-30 23:23-04:00,70.2,4.730,,,5.230,5.430,6.720,5.470,5.470,surge-persistence,5.330,petss_mid,0.000,nbm,0,9,0,v0.10.6
2026-09-28T05:13:33Z,2026-10-01 11:44-04:00,82.5,5.660,,,6.060,6.260,7.640,6.340,,,6.160,petss_mid,0.000,nbm,0,8,0,v0.10.6
2026-09-28T05:13:33Z,2026-10-02 00:27-04:00,95.2,4.530,,,,,6.510,5.160,,,5.030,guidance_decay,0.000,nbm,0,15,0,v0.10.6
2026-09-28T05:13:33Z,2026-10-02 12:48-04:00,107.6,5.480,,,,,7.470,6.080,,,5.990,guidance_decay,0.000,nbm,4,13,0,v0.10.6
2026-09-28T05:13:33Z,2026-10-03 01:32-04:00,120.3,4.430,,,,,6.410,5.010,,,4.950,guidance_decay,0.000,nbm,19,14,10,v0.10.6
2026-09-28T05:13:33Z,2026-10-03 13:54-04:00,132.7,5.340,,,,,7.330,5.910,,,5.860,guidance_decay,0.000,nbm,14,13,10,v0.10.6
2026-09-28T05:13:33Z,2026-10-04 02:37-04:00,145.4,4.450,,,,,6.430,5.010,,,4.970,guidance_decay,0.020,nbm,15,13,16,v0.10.6
2026-09-28T05:13:33Z,2026-10-04 14:59-04:00,157.8,5.250,,,,,7.240,5.800,,,5.780,guidance_decay,0.150,nbm,32,15,16,v0.10.6
2026-09-28T06:30:08Z,2026-09-28 09:15-04:00,6.7,5.890,7.000,7.000,6.990,7.190,7.680,7.460,7.000,nws-coastal-flood-product,7.000,nws_product,0.070,nws_grid,58,24,90,v0.10.6
2026-09-28T06:30:08Z,2026-09-28 21:40-04:00,19.2,5.220,6.100,6.100,6.020,6.220,7.010,6.490,6.100,nws-coastal-flood-product,6.100,nws_product,0.000,nws_grid,0,15,90,v0.10.6
2026-09-28T06:30:08Z,2026-09-29 09:58-04:00,31.5,5.910,6.700,6.700,6.410,6.710,7.700,6.970,6.700,nws-coastal-flood-product,6.700,nws_product,0.000,nws_grid,0,9,0,v0.10.6
2026-09-28T06:30:08Z,2026-09-29 22:28-04:00,44.0,4.990,5.700,5.700,5.490,5.690,6.780,5.890,5.700,nws-coastal-flood-product,5.700,nws_product,0.000,nws_grid,0,6,0,v0.10.6
2026-09-28T06:30:08Z,2026-09-30 10:47-04:00,56.3,5.830,6.400,6.400,6.230,6.430,7.620,6.620,6.400,nws-coastal-flood-product,6.400,nws_product,0.000,nws_grid,0,5,0,v0.10.6
2026-09-28T06:30:08Z,2026-09-30 23:23-04:00,68.9,4.730,,,5.230,5.430,6.520,5.450,5.450,surge-persistence,5.330,petss_mid,0.000,nbm,0,9,0,v0.10.6
2026-09-28T06:30:08Z,2026-10-01 11:44-04:00,81.2,5.660,,,6.060,6.260,7.450,6.320,,,6.160,petss_mid,0.000,nbm,0,8,0,v0.10.6
2026-09-28T06:30:08Z,2026-10-02 00:27-04:00,93.9,4.530,,,,,6.320,5.150,,,5.030,guidance_decay,0.000,nbm,0,15,0,v0.10.6
2026-09-28T06:30:08Z,2026-10-02 12:48-04:00,106.3,5.480,,,,,7.270,6.080,,,5.990,guidance_decay,0.000,nbm,4,13,0,v0.10.6
2026-09-28T06:30:08Z,2026-10-03 01:32-04:00,119.0,4.430,,,,,6.220,5.010,,,4.950,guidance_decay,0.000,nbm,19,14,6,v0.10.6
2026-09-28T06:30:08Z,2026-10-03 13:54-04:00,131.4,5.340,,,,,7.130,5.900,,,5.860,guidance_decay,0.000,nbm,14,13,6,v0.10.6
2026-09-28T06:30:08Z,2026-10-04 02:37-04:00,144.1,4.450,,,,,6.240,5.000,,,4.970,guidance_decay,0.020,nbm,15,13,10,v0.10.6
2026-09-28T06:30:08Z,2026-10-04 14:59-04:00,156.5,5.250,,,,,7.040,5.800,,,5.780,guidance_decay,0.150,nbm,32,15,10,v0.10.6
2026-09-28T07:30:33Z,2026-09-28 09:15-04:00,5.7,5.890,7.000,7.000,6.990,7.190,7.460,7.300,7.000,nws-coastal-flood-product,7.000,nws_product,0.070,nws_grid,58,24,90,v0.10.6
2026-09-28T07:30:33Z,2026-09-28 21:40-04:00,18.2,5.220,6.100,6.100,6.020,6.220,6.790,6.380,6.100,nws-coastal-flood-product,6.100,nws_product,0.000,nws_grid,0,15,90,v0.10.6
2026-09-28T07:30:33Z,2026-09-29 09:58-04:00,30.5,5.910,6.700,6.700,6.410,6.710,7.480,6.890,6.700,nws-coastal-flood-product,6.700,nws_product,0.000,nws_grid,0,9,0,v0.10.6
2026-09-28T07:30:33Z,2026-09-29 22:28-04:00,43.0,4.990,5.700,5.700,5.490,5.690,6.560,5.830,5.700,nws-coastal-flood-product,5.700,nws_product,0.000,nws_grid,0,6,0,v0.10.6
2026-09-28T07:30:33Z,2026-09-30 10:47-04:00,55.3,5.830,6.400,6.400,6.230,6.430,7.400,6.580,6.400,nws-coastal-flood-product,6.400,nws_product,0.000,nws_grid,0,5,0,v0.10.6
2026-09-28T07:30:33Z,2026-09-30 23:23-04:00,67.9,4.730,,,5.230,5.430,6.300,5.420,5.420,surge-persistence,5.330,petss_mid,0.000,nbm,0,9,0,v0.10.6
2026-09-28T07:30:33Z,2026-10-01 11:44-04:00,80.2,5.660,,,6.060,6.260,7.230,6.300,,,6.160,petss_mid,0.000,nbm,0,8,0,v0.10.6
2026-09-28T07:30:33Z,2026-10-02 00:27-04:00,92.9,4.530,,,,,6.100,5.140,,,5.030,guidance_decay,0.000,nbm,0,15,0,v0.10.6
2026-09-28T07:30:33Z,2026-10-02 12:48-04:00,105.3,5.480,,,,,7.050,6.070,,,5.990,guidance_decay,0.000,nbm,4,13,0,v0.10.6
2026-09-28T07:30:33Z,2026-10-03 01:32-04:00,118.0,4.430,,,,,6.000,5.000,,,4.950,guidance_decay,0.000,nbm,19,14,6,v0.10.6
2026-09-28T07:30:33Z,2026-10-03 13:54-04:00,130.4,5.340,,,,,6.910,5.900,,,5.860,guidance_decay,0.000,nbm,14,13,6,v0.10.6
2026-09-28T07:30:33Z,2026-10-04 02:37-04:00,143.1,4.450,,,,,6.020,5.000,,,4.970,guidance_decay,0.020,nbm,15,13,10,v0.10.6
2026-09-28T07:30:33Z,2026-10-04 14:59-04:00,155.5,5.250,,,,,6.830,5.800,,,5.780,guidance_decay,0.150,nbm,32,15,10,v0.10.6
2026-09-28T08:23:28Z,2026-09-28 09:15-04:00,4.9,5.890,7.400,7.400,6.990,7.190,7.490,7.350,7.400,nws-coastal-flood-product,7.400,nws_product,0.020,nws_grid,40,23,90,v0.10.6
2026-09-28T08:23:28Z,2026-09-28 21:40-04:00,17.3,5.220,6.400,6.400,6.020,6.220,6.830,6.420,6.400,nws-coastal-flood-product,6.400,nws_product,0.000,nws_grid,3,13,90,v0.10.6
2026-09-28T08:23:28Z,2026-09-29 09:58-04:00,29.6,5.910,6.800,6.800,6.410,6.710,7.520,6.910,6.800,nws-coastal-flood-product,6.800,nws_product,0.000,nws_grid,0,9,0,v0.10.6
2026-09-28T08:23:28Z,2026-09-29 22:28-04:00,42.1,4.990,5.700,5.700,5.490,5.690,6.590,5.850,5.700,nws-coastal-flood-product,5.700,nws_product,0.000,nws_grid,0,5,0,v0.10.6
2026-09-28T08:23:28Z,2026-09-30 10:47-04:00,54.4,5.830,6.600,6.600,6.230,6.430,7.430,6.590,6.600,nws-coastal-flood-product,6.600,nws_product,0.000,nws_grid,0,3,0,v0.10.6
2026-09-28T08:23:28Z,2026-09-30 23:23-04:00,67.0,4.730,5.500,5.500,5.230,5.430,6.330,5.430,5.500,nws-coastal-flood-product,5.500,nws_product,0.000,nws_grid,0,9,0,v0.10.6
2026-09-28T08:23:28Z,2026-10-01 11:44-04:00,79.3,5.660,,,6.060,6.260,7.260,6.310,,,6.160,petss_mid,0.000,nbm,0,9,0,v0.10.6
2026-09-28T08:23:28Z,2026-10-02 00:27-04:00,92.1,4.530,,,,,6.130,5.140,,,5.030,guidance_decay,0.000,nbm,0,16,0,v0.10.6
2026-09-28T08:23:28Z,2026-10-02 12:48-04:00,104.4,5.480,,,,,7.080,6.070,,,5.990,guidance_decay,0.000,nbm,2,12,0,v0.10.6
2026-09-28T08:23:28Z,2026-10-03 01:32-04:00,117.1,4.430,,,,,6.030,5.000,,,4.950,guidance_decay,0.000,nbm,19,13,6,v0.10.6
2026-09-28T08:23:28Z,2026-10-03 13:54-04:00,129.5,5.340,,,,,6.940,5.900,,,5.860,guidance_decay,0.000,nbm,14,13,6,v0.10.6
2026-09-28T08:23:28Z,2026-10-04 02:37-04:00,142.2,4.450,,,,,6.050,5.000,,,4.970,guidance_decay,0.020,nbm,18,13,10,v0.10.6
2026-09-28T08:23:28Z,2026-10-04 14:59-04:00,154.6,5.250,,,,,6.860,5.800,,,5.780,guidance_decay,0.150,nbm,35,16,10,v0.10.6
2026-09-28T08:23:28Z,2026-10-05 03:42-04:00,167.3,4.580,,,,,6.180,5.120,,,5.110,guidance_decay,0.210,nbm,41,15,19,v0.10.6
2026-09-28T09:20:54Z,2026-09-28 09:15-04:00,3.9,5.890,7.400,7.400,6.890,7.190,7.650,7.520,7.400,nws-coastal-flood-product,7.400,nws_product,0.020,nws_grid,40,23,90,v0.10.6
2026-09-28T09:20:54Z,2026-09-28 21:40-04:00,16.3,5.220,6.400,6.400,6.020,6.220,6.990,6.540,6.400,nws-coastal-flood-product,6.400,nws_product,0.000,nws_grid,3,13,90,v0.10.6
2026-09-28T09:20:54Z,2026-09-29 09:58-04:00,28.6,5.910,6.800,6.800,6.410,6.610,7.680,7.000,6.800,nws-coastal-flood-product,6.800,nws_product,0.000,nws_grid,0,9,0,v0.10.6
2026-09-28T09:20:54Z,2026-09-29 22:28-04:00,41.1,4.990,5.700,5.700,5.490,5.590,6.750,5.910,5.700,nws-coastal-flood-product,5.700,nws_product,0.000,nws_grid,0,5,0,v0.10.6
2026-09-28T09:20:54Z,2026-09-30 10:47-04:00,53.4,5.830,6.600,6.600,6.330,6.430,7.590,6.630,6.600,nws-coastal-flood-product,6.600,nws_product,0.000,nws_grid,0,3,0,v0.10.6
2026-09-28T09:20:54Z,2026-09-30 23:23-04:00,66.0,4.730,5.500,5.500,5.230,5.430,6.500,5.460,5.500,nws-coastal-flood-product,5.500,nws_product,0.000,nws_grid,0,9,0,v0.10.6
2026-09-28T09:20:54Z,2026-10-01 11:44-04:00,78.4,5.660,,,6.060,6.260,7.430,6.330,,,6.160,petss_mid,0.000,nbm,0,9,0,v0.10.6
2026-09-28T09:20:54Z,2026-10-02 00:27-04:00,91.1,4.530,,,4.730,4.930,6.290,5.160,,,4.830,petss_mid,0.000,nbm,0,16,0,v0.10.6
2026-09-28T09:20:54Z,2026-10-02 12:48-04:00,103.5,5.480,,,,,7.250,6.080,,,5.800,guidance_decay,0.000,nbm,2,12,0,v0.10.6
2026-09-28T09:20:54Z,2026-10-03 01:32-04:00,116.2,4.430,,,,,6.200,5.010,,,4.820,guidance_decay,0.000,nbm,19,13,6,v0.10.6
2026-09-28T09:20:54Z,2026-10-03 13:54-04:00,128.6,5.340,,,,,7.110,5.910,,,5.770,guidance_decay,0.000,nbm,14,13,6,v0.10.6
2026-09-28T09:20:54Z,2026-10-04 02:37-04:00,141.3,4.450,,,,,6.220,5.000,,,4.910,guidance_decay,0.010,nbm,18,13,10,v0.10.6
2026-09-28T09:20:54Z,2026-10-04 14:59-04:00,153.6,5.250,,,,,7.020,5.800,,,5.730,guidance_decay,0.190,nbm,35,16,10,v0.10.6
2026-09-28T09:20:54Z,2026-10-05 03:42-04:00,166.4,4.580,,,,,6.350,5.120,,,5.080,guidance_decay,0.380,nbm,41,15,19,v0.10.6
2026-09-28T10:13:21Z,2026-09-28 09:15-04:00,3.0,5.890,7.400,7.400,6.890,7.190,7.630,7.520,7.400,nws-coastal-flood-product,7.400,nws_product,0.020,nws_grid,40,23,90,v0.10.6
2026-09-28T10:13:21Z,2026-09-28 21:40-04:00,15.4,5.220,6.400,6.400,6.020,6.220,6.960,6.540,6.400,nws-coastal-flood-product,6.400,nws_product,0.000,nws_grid,3,13,90,v0.10.6
2026-09-28T10:13:21Z,2026-09-29 09:58-04:00,27.7,5.910,6.800,6.800,6.410,6.610,7.650,7.000,6.800,nws-coastal-flood-product,6.800,nws_product,0.000,nws_grid,0,9,0,v0.10.6
2026-09-28T10:13:21Z,2026-09-29 22:28-04:00,40.2,4.990,5.700,5.700,5.490,5.590,6.730,5.910,5.700,nws-coastal-flood-product,5.700,nws_product,0.000,nws_grid,0,5,0,v0.10.6
2026-09-28T10:13:21Z,2026-09-30 10:47-04:00,52.6,5.830,6.600,6.600,6.330,6.430,7.560,6.640,6.600,nws-coastal-flood-product,6.600,nws_product,0.000,nws_grid,0,3,0,v0.10.6
2026-09-28T10:13:21Z,2026-09-30 23:23-04:00,65.2,4.730,5.500,5.500,5.230,5.430,6.470,5.460,5.500,nws-coastal-flood-product,5.500,nws_product,0.000,nws_grid,0,9,0,v0.10.6
2026-09-28T10:13:21Z,2026-10-01 11:44-04:00,77.5,5.660,,,6.060,6.260,7.400,6.330,,,6.160,petss_mid,0.000,nbm,0,9,0,v0.10.6
2026-09-28T10:13:21Z,2026-10-02 00:27-04:00,90.2,4.530,,,4.730,4.930,6.270,5.160,,,4.830,petss_mid,0.000,nbm,0,16,0,v0.10.6
2026-09-28T10:13:21Z,2026-10-02 12:48-04:00,102.6,5.480,,,,,7.220,6.080,,,5.800,guidance_decay,0.000,nbm,2,12,0,v0.10.6
2026-09-28T10:13:21Z,2026-10-03 01:32-04:00,115.3,4.430,,,,,6.170,5.010,,,4.820,guidance_decay,0.000,nbm,19,13,6,v0.10.6
2026-09-28T10:13:21Z,2026-10-03 13:54-04:00,127.7,5.340,,,,,7.080,5.910,,,5.770,guidance_decay,0.000,nbm,14,13,6,v0.10.6
2026-09-28T10:13:21Z,2026-10-04 02:37-04:00,140.4,4.450,,,,,6.190,5.000,,,4.910,guidance_decay,0.010,nbm,18,13,10,v0.10.6
2026-09-28T10:13:21Z,2026-10-04 14:59-04:00,152.8,5.250,,,,,6.990,5.800,,,5.730,guidance_decay,0.190,nbm,35,16,10,v0.10.6
2026-09-28T10:13:21Z,2026-10-05 03:42-04:00,165.5,4.580,,,,,6.320,5.120,,,5.080,guidance_decay,0.380,nbm,41,15,19,v0.10.6
2026-09-28T11:12:05Z,2026-09-28 09:15-04:00,2.0,5.890,7.400,7.400,6.890,7.190,7.380,7.320,7.400,nws-coastal-flood-product,7.400,nws_product,0.020,nws_grid,40,23,90,v0.10.6
2026-09-28T11:12:05Z,2026-09-28 21:40-04:00,14.5,5.220,6.400,6.400,6.020,6.220,6.720,6.400,6.400,nws-coastal-flood-product,6.400,nws_product,0.000,nws_grid,3,13,90,v0.10.6
2026-09-28T11:12:05Z,2026-09-29 09:58-04:00,26.8,5.910,6.800,6.800,6.410,6.610,7.410,6.900,6.800,nws-coastal-flood-product,6.800,nws_product,0.000,nws_grid,0,9,0,v0.10.6
2026-09-28T11:12:05Z,2026-09-29 22:28-04:00,39.3,4.990,5.700,5.700,5.490,5.590,6.480,5.840,5.700,nws-coastal-flood-product,5.700,nws_product,0.000,nws_grid,0,5,0,v0.10.6
2026-09-28T11:12:05Z,2026-09-30 10:47-04:00,51.6,5.830,6.600,6.600,6.330,6.430,7.320,6.580,6.600,nws-coastal-flood-product,6.600,nws_product,0.000,nws_grid,0,3,0,v0.10.6
2026-09-28T11:12:05Z,2026-09-30 23:23-04:00,64.2,4.730,5.500,5.500,5.230,5.430,6.220,5.420,5.500,nws-coastal-flood-product,5.500,nws_product,0.000,nws_grid,0,9,0,v0.10.6
2026-09-28T11:12:05Z,2026-10-01 11:44-04:00,76.5,5.660,,,6.060,6.260,7.150,6.300,,,6.160,petss_mid,0.000,nbm,0,9,0,v0.10.6
2026-09-28T11:12:05Z,2026-10-02 00:27-04:00,89.2,4.530,,,4.730,4.930,6.020,5.140,,,4.830,petss_mid,0.000,nbm,0,16,0,v0.10.6
2026-09-28T11:12:05Z,2026-10-02 12:48-04:00,101.6,5.480,,,,,6.970,6.070,,,5.800,guidance_decay,0.000,nbm,2,12,0,v0.10.6
2026-09-28T11:12:05Z,2026-10-03 01:32-04:00,114.3,4.430,,,,,5.920,5.000,,,4.820,guidance_decay,0.000,nbm,19,13,6,v0.10.6
2026-09-28T11:12:05Z,2026-10-03 13:54-04:00,126.7,5.340,,,,,6.830,5.900,,,5.770,guidance_decay,0.000,nbm,14,13,6,v0.10.6
2026-09-28T11:12:05Z,2026-10-04 02:37-04:00,139.4,4.450,,,,,5.940,5.000,,,4.910,guidance_decay,0.010,nbm,18,13,10,v0.10.6
2026-09-28T11:12:05Z,2026-10-04 14:59-04:00,151.8,5.250,,,,,6.750,5.800,,,5.730,guidance_decay,0.190,nbm,35,16,10,v0.10.6
2026-09-28T11:12:05Z,2026-10-05 03:42-04:00,164.5,4.580,,,,,6.070,5.120,,,5.080,guidance_decay,0.380,nbm,41,15,19,v0.10.6
2026-09-28T12:21:04Z,2026-09-28 09:15-04:00,0.9,5.890,7.400,7.400,6.890,7.190,7.250,7.230,7.400,nws-coastal-flood-product,7.400,nws_product,0.020,nws_grid,40,23,90,v0.10.6
2026-09-28T12:21:04Z,2026-09-28 21:40-04:00,13.3,5.220,6.400,6.400,6.020,6.220,6.590,6.330,6.400,nws-coastal-flood-product,6.400,nws_product,0.000,nws_grid,3,13,90,v0.10.6
2026-09-28T12:21:04Z,2026-09-29 09:58-04:00,25.6,5.910,6.800,6.800,6.410,6.610,7.280,6.850,6.800,nws-coastal-flood-product,6.800,nws_product,0.000,nws_grid,0,9,0,v0.10.6
2026-09-28T12:21:04Z,2026-09-29 22:28-04:00,38.1,4.990,5.700,5.700,5.490,5.590,6.350,5.810,5.700,nws-coastal-flood-product,5.700,nws_product,0.000,nws_grid,0,5,0,v0.10.6
2026-09-28T12:21:04Z,2026-09-30 10:47-04:00,50.4,5.830,6.600,6.600,6.330,6.430,7.190,6.560,6.600,nws-coastal-flood-product,6.600,nws_product,0.000,nws_grid,0,3,0,v0.10.6
2026-09-28T12:21:04Z,2026-09-30 23:23-04:00,63.0,4.730,5.500,5.500,5.230,5.430,6.100,5.410,5.500,nws-coastal-flood-product,5.500,nws_product,0.000,nws_grid,0,9,0,v0.10.6
2026-09-28T12:21:04Z,2026-10-01 11:44-04:00,75.4,5.660,,,6.060,6.260,7.030,6.290,,,6.160,petss_mid,0.000,nbm,0,9,0,v0.10.6
2026-09-28T12:21:04Z,2026-10-02 00:27-04:00,88.1,4.530,,,4.730,4.930,5.890,5.130,,,4.830,petss_mid,0.000,nbm,0,16,0,v0.10.6
2026-09-28T12:21:04Z,2026-10-02 12:48-04:00,100.4,5.480,,,,,6.850,6.060,,,5.800,guidance_decay,0.000,nbm,2,12,0,v0.10.6
2026-09-28T12:21:04Z,2026-10-03 01:32-04:00,113.2,4.430,,,,,5.800,5.000,,,4.820,guidance_decay,0.000,nbm,19,13,0,v0.10.6
2026-09-28T12:21:04Z,2026-10-03 13:54-04:00,125.5,5.340,,,,,6.710,5.900,,,5.770,guidance_decay,0.000,nbm,14,13,0,v0.10.6
2026-09-28T12:21:04Z,2026-10-04 02:37-04:00,138.3,4.450,,,,,5.820,5.000,,,4.910,guidance_decay,0.010,nbm,18,13,23,v0.10.6
2026-09-28T12:21:04Z,2026-10-04 14:59-04:00,150.6,5.250,,,,,6.620,5.800,,,5.730,guidance_decay,0.190,nbm,35,16,23,v0.10.6
2026-09-28T12:21:04Z,2026-10-05 03:42-04:00,163.3,4.580,,,,,5.950,5.120,,,5.080,guidance_decay,0.380,nbm,41,15,19,v0.10.6
2026-09-28T13:14:44Z,2026-09-28 09:15-04:00,0.0,5.890,7.400,7.400,6.890,7.190,7.250,7.240,7.400,nws-coastal-flood-product,7.400,nws_product,0.020,nws_grid,40,23,90,v0.10.6
2026-09-28T13:14:44Z,2026-09-28 21:40-04:00,12.4,5.220,6.400,6.400,6.020,6.220,6.580,6.340,6.400,nws-coastal-flood-product,6.400,nws_product,0.000,nws_grid,3,13,90,v0.10.6
2026-09-28T13:14:44Z,2026-09-29 09:58-04:00,24.7,5.910,6.800,6.800,6.410,6.610,7.270,6.860,6.800,nws-coastal-flood-product,6.800,nws_product,0.000,nws_grid,0,9,0,v0.10.6
2026-09-28T13:14:44Z,2026-09-29 22:28-04:00,37.2,4.990,5.700,5.700,5.490,5.590,6.350,5.810,5.700,nws-coastal-flood-product,5.700,nws_product,0.000,nws_grid,0,5,0,v0.10.6
2026-09-28T13:14:44Z,2026-09-30 10:47-04:00,49.5,5.830,6.600,6.600,6.330,6.430,7.190,6.560,6.600,nws-coastal-flood-product,6.600,nws_product,0.000,nws_grid,0,3,0,v0.10.6
2026-09-28T13:14:44Z,2026-09-30 23:23-04:00,62.1,4.730,5.500,5.500,5.230,5.430,6.090,5.410,5.500,nws-coastal-flood-product,5.500,nws_product,0.000,nws_grid,0,9,0,v0.10.6
2026-09-28T13:14:44Z,2026-10-01 11:44-04:00,74.5,5.660,,,6.060,6.260,7.020,6.290,,,6.160,petss_mid,0.000,nbm,0,9,0,v0.10.6
2026-09-28T13:14:44Z,2026-10-02 00:27-04:00,87.2,4.530,,,4.730,4.930,5.890,5.130,,,4.830,petss_mid,0.000,nbm,0,16,0,v0.10.6
2026-09-28T13:14:44Z,2026-10-02 12:48-04:00,99.6,5.480,,,,,6.840,6.060,,,5.800,guidance_decay,0.000,nbm,2,12,0,v0.10.6
2026-09-28T13:14:44Z,2026-10-03 01:32-04:00,112.3,4.430,,,,,5.790,5.000,,,4.820,guidance_decay,0.000,nbm,19,13,0,v0.10.6
2026-09-28T13:14:44Z,2026-10-03 13:54-04:00,124.7,5.340,,,,,6.700,5.900,,,5.770,guidance_decay,0.000,nbm,14,13,0,v0.10.6
2026-09-28T13:14:44Z,2026-10-04 02:37-04:00,137.4,4.450,,,,,5.810,5.000,,,4.910,guidance_decay,0.010,nbm,18,13,23,v0.10.6
2026-09-28T13:14:44Z,2026-10-04 14:59-04:00,149.7,5.250,,,,,6.610,5.800,,,5.730,guidance_decay,0.190,nbm,35,16,23,v0.10.6
2026-09-28T13:14:44Z,2026-10-05 03:42-04:00,162.5,4.580,,,,,5.940,5.120,,,5.080,guidance_decay,0.380,nbm,41,15,19,v0.10.6
2026-09-28T14:14:14Z,2026-09-28 21:40-04:00,11.4,5.220,6.400,6.400,6.020,6.220,6.680,6.430,6.400,nws-coastal-flood-product,6.400,nws_product,0.000,nws_grid,3,13,90,v0.10.6
2026-09-28T14:14:14Z,2026-09-29 09:58-04:00,23.7,5.910,6.800,6.800,6.410,6.610,7.370,6.920,6.800,nws-coastal-flood-product,6.800,nws_product,0.000,nws_grid,0,9,0,v0.10.6
2026-09-28T14:14:14Z,2026-09-29 22:28-04:00,36.2,4.990,5.700,5.700,5.490,5.590,6.450,5.850,5.700,nws-coastal-flood-product,5.700,nws_product,0.000,nws_grid,0,5,0,v0.10.6
2026-09-28T14:14:14Z,2026-09-30 10:47-04:00,48.5,5.830,6.600,6.600,6.330,6.430,7.280,6.600,6.600,nws-coastal-flood-product,6.600,nws_product,0.000,nws_grid,0,3,0,v0.10.6
2026-09-28T14:14:14Z,2026-09-30 23:23-04:00,61.1,4.730,5.500,5.500,5.230,5.430,6.190,5.430,5.500,nws-coastal-flood-product,5.500,nws_product,0.000,nws_grid,0,9,0,v0.10.6
2026-09-28T14:14:14Z,2026-10-01 11:44-04:00,73.5,5.660,,,6.060,6.260,7.120,6.310,,,6.160,petss_mid,0.000,nbm,0,9,0,v0.10.6
2026-09-28T14:14:14Z,2026-10-02 00:27-04:00,86.2,4.530,,,4.730,4.930,5.990,5.140,,,4.830,petss_mid,0.000,nbm,0,16,0,v0.10.6
2026-09-28T14:14:14Z,2026-10-02 12:48-04:00,98.6,5.480,,,,,6.940,6.070,,,5.800,guidance_decay,0.000,nbm,2,12,0,v0.10.6
2026-09-28T14:14:14Z,2026-10-03 01:32-04:00,111.3,4.430,,,,,5.890,5.000,,,4.820,guidance_decay,0.000,nbm,19,13,0,v0.10.6
2026-09-28T14:14:14Z,2026-10-03 13:54-04:00,123.7,5.340,,,,,6.800,5.900,,,5.770,guidance_decay,0.000,nbm,14,13,0,v0.10.6
2026-09-28T14:14:14Z,2026-10-04 02:37-04:00,136.4,4.450,,,,,5.910,5.000,,,4.910,guidance_decay,0.010,nbm,18,13,23,v0.10.6
2026-09-28T14:14:14Z,2026-10-04 14:59-04:00,148.7,5.250,,,,,6.710,5.800,,,5.730,guidance_decay,0.190,nbm,35,16,23,v0.10.6
2026-09-28T14:14:14Z,2026-10-05 03:42-04:00,161.5,4.580,,,,,6.040,5.120,,,5.080,guidance_decay,0.380,nbm,41,15,19,v0.10.6
2026-09-28T15:13:19Z,2026-09-28 21:40-04:00,10.4,5.220,6.400,6.400,6.020,6.120,6.760,6.500,6.400,nws-coastal-flood-product,6.400,nws_product,0.000,nws_grid,3,13,90,v0.10.6
2026-09-28T15:13:19Z,2026-09-29 09:58-04:00,22.7,5.910,6.800,6.800,6.410,6.610,7.450,6.980,6.800,nws-coastal-flood-product,6.800,nws_product,0.000,nws_grid,0,9,0,v0.10.6
2026-09-28T15:13:19Z,2026-09-29 22:28-04:00,35.2,4.990,5.700,5.700,5.490,5.590,6.520,5.890,5.700,nws-coastal-flood-product,5.700,nws_product,0.000,nws_grid,0,5,0,v0.10.6
2026-09-28T15:13:19Z,2026-09-30 10:47-04:00,47.6,5.830,6.600,6.600,6.330,6.430,7.360,6.620,6.600,nws-coastal-flood-product,6.600,nws_product,0.000,nws_grid,0,3,0,v0.10.6
2026-09-28T15:13:19Z,2026-09-30 23:23-04:00,60.2,4.730,5.500,5.500,5.230,5.430,6.270,5.450,5.500,nws-coastal-flood-product,5.500,nws_product,0.000,nws_grid,0,9,0,v0.10.6
2026-09-28T15:13:19Z,2026-10-01 11:44-04:00,72.5,5.660,,,6.060,6.260,7.200,6.320,,,6.160,petss_mid,0.000,nbm,0,9,0,v0.10.6
2026-09-28T15:13:19Z,2026-10-02 00:27-04:00,85.2,4.530,,,4.630,4.930,6.060,5.150,,,4.780,petss_mid,0.000,nbm,0,16,0,v0.10.6
2026-09-28T15:13:19Z,2026-10-02 12:48-04:00,97.6,5.480,,,,,7.020,6.080,,,5.680,guidance_decay,0.000,nbm,2,12,0,v0.10.6
2026-09-28T15:13:19Z,2026-10-03 01:32-04:00,110.3,4.430,,,,,5.970,5.010,,,4.730,guidance_decay,0.000,nbm,19,13,0,v0.10.6
2026-09-28T15:13:19Z,2026-10-03 13:54-04:00,122.7,5.340,,,,,6.880,5.900,,,5.710,guidance_decay,0.000,nbm,14,13,0,v0.10.6
2026-09-28T15:13:19Z,2026-10-04 02:37-04:00,135.4,4.450,,,,,5.990,5.000,,,4.860,guidance_decay,0.010,nbm,18,13,23,v0.10.6
2026-09-28T15:13:19Z,2026-10-04 14:59-04:00,147.8,5.250,,,,,6.790,5.800,,,5.700,guidance_decay,0.190,nbm,35,16,23,v0.10.6
2026-09-28T15:13:19Z,2026-10-05 03:42-04:00,160.5,4.580,,,,,6.120,5.120,,,5.050,guidance_decay,0.380,nbm,41,15,19,v0.10.6
2026-09-28T16:14:33Z,2026-09-28 21:40-04:00,9.4,5.220,6.400,6.600,6.020,6.120,6.750,6.520,6.400,nws-coastal-flood-product,6.400,nws_product,0.000,nws_grid,3,13,90,v0.10.6
2026-09-28T16:14:33Z,2026-09-29 09:58-04:00,21.7,5.910,6.800,6.900,6.410,6.610,7.440,6.990,6.800,nws-coastal-flood-product,6.800,nws_product,0.000,nws_grid,0,9,0,v0.10.6
2026-09-28T16:14:33Z,2026-09-29 22:28-04:00,34.2,4.990,5.700,5.800,5.490,5.590,6.510,5.900,5.700,nws-coastal-flood-product,5.700,nws_product,0.000,nws_grid,0,5,0,v0.10.6
2026-09-28T16:14:33Z,2026-09-30 10:47-04:00,46.5,5.830,6.600,6.600,6.330,6.430,7.350,6.630,6.600,nws-coastal-flood-product,6.600,nws_product,0.000,nws_grid,0,3,0,v0.10.6
2026-09-28T16:14:33Z,2026-09-30 23:23-04:00,59.1,4.730,5.500,5.500,5.230,5.430,6.260,5.450,5.500,nws-coastal-flood-product,5.500,nws_product,0.000,nws_grid,0,9,0,v0.10.6
2026-09-28T16:14:33Z,2026-10-01 11:44-04:00,71.5,5.660,,6.300,6.060,6.260,7.190,6.330,6.330,surge-persistence,6.300,nwps,0.000,nbm,0,9,0,v0.10.6
2026-09-28T16:14:33Z,2026-10-02 00:27-04:00,84.2,4.530,,,4.630,4.930,6.050,5.150,,,4.780,petss_mid,0.000,nbm,0,16,0,v0.10.6
2026-09-28T16:14:33Z,2026-10-02 12:48-04:00,96.6,5.480,,,,,7.010,6.080,,,5.680,guidance_decay,0.000,nbm,2,12,0,v0.10.6
2026-09-28T16:14:33Z,2026-10-03 01:32-04:00,109.3,4.430,,,,,5.960,5.010,,,4.730,guidance_decay,0.000,nbm,19,13,0,v0.10.6
2026-09-28T16:14:33Z,2026-10-03 13:54-04:00,121.7,5.340,,,,,6.870,5.910,,,5.710,guidance_decay,0.000,nbm,14,13,0,v0.10.6
2026-09-28T16:14:33Z,2026-10-04 02:37-04:00,134.4,4.450,,,,,5.980,5.000,,,4.860,guidance_decay,0.010,nbm,18,13,23,v0.10.6
2026-09-28T16:14:33Z,2026-10-04 14:59-04:00,146.7,5.250,,,,,6.780,5.800,,,5.700,guidance_decay,0.190,nbm,35,16,23,v0.10.6
2026-09-28T16:14:33Z,2026-10-05 03:42-04:00,159.5,4.580,,,,,6.110,5.120,,,5.050,guidance_decay,0.380,nbm,41,15,19,v0.10.6
2026-09-28T17:11:42Z,2026-09-28 21:40-04:00,8.5,5.220,6.400,6.600,6.020,6.120,6.780,6.560,6.400,nws-coastal-flood-product,6.400,nws_product,0.000,nws_grid,3,13,90,v0.10.6
2026-09-28T17:11:42Z,2026-09-29 09:58-04:00,20.8,5.910,6.800,6.900,6.410,6.610,7.470,7.020,6.800,nws-coastal-flood-product,6.800,nws_product,0.000,nws_grid,0,9,0,v0.10.6
2026-09-28T17:11:42Z,2026-09-29 22:28-04:00,33.3,4.990,5.700,5.800,5.490,5.590,6.540,5.920,5.700,nws-coastal-flood-product,5.700,nws_product,0.000,nws_grid,0,5,0,v0.10.6
2026-09-28T17:11:42Z,2026-09-30 10:47-04:00,45.6,5.830,6.600,6.600,6.330,6.430,7.380,6.640,6.600,nws-coastal-flood-product,6.600,nws_product,0.000,nws_grid,0,3,0,v0.10.6
2026-09-28T17:11:42Z,2026-09-30 23:23-04:00,58.2,4.730,5.500,5.500,5.230,5.430,6.290,5.460,5.500,nws-coastal-flood-product,5.500,nws_product,0.000,nws_grid,0,9,0,v0.10.6
2026-09-28T17:11:42Z,2026-10-01 11:44-04:00,70.5,5.660,,6.300,6.060,6.260,7.220,6.330,6.330,surge-persistence,6.300,nwps,0.000,nbm,0,9,0,v0.10.6
2026-09-28T17:11:42Z,2026-10-02 00:27-04:00,83.3,4.530,,,4.630,4.930,6.080,5.160,,,4.780,petss_mid,0.000,nbm,0,16,0,v0.10.6
2026-09-28T17:11:42Z,2026-10-02 12:48-04:00,95.6,5.480,,,,,7.040,6.080,,,5.680,guidance_decay,0.000,nbm,2,12,0,v0.10.6
2026-09-28T17:11:42Z,2026-10-03 01:32-04:00,108.3,4.430,,,,,5.990,5.010,,,4.730,guidance_decay,0.000,nbm,19,13,0,v0.10.6
2026-09-28T17:11:42Z,2026-10-03 13:54-04:00,120.7,5.340,,,,,6.900,5.910,,,5.710,guidance_decay,0.000,nbm,14,13,0,v0.10.6
2026-09-28T17:11:42Z,2026-10-04 02:37-04:00,133.4,4.450,,,,,6.010,5.000,,,4.860,guidance_decay,0.010,nbm,18,13,23,v0.10.6
2026-09-28T17:11:42Z,2026-10-04 14:59-04:00,145.8,5.250,,,,,6.810,5.800,,,5.700,guidance_decay,0.190,nbm,35,16,23,v0.10.6
2026-09-28T17:11:42Z,2026-10-05 03:42-04:00,158.5,4.580,,,,,6.140,5.120,,,5.050,guidance_decay,0.380,nbm,41,15,19,v0.10.6
2026-09-28T18:16:33Z,2026-09-28 21:40-04:00,7.4,5.220,,6.600,6.020,6.120,6.740,6.560,6.560,surge-persistence,6.600,nwps,0.000,nws_grid,3,13,90,v0.10.6
2026-09-28T18:16:33Z,2026-09-29 09:58-04:00,19.7,5.910,,6.900,6.410,6.610,7.430,7.010,7.010,surge-persistence,6.900,nwps,0.000,nws_grid,0,9,0,v0.10.6
2026-09-28T18:16:33Z,2026-09-29 22:28-04:00,32.2,4.990,,5.800,5.490,5.590,6.510,5.920,5.920,surge-persistence,5.800,nwps,0.000,nws_grid,0,5,0,v0.10.6
2026-09-28T18:16:33Z,2026-09-30 10:47-04:00,44.5,5.830,,6.600,6.330,6.430,7.350,6.640,6.640,surge-persistence,6.600,nwps,0.000,nws_grid,0,3,0,v0.10.6
2026-09-28T18:16:33Z,2026-09-30 23:23-04:00,57.1,4.730,,5.500,5.230,5.430,6.250,5.460,5.460,surge-persistence,5.500,nwps,0.000,nws_grid,0,9,0,v0.10.6
2026-09-28T18:16:33Z,2026-10-01 11:44-04:00,69.5,5.660,,6.300,6.060,6.260,7.180,6.330,6.330,surge-persistence,6.300,nwps,0.000,nbm,0,9,0,v0.10.6
2026-09-28T18:16:33Z,2026-10-02 00:27-04:00,82.2,4.530,,,4.630,4.930,6.050,5.160,,,4.780,petss_mid,0.000,nbm,0,16,0,v0.10.6
2026-09-28T18:16:33Z,2026-10-02 12:48-04:00,94.5,5.480,,,,,7.000,6.080,,,5.680,guidance_decay,0.000,nbm,2,12,0,v0.10.6
2026-09-28T18:16:33Z,2026-10-03 01:32-04:00,107.3,4.430,,,,,5.950,5.010,,,4.730,guidance_decay,0.000,nbm,19,13,0,v0.10.6
2026-09-28T18:16:33Z,2026-10-03 13:54-04:00,119.6,5.340,,,,,6.860,5.910,,,5.710,guidance_decay,0.000,nbm,14,13,0,v0.10.6
2026-09-28T18:16:33Z,2026-10-04 02:37-04:00,132.3,4.450,,,,,5.970,5.000,,,4.860,guidance_decay,0.160,nbm,18,13,16,v0.10.6
2026-09-28T18:16:33Z,2026-10-04 14:59-04:00,144.7,5.250,,,,,6.770,5.800,,,5.700,guidance_decay,0.050,nbm,35,16,16,v0.10.6
2026-09-28T18:16:33Z,2026-10-05 03:42-04:00,157.4,4.580,,,,,6.100,5.120,,,5.050,guidance_decay,0.120,nbm,41,15,23,v0.10.6
2026-09-28T19:10:29Z,2026-09-28 21:40-04:00,6.5,5.220,,6.600,6.020,6.120,6.690,6.530,6.530,surge-persistence,6.600,nwps,0.000,nws_grid,3,13,90,v0.10.6
2026-09-28T19:10:29Z,2026-09-29 09:58-04:00,18.8,5.910,,6.900,6.410,6.610,7.380,7.000,7.000,surge-persistence,6.900,nwps,0.000,nws_grid,0,9,0,v0.10.6
2026-09-28T19:10:29Z,2026-09-29 22:28-04:00,31.3,4.990,,5.800,5.490,5.590,6.460,5.910,5.910,surge-persistence,5.800,nwps,0.000,nws_grid,0,5,0,v0.10.6
2026-09-28T19:10:29Z,2026-09-30 10:47-04:00,43.6,5.830,,6.600,6.330,6.430,7.290,6.630,6.630,surge-persistence,6.600,nwps,0.000,nws_grid,0,3,0,v0.10.6
2026-09-28T19:10:29Z,2026-09-30 23:23-04:00,56.2,4.730,,5.500,5.230,5.430,6.200,5.460,5.460,surge-persistence,5.500,nwps,0.000,nws_grid,0,9,0,v0.10.6
2026-09-28T19:10:29Z,2026-10-01 11:44-04:00,68.6,5.660,,6.300,6.060,6.260,7.130,6.330,6.330,surge-persistence,6.300,nwps,0.000,nbm,0,9,0,v0.10.6
2026-09-28T19:10:29Z,2026-10-02 00:27-04:00,81.3,4.530,,,4.630,4.930,6.000,5.160,,,4.780,petss_mid,0.000,nbm,0,16,0,v0.10.6
2026-09-28T19:10:29Z,2026-10-02 12:48-04:00,93.6,5.480,,,,,6.950,6.080,,,5.680,guidance_decay,0.000,nbm,2,12,0,v0.10.6
2026-09-28T19:10:29Z,2026-10-03 01:32-04:00,106.4,4.430,,,,,5.900,5.010,,,4.730,guidance_decay,0.000,nbm,19,13,0,v0.10.6
2026-09-28T19:10:29Z,2026-10-03 13:54-04:00,118.7,5.340,,,,,6.810,5.910,,,5.710,guidance_decay,0.000,nbm,14,13,0,v0.10.6
2026-09-28T19:10:29Z,2026-10-04 02:37-04:00,131.4,4.450,,,,,5.920,5.000,,,4.860,guidance_decay,0.160,nbm,18,13,16,v0.10.6
2026-09-28T19:10:29Z,2026-10-04 14:59-04:00,143.8,5.250,,,,,6.720,5.800,,,5.700,guidance_decay,0.050,nbm,35,16,16,v0.10.6
2026-09-28T19:10:29Z,2026-10-05 03:42-04:00,156.5,4.580,,,,,6.050,5.120,,,5.050,guidance_decay,0.120,nbm,41,15,23,v0.10.6
2026-09-28T20:12:10Z,2026-09-28 21:40-04:00,5.5,5.220,,6.600,6.020,6.120,6.620,6.490,6.490,surge-persistence,6.600,nwps,0.000,nws_grid,3,13,90,v0.10.6
2026-09-28T20:12:10Z,2026-09-29 09:58-04:00,17.8,5.910,,6.900,6.410,6.610,7.310,6.970,6.970,surge-persistence,6.900,nwps,0.000,nws_grid,0,9,0,v0.10.6
2026-09-28T20:12:10Z,2026-09-29 22:28-04:00,30.3,4.990,,5.800,5.490,5.590,6.380,5.890,5.890,surge-persistence,5.800,nwps,0.000,nws_grid,0,5,0,v0.10.6
2026-09-28T20:12:10Z,2026-09-30 10:47-04:00,42.6,5.830,,6.600,6.330,6.430,7.220,6.620,6.620,surge-persistence,6.600,nwps,0.000,nws_grid,0,3,0,v0.10.6
2026-09-28T20:12:10Z,2026-09-30 23:23-04:00,55.2,4.730,,5.500,5.230,5.430,6.120,5.450,5.450,surge-persistence,5.500,nwps,0.000,nws_grid,0,9,0,v0.10.6
2026-09-28T20:12:10Z,2026-10-01 11:44-04:00,67.5,5.660,,6.300,6.060,6.260,7.050,6.320,6.320,surge-persistence,6.300,nwps,0.000,nbm,0,9,0,v0.10.6
2026-09-28T20:12:10Z,2026-10-02 00:27-04:00,80.2,4.530,,,4.630,4.930,5.920,5.150,,,4.780,petss_mid,0.000,nbm,0,16,0,v0.10.6
2026-09-28T20:12:10Z,2026-10-02 12:48-04:00,92.6,5.480,,,,,6.870,6.080,,,5.680,guidance_decay,0.000,nbm,2,12,0,v0.10.6
2026-09-28T20:12:10Z,2026-10-03 01:32-04:00,105.3,4.430,,,,,5.820,5.010,,,4.730,guidance_decay,0.000,nbm,19,13,0,v0.10.6
2026-09-28T20:12:10Z,2026-10-03 13:54-04:00,117.7,5.340,,,,,6.730,5.900,,,5.710,guidance_decay,0.000,nbm,14,13,0,v0.10.6
2026-09-28T20:12:10Z,2026-10-04 02:37-04:00,130.4,4.450,,,,,5.840,5.000,,,4.860,guidance_decay,0.160,nbm,18,13,16,v0.10.6
2026-09-28T20:12:10Z,2026-10-04 14:59-04:00,142.8,5.250,,,,,6.650,5.800,,,5.700,guidance_decay,0.050,nbm,35,16,16,v0.10.6
2026-09-28T20:12:10Z,2026-10-05 03:42-04:00,155.5,4.580,,,,,5.970,5.120,,,5.050,guidance_decay,0.120,nbm,41,15,23,v0.10.6
2026-09-28T20:12:10Z,2026-10-05 16:05-04:00,167.9,5.230,,,,,6.630,5.770,,,5.720,guidance_decay,0.110,nbm,31,20,23,v0.10.6
2026-09-28T21:11:21Z,2026-09-28 21:40-04:00,4.5,5.220,,6.600,6.020,6.120,6.570,6.470,6.470,surge-persistence,6.600,nwps,0.000,nws_grid,4,16,90,v0.10.6
2026-09-28T21:11:21Z,2026-09-29 09:58-04:00,16.8,5.910,,6.900,6.410,6.610,7.260,6.950,6.950,surge-persistence,6.900,nwps,0.000,nws_grid,7,12,0,v0.10.6
2026-09-28T21:11:21Z,2026-09-29 22:28-04:00,29.3,4.990,,5.600,5.490,5.590,6.330,5.880,5.880,surge-persistence,5.600,nwps,0.000,nws_grid,0,5,0,v0.10.6
2026-09-28T21:11:21Z,2026-09-30 10:47-04:00,41.6,5.830,,6.400,6.230,6.430,7.170,6.610,6.610,surge-persistence,6.400,nwps,0.000,nws_grid,0,3,0,v0.10.6
2026-09-28T21:11:21Z,2026-09-30 23:23-04:00,54.2,4.730,,5.400,5.230,5.330,6.080,5.440,5.440,surge-persistence,5.400,nwps,0.000,nws_grid,0,10,0,v0.10.6
2026-09-28T21:11:21Z,2026-10-01 11:44-04:00,66.5,5.660,,6.200,6.060,6.260,7.010,6.320,6.320,surge-persistence,6.200,nwps,0.000,nws_grid,0,9,0,v0.10.6
2026-09-28T21:11:21Z,2026-10-02 00:27-04:00,79.3,4.530,,,4.730,4.930,5.870,5.150,,,4.830,petss_mid,0.000,nbm,0,16,0,v0.10.6
2026-09-28T21:11:21Z,2026-10-02 12:48-04:00,91.6,5.480,,,5.480,5.780,6.830,6.080,,,5.630,petss_mid,0.000,nbm,1,10,0,v0.10.6
2026-09-28T21:11:21Z,2026-10-03 01:32-04:00,104.3,4.430,,,,,5.780,5.010,,,4.690,guidance_decay,0.000,nbm,30,12,0,v0.10.6
2026-09-28T21:11:21Z,2026-10-03 13:54-04:00,116.7,5.340,,,,,6.690,5.900,,,5.680,guidance_decay,0.000,nbm,16,14,0,v0.10.6
2026-09-28T21:11:21Z,2026-10-04 02:37-04:00,129.4,4.450,,,,,5.800,5.000,,,4.840,guidance_decay,0.160,nbm,35,15,16,v0.10.6
2026-09-28T21:11:21Z,2026-10-04 14:59-04:00,141.8,5.250,,,,,6.600,5.800,,,5.690,guidance_decay,0.050,nbm,50,18,16,v0.10.6
2026-09-28T21:11:21Z,2026-10-05 03:42-04:00,154.5,4.580,,,,,5.930,5.120,,,5.040,guidance_decay,0.120,nbm,30,16,23,v0.10.6
2026-09-28T21:11:21Z,2026-10-05 16:05-04:00,166.9,5.230,,,,,6.580,5.770,,,5.710,guidance_decay,0.110,nbm,11,18,23,v0.10.6
2026-09-28T22:12:38Z,2026-09-28 21:40-04:00,3.5,5.220,,6.600,6.020,6.120,6.580,6.510,6.510,surge-persistence,6.600,nwps,0.000,nws_grid,4,16,90,v0.10.6
2026-09-28T22:12:38Z,2026-09-29 09:58-04:00,15.8,5.910,,6.900,6.410,6.610,7.270,6.980,6.980,surge-persistence,6.900,nwps,0.000,nws_grid,7,12,0,v0.10.6
2026-09-28T22:12:38Z,2026-09-29 22:28-04:00,28.3,4.990,,5.600,5.490,5.590,6.350,5.890,5.890,surge-persistence,5.600,nwps,0.000,nws_grid,0,5,0,v0.10.6
2026-09-28T22:12:38Z,2026-09-30 10:47-04:00,40.6,5.830,,6.400,6.230,6.430,7.190,6.620,6.620,surge-persistence,6.400,nwps,0.000,nws_grid,0,3,0,v0.10.6
2026-09-28T22:12:38Z,2026-09-30 23:23-04:00,53.2,4.730,,5.400,5.230,5.330,6.090,5.450,5.450,surge-persistence,5.400,nwps,0.000,nws_grid,0,10,0,v0.10.6
2026-09-28T22:12:38Z,2026-10-01 11:44-04:00,65.5,5.660,,6.200,6.060,6.260,7.020,6.320,6.320,surge-persistence,6.200,nwps,0.000,nws_grid,0,9,0,v0.10.6
2026-09-28T22:12:38Z,2026-10-02 00:27-04:00,78.2,4.530,,,4.730,4.930,5.890,5.150,,,4.830,petss_mid,0.000,nbm,0,16,0,v0.10.6
2026-09-28T22:12:38Z,2026-10-02 12:48-04:00,90.6,5.480,,,5.480,5.780,6.840,6.080,,,5.630,petss_mid,0.000,nbm,1,10,0,v0.10.6
2026-09-28T22:12:38Z,2026-10-03 01:32-04:00,103.3,4.430,,,,,5.790,5.010,,,4.690,guidance_decay,0.000,nbm,30,12,0,v0.10.6
2026-09-28T22:12:38Z,2026-10-03 13:54-04:00,115.7,5.340,,,,,6.700,5.900,,,5.680,guidance_decay,0.000,nbm,16,14,0,v0.10.6
2026-09-28T22:12:38Z,2026-10-04 02:37-04:00,128.4,4.450,,,,,5.810,5.000,,,4.840,guidance_decay,0.160,nbm,35,15,16,v0.10.6
2026-09-28T22:12:38Z,2026-10-04 14:59-04:00,140.8,5.250,,,,,6.610,5.800,,,5.690,guidance_decay,0.050,nbm,50,18,16,v0.10.6
2026-09-28T22:12:38Z,2026-10-05 03:42-04:00,153.5,4.580,,,,,5.940,5.120,,,5.040,guidance_decay,0.120,nbm,30,16,23,v0.10.6
2026-09-28T22:12:38Z,2026-10-05 16:05-04:00,165.9,5.230,,,,,6.590,5.770,,,5.710,guidance_decay,0.110,nbm,11,18,23,v0.10.6
2026-09-28T23:11:22Z,2026-09-28 21:40-04:00,2.5,5.220,,6.600,6.020,6.120,6.490,6.440,6.440,surge-persistence,6.600,nwps,0.000,nws_grid,4,16,90,v0.10.6
2026-09-28T23:11:22Z,2026-09-29 09:58-04:00,14.8,5.910,,6.900,6.410,6.610,7.180,6.930,6.930,surge-persistence,6.900,nwps,0.000,nws_grid,7,12,0,v0.10.6
2026-09-28T23:11:22Z,2026-09-29 22:28-04:00,27.3,4.990,,5.600,5.490,5.590,6.250,5.860,5.860,surge-persistence,5.600,nwps,0.000,nws_grid,0,5,0,v0.10.6
2026-09-28T23:11:22Z,2026-09-30 10:47-04:00,39.6,5.830,,6.400,6.230,6.430,7.090,6.600,6.600,surge-persistence,6.400,nwps,0.000,nws_grid,0,3,0,v0.10.6
2026-09-28T23:11:22Z,2026-09-30 23:23-04:00,52.2,4.730,,5.400,5.230,5.330,6.000,5.430,5.430,surge-persistence,5.400,nwps,0.000,nws_grid,0,10,0,v0.10.6
2026-09-28T23:11:22Z,2026-10-01 11:44-04:00,64.5,5.660,,6.200,6.060,6.260,6.920,6.310,6.310,surge-persistence,6.200,nwps,0.000,nws_grid,0,9,0,v0.10.6
2026-09-28T23:11:22Z,2026-10-02 00:27-04:00,77.3,4.530,,,4.730,4.930,5.790,5.140,,,4.830,petss_mid,0.000,nbm,0,16,0,v0.10.6
2026-09-28T23:11:22Z,2026-10-02 12:48-04:00,89.6,5.480,,,5.480,5.780,6.750,6.070,,,5.630,petss_mid,0.000,nbm,1,10,0,v0.10.6
2026-09-28T23:11:22Z,2026-10-03 01:32-04:00,102.3,4.430,,,,,5.690,5.000,,,4.690,guidance_decay,0.000,nbm,30,12,0,v0.10.6
2026-09-28T23:11:22Z,2026-10-03 13:54-04:00,114.7,5.340,,,,,6.610,5.900,,,5.680,guidance_decay,0.000,nbm,16,14,0,v0.10.6
2026-09-28T23:11:22Z,2026-10-04 02:37-04:00,127.4,4.450,,,,,5.710,5.000,,,4.840,guidance_decay,0.160,nbm,35,15,16,v0.10.6
2026-09-28T23:11:22Z,2026-10-04 14:59-04:00,139.8,5.250,,,,,6.520,5.800,,,5.690,guidance_decay,0.050,nbm,50,18,16,v0.10.6
2026-09-28T23:11:22Z,2026-10-05 03:42-04:00,152.5,4.580,,,,,5.850,5.120,,,5.040,guidance_decay,0.120,nbm,30,16,23,v0.10.6
2026-09-28T23:11:22Z,2026-10-05 16:05-04:00,164.9,5.230,,,,,6.500,5.770,,,5.710,guidance_decay,0.110,nbm,11,18,23,v0.10.6
2026-09-29T00:34:48Z,2026-09-28 21:40-04:00,1.1,5.220,,6.600,6.020,6.120,6.510,6.480,6.480,surge-persistence,6.600,nwps,0.000,nws_grid,4,16,90,v0.10.6
2026-09-29T00:34:48Z,2026-09-29 09:58-04:00,13.4,5.910,,6.900,6.410,6.610,7.200,6.960,6.960,surge-persistence,6.900,nwps,0.000,nws_grid,7,12,0,v0.10.6
2026-09-29T00:34:48Z,2026-09-29 22:28-04:00,25.9,4.990,,5.600,5.490,5.590,6.270,5.880,5.880,surge-persistence,5.600,nwps,0.000,nws_grid,0,5,0,v0.10.6
2026-09-29T00:34:48Z,2026-09-30 10:47-04:00,38.2,5.830,,6.400,6.230,6.430,7.110,6.610,6.610,surge-persistence,6.400,nwps,0.000,nws_grid,0,3,0,v0.10.6
2026-09-29T00:34:48Z,2026-09-30 23:23-04:00,50.8,4.730,,5.400,5.230,5.330,6.010,5.440,5.440,surge-persistence,5.400,nwps,0.000,nws_grid,0,10,0,v0.10.6
2026-09-29T00:34:48Z,2026-10-01 11:44-04:00,63.2,5.660,,6.200,6.060,6.260,6.940,6.320,6.320,surge-persistence,6.200,nwps,0.000,nws_grid,0,9,0,v0.10.6
2026-09-29T00:34:48Z,2026-10-02 00:27-04:00,75.9,4.530,,,4.730,4.930,5.810,5.150,,,4.830,petss_mid,0.000,nbm,0,16,0,v0.10.6
2026-09-29T00:34:48Z,2026-10-02 12:48-04:00,88.2,5.480,,,5.480,5.780,6.760,6.080,,,5.630,petss_mid,0.000,nbm,1,10,0,v0.10.6
2026-09-29T00:34:48Z,2026-10-03 01:32-04:00,101.0,4.430,,,,,5.710,5.010,,,4.690,guidance_decay,0.000,nbm,30,12,0,v0.10.6
2026-09-29T00:34:48Z,2026-10-03 13:54-04:00,113.3,5.340,,,,,6.620,5.900,,,5.680,guidance_decay,0.000,nbm,16,14,0,v0.10.6
2026-09-29T00:34:48Z,2026-10-04 02:37-04:00,126.0,4.450,,,,,5.730,5.000,,,4.840,guidance_decay,0.220,nbm,35,15,32,v0.10.6
2026-09-29T00:34:48Z,2026-10-04 14:59-04:00,138.4,5.250,,,,,6.540,5.800,,,5.690,guidance_decay,0.210,nbm,50,18,32,v0.10.6
2026-09-29T00:34:48Z,2026-10-05 03:42-04:00,151.1,4.580,,,,,5.860,5.120,,,5.040,guidance_decay,0.220,nbm,30,16,26,v0.10.6
2026-09-29T00:34:48Z,2026-10-05 16:05-04:00,163.5,5.230,,,,,6.520,5.770,,,5.710,guidance_decay,0.000,nbm,11,18,26,v0.10.6
2026-09-29T01:28:01Z,2026-09-28 21:40-04:00,0.2,5.220,,6.600,6.020,6.120,6.560,6.550,6.550,surge-persistence,6.600,nwps,0.000,nws_grid,4,16,90,v0.10.6
2026-09-29T01:28:01Z,2026-09-29 09:58-04:00,12.5,5.910,,6.900,6.410,6.610,7.240,7.010,7.010,surge-persistence,6.900,nwps,0.000,nws_grid,7,12,0,v0.10.6
2026-09-29T01:28:01Z,2026-09-29 22:28-04:00,25.0,4.990,,5.600,5.490,5.590,6.320,5.910,5.910,surge-persistence,5.600,nwps,0.000,nws_grid,0,5,0,v0.10.6
2026-09-29T01:28:01Z,2026-09-30 10:47-04:00,37.3,5.830,,6.400,6.230,6.430,7.160,6.640,6.640,surge-persistence,6.400,nwps,0.000,nws_grid,0,3,0,v0.10.6
2026-09-29T01:28:01Z,2026-09-30 23:23-04:00,49.9,4.730,,5.400,5.230,5.330,6.060,5.460,5.460,surge-persistence,5.400,nwps,0.000,nws_grid,0,10,0,v0.10.6
2026-09-29T01:28:01Z,2026-10-01 11:44-04:00,62.3,5.660,,6.200,6.060,6.260,6.990,6.330,6.330,surge-persistence,6.200,nwps,0.000,nws_grid,0,9,0,v0.10.6
2026-09-29T01:28:01Z,2026-10-02 00:27-04:00,75.0,4.530,,,4.730,4.930,5.860,5.160,,,4.830,petss_mid,0.000,nbm,0,16,0,v0.10.6
2026-09-29T01:28:01Z,2026-10-02 12:48-04:00,87.3,5.480,,,5.480,5.780,6.810,6.080,,,5.630,petss_mid,0.000,nbm,1,10,0,v0.10.6
2026-09-29T01:28:01Z,2026-10-03 01:32-04:00,100.1,4.430,,,,,5.760,5.010,,,4.690,guidance_decay,0.000,nbm,30,12,0,v0.10.6
2026-09-29T01:28:01Z,2026-10-03 13:54-04:00,112.4,5.340,,,,,6.670,5.910,,,5.680,guidance_decay,0.000,nbm,16,14,0,v0.10.6
2026-09-29T01:28:01Z,2026-10-04 02:37-04:00,125.1,4.450,,,,,5.780,5.000,,,4.840,guidance_decay,0.220,nbm,35,15,32,v0.10.6
2026-09-29T01:28:01Z,2026-10-04 14:59-04:00,137.5,5.250,,,,,6.590,5.800,,,5.690,guidance_decay,0.210,nbm,50,18,32,v0.10.6
2026-09-29T01:28:01Z,2026-10-05 03:42-04:00,150.2,4.580,,,,,5.910,5.120,,,5.040,guidance_decay,0.220,nbm,30,16,26,v0.10.6
2026-09-29T01:28:01Z,2026-10-05 16:05-04:00,162.6,5.230,,,,,6.560,5.770,,,5.710,guidance_decay,0.000,nbm,11,18,26,v0.10.6
2026-09-29T02:19:28Z,2026-09-29 09:58-04:00,11.6,5.910,,6.900,6.410,6.610,7.190,6.980,6.980,surge-persistence,6.900,nwps,0.000,nws_grid,7,12,0,v0.10.6
2026-09-29T02:19:28Z,2026-09-29 22:28-04:00,24.1,4.990,,5.600,5.490,5.590,6.260,5.890,5.890,surge-persistence,5.600,nwps,0.000,nws_grid,0,5,0,v0.10.6
2026-09-29T02:19:28Z,2026-09-30 10:47-04:00,36.5,5.830,,6.400,6.230,6.430,7.100,6.620,6.620,surge-persistence,6.400,nwps,0.000,nws_grid,0,3,0,v0.10.6
2026-09-29T02:19:28Z,2026-09-30 23:23-04:00,49.1,4.730,,5.400,5.230,5.330,6.000,5.450,5.450,surge-persistence,5.400,nwps,0.000,nws_grid,0,10,0,v0.10.6
2026-09-29T02:19:28Z,2026-10-01 11:44-04:00,61.4,5.660,,6.200,6.060,6.260,6.930,6.320,6.320,surge-persistence,6.200,nwps,0.000,nws_grid,0,9,0,v0.10.6
2026-09-29T02:19:28Z,2026-10-02 00:27-04:00,74.1,4.530,,,4.730,4.930,5.800,5.150,,,4.830,petss_mid,0.000,nbm,0,16,0,v0.10.6
2026-09-29T02:19:28Z,2026-10-02 12:48-04:00,86.5,5.480,,,5.480,5.780,6.750,6.080,,,5.630,petss_mid,0.000,nbm,1,10,0,v0.10.6
2026-09-29T02:19:28Z,2026-10-03 01:32-04:00,99.2,4.430,,,,,5.700,5.010,,,4.690,guidance_decay,0.000,nbm,30,12,0,v0.10.6
2026-09-29T02:19:28Z,2026-10-03 13:54-04:00,111.6,5.340,,,,,6.610,5.900,,,5.680,guidance_decay,0.000,nbm,16,14,0,v0.10.6
2026-09-29T02:19:28Z,2026-10-04 02:37-04:00,124.3,4.450,,,,,5.720,5.000,,,4.840,guidance_decay,0.220,nbm,35,15,32,v0.10.6
2026-09-29T02:19:28Z,2026-10-04 14:59-04:00,136.7,5.250,,,,,6.530,5.800,,,5.690,guidance_decay,0.210,nbm,50,18,32,v0.10.6
2026-09-29T02:19:28Z,2026-10-05 03:42-04:00,149.4,4.580,,,,,5.850,5.120,,,5.040,guidance_decay,0.220,nbm,30,16,26,v0.10.6
2026-09-29T02:19:28Z,2026-10-05 16:05-04:00,161.8,5.230,,,,,6.510,5.770,,,5.710,guidance_decay,0.000,nbm,11,18,26,v0.10.6
2026-09-29T03:15:06Z,2026-09-29 09:58-04:00,10.7,5.910,,6.900,6.410,6.510,7.050,6.890,6.890,surge-persistence,6.900,nwps,0.000,nws_grid,7,12,0,v0.10.6
2026-09-29T03:15:06Z,2026-09-29 22:28-04:00,23.2,4.990,,5.600,5.490,5.590,6.120,5.830,5.830,surge-persistence,5.600,nwps,0.000,nws_grid,0,5,0,v0.10.6
2026-09-29T03:15:06Z,2026-09-30 10:47-04:00,35.5,5.830,,6.400,6.230,6.430,6.960,6.580,6.580,surge-persistence,6.400,nwps,0.000,nws_grid,0,3,0,v0.10.6
2026-09-29T03:15:06Z,2026-09-30 23:23-04:00,48.1,4.730,,5.400,5.230,5.330,5.870,5.420,5.420,surge-persistence,5.400,nwps,0.000,nws_grid,0,10,0,v0.10.6
2026-09-29T03:15:06Z,2026-10-01 11:44-04:00,60.5,5.660,,6.200,6.060,6.160,6.800,6.300,6.300,surge-persistence,6.200,nwps,0.000,nws_grid,0,9,0,v0.10.6
2026-09-29T03:15:06Z,2026-10-02 00:27-04:00,73.2,4.530,,,4.730,4.930,5.670,5.140,,,4.830,petss_mid,0.000,nbm,0,16,0,v0.10.6
2026-09-29T03:15:06Z,2026-10-02 12:48-04:00,85.5,5.480,,,5.580,5.780,6.620,6.070,,,5.680,petss_mid,0.000,nbm,1,10,0,v0.10.6
2026-09-29T03:15:06Z,2026-10-03 01:32-04:00,98.3,4.430,,,,,5.570,5.000,,,4.680,guidance_decay,0.000,nbm,30,12,0,v0.10.6
2026-09-29T03:15:06Z,2026-10-03 13:54-04:00,110.6,5.340,,,,,6.480,5.900,,,5.670,guidance_decay,0.000,nbm,16,14,0,v0.10.6
2026-09-29T03:15:06Z,2026-10-04 02:37-04:00,123.4,4.450,,,,,5.590,5.000,,,4.840,guidance_decay,0.220,nbm,35,15,32,v0.10.6
2026-09-29T03:15:06Z,2026-10-04 14:59-04:00,135.7,5.250,,,,,6.390,5.800,,,5.680,guidance_decay,0.210,nbm,50,18,32,v0.10.6
2026-09-29T03:15:06Z,2026-10-05 03:42-04:00,148.4,4.580,,,,,5.720,5.120,,,5.040,guidance_decay,0.220,nbm,30,16,26,v0.10.6
2026-09-29T03:15:06Z,2026-10-05 16:05-04:00,160.8,5.230,,,,,6.370,5.770,,,5.710,guidance_decay,0.000,nbm,11,18,26,v0.10.6
2026-09-29T04:15:13Z,2026-09-29 09:58-04:00,9.7,5.910,,6.900,6.410,6.510,6.970,6.840,6.840,surge-persistence,6.900,nwps,0.000,nws_grid,7,12,0,v0.10.6
2026-09-29T04:15:13Z,2026-09-29 22:28-04:00,22.2,4.990,,5.600,5.490,5.590,6.040,5.800,5.800,surge-persistence,5.600,nwps,0.000,nws_grid,0,5,0,v0.10.6
2026-09-29T04:15:13Z,2026-09-30 10:47-04:00,34.5,5.830,,6.400,6.230,6.430,6.880,6.560,6.560,surge-persistence,6.400,nwps,0.000,nws_grid,0,3,0,v0.10.6
2026-09-29T04:15:13Z,2026-09-30 23:23-04:00,47.1,4.730,,5.400,5.230,5.330,5.790,5.400,5.400,surge-persistence,5.400,nwps,0.000,nws_grid,0,10,0,v0.10.6
2026-09-29T04:15:13Z,2026-10-01 11:44-04:00,59.5,5.660,,6.200,6.060,6.160,6.720,6.290,6.290,surge-persistence,6.200,nwps,0.000,nws_grid,0,9,0,v0.10.6
2026-09-29T04:15:13Z,2026-10-02 00:27-04:00,72.2,4.530,,,4.730,4.930,5.590,5.130,,,4.830,petss_mid,0.000,nbm,0,16,0,v0.10.6
2026-09-29T04:15:13Z,2026-10-02 12:48-04:00,84.5,5.480,,,5.580,5.780,6.540,6.060,,,5.680,petss_mid,0.000,nbm,1,10,0,v0.10.6
2026-09-29T04:15:13Z,2026-10-03 01:32-04:00,97.3,4.430,,,,,5.490,5.000,,,4.680,guidance_decay,0.000,nbm,30,12,0,v0.10.6
2026-09-29T04:15:13Z,2026-10-03 13:54-04:00,109.6,5.340,,,,,6.400,5.900,,,5.670,guidance_decay,0.000,nbm,16,14,0,v0.10.6
2026-09-29T04:15:13Z,2026-10-04 02:37-04:00,122.4,4.450,,,,,5.510,5.000,,,4.840,guidance_decay,0.220,nbm,35,15,32,v0.10.6
2026-09-29T04:15:13Z,2026-10-04 14:59-04:00,134.7,5.250,,,,,6.310,5.800,,,5.680,guidance_decay,0.210,nbm,50,18,32,v0.10.6
2026-09-29T04:15:13Z,2026-10-05 03:42-04:00,147.4,4.580,,,,,5.640,5.120,,,5.040,guidance_decay,0.220,nbm,30,16,26,v0.10.6
2026-09-29T04:15:13Z,2026-10-05 16:05-04:00,159.8,5.230,,,,,6.290,5.770,,,5.710,guidance_decay,0.000,nbm,11,18,26,v0.10.6
2026-09-29T05:13:16Z,2026-09-29 09:58-04:00,8.7,5.910,,6.900,6.410,6.510,7.050,6.920,6.920,surge-persistence,6.900,nwps,0.000,nws_grid,7,12,0,v0.10.6
2026-09-29T05:13:16Z,2026-09-29 22:28-04:00,21.2,4.990,,5.600,5.490,5.590,6.130,5.850,5.850,surge-persistence,5.600,nwps,0.000,nws_grid,0,5,0,v0.10.6
2026-09-29T05:13:16Z,2026-09-30 10:47-04:00,33.6,5.830,,6.400,6.230,6.430,6.960,6.590,6.590,surge-persistence,6.400,nwps,0.000,nws_grid,0,3,0,v0.10.6
2026-09-29T05:13:16Z,2026-09-30 23:23-04:00,46.2,4.730,,5.400,5.230,5.330,5.870,5.430,5.430,surge-persistence,5.400,nwps,0.000,nws_grid,0,10,0,v0.10.6
2026-09-29T05:13:16Z,2026-10-01 11:44-04:00,58.5,5.660,,6.200,6.060,6.160,6.800,6.310,6.310,surge-persistence,6.200,nwps,0.000,nws_grid,0,9,0,v0.10.6
2026-09-29T05:13:16Z,2026-10-02 00:27-04:00,71.2,4.530,,,4.730,4.930,5.670,5.140,5.140,surge-persistence,4.830,petss_mid,0.000,nbm,0,16,0,v0.10.6
2026-09-29T05:13:16Z,2026-10-02 12:48-04:00,83.6,5.480,,,5.580,5.780,6.620,6.070,,,5.680,petss_mid,0.000,nbm,1,10,0,v0.10.6
2026-09-29T05:13:16Z,2026-10-03 01:32-04:00,96.3,4.430,,,,,5.570,5.000,,,4.680,guidance_decay,0.000,nbm,30,12,0,v0.10.6
2026-09-29T05:13:16Z,2026-10-03 13:54-04:00,108.7,5.340,,,,,6.480,5.900,,,5.670,guidance_decay,0.000,nbm,16,14,0,v0.10.6
2026-09-29T05:13:16Z,2026-10-04 02:37-04:00,121.4,4.450,,,,,5.590,5.000,,,4.840,guidance_decay,0.220,nbm,35,15,32,v0.10.6
2026-09-29T05:13:16Z,2026-10-04 14:59-04:00,133.8,5.250,,,,,6.390,5.800,,,5.680,guidance_decay,0.210,nbm,50,18,32,v0.10.6
2026-09-29T05:13:16Z,2026-10-05 03:42-04:00,146.5,4.580,,,,,5.720,5.120,,,5.040,guidance_decay,0.220,nbm,30,16,26,v0.10.6
2026-09-29T05:13:16Z,2026-10-05 16:05-04:00,158.9,5.230,,,,,6.370,5.770,,,5.710,guidance_decay,0.000,nbm,11,18,26,v0.10.6
2026-09-29T06:22:09Z,2026-09-29 09:58-04:00,7.6,5.910,,6.900,6.410,6.510,7.120,6.990,6.990,surge-persistence,6.900,nwps,0.000,nws_grid,7,12,0,v0.10.6
2026-09-29T06:22:09Z,2026-09-29 22:28-04:00,20.1,4.990,,5.600,5.490,5.590,6.190,5.900,5.900,surge-persistence,5.600,nwps,0.000,nws_grid,0,5,0,v0.10.6
2026-09-29T06:22:09Z,2026-09-30 10:47-04:00,32.4,5.830,,6.400,6.230,6.430,7.030,6.630,6.630,surge-persistence,6.400,nwps,0.000,nws_grid,0,3,0,v0.10.6
2026-09-29T06:22:09Z,2026-09-30 23:23-04:00,45.0,4.730,,5.400,5.230,5.330,5.930,5.450,5.450,surge-persistence,5.400,nwps,0.000,nws_grid,0,10,0,v0.10.6
2026-09-29T06:22:09Z,2026-10-01 11:44-04:00,57.4,5.660,,6.200,6.060,6.160,6.860,6.330,6.330,surge-persistence,6.200,nwps,0.000,nws_grid,0,9,0,v0.10.6
2026-09-29T06:22:09Z,2026-10-02 00:27-04:00,70.1,4.530,,,4.730,4.930,5.730,5.150,5.150,surge-persistence,4.830,petss_mid,0.000,nbm,0,16,0,v0.10.6
2026-09-29T06:22:09Z,2026-10-02 12:48-04:00,82.4,5.480,,,5.580,5.780,6.680,6.080,,,5.680,petss_mid,0.000,nbm,1,10,0,v0.10.6
2026-09-29T06:22:09Z,2026-10-03 01:32-04:00,95.2,4.430,,,,,5.630,5.010,,,4.680,guidance_decay,0.000,nbm,30,12,0,v0.10.6
2026-09-29T06:22:09Z,2026-10-03 13:54-04:00,107.5,5.340,,,,,6.540,5.910,,,5.670,guidance_decay,0.000,nbm,16,14,0,v0.10.6
2026-09-29T06:22:09Z,2026-10-04 02:37-04:00,120.2,4.450,,,,,5.650,5.000,,,4.840,guidance_decay,0.220,nbm,35,15,29,v0.10.6
2026-09-29T06:22:09Z,2026-10-04 14:59-04:00,132.6,5.250,,,,,6.460,5.800,,,5.680,guidance_decay,0.320,nbm,50,18,29,v0.10.6
2026-09-29T06:22:09Z,2026-10-05 03:42-04:00,145.3,4.580,,,,,5.780,5.120,,,5.040,guidance_decay,0.060,nbm,30,16,10,v0.10.6
2026-09-29T06:22:09Z,2026-10-05 16:05-04:00,157.7,5.230,,,,,6.440,5.770,,,5.710,guidance_decay,0.000,nbm,11,18,10,v0.10.6
2026-09-29T07:20:21Z,2026-09-29 09:58-04:00,6.6,5.910,,6.900,6.410,6.510,6.990,6.890,6.890,surge-persistence,6.900,nwps,0.000,nws_grid,7,12,0,v0.10.6
2026-09-29T07:20:21Z,2026-09-29 22:28-04:00,19.1,4.990,,5.600,5.490,5.590,6.060,5.830,5.830,surge-persistence,5.600,nwps,0.000,nws_grid,0,5,0,v0.10.6
2026-09-29T07:20:21Z,2026-09-30 10:47-04:00,31.4,5.830,,6.400,6.230,6.430,6.900,6.580,6.580,surge-persistence,6.400,nwps,0.000,nws_grid,0,3,0,v0.10.6
2026-09-29T07:20:21Z,2026-09-30 23:23-04:00,44.0,4.730,,5.400,5.230,5.330,5.800,5.420,5.420,surge-persistence,5.400,nwps,0.000,nws_grid,0,10,0,v0.10.6
2026-09-29T07:20:21Z,2026-10-01 11:44-04:00,56.4,5.660,,6.200,6.060,6.160,6.730,6.300,6.300,surge-persistence,6.200,nwps,0.000,nws_grid,0,9,0,v0.10.6
2026-09-29T07:20:21Z,2026-10-02 00:27-04:00,69.1,4.530,,,4.730,4.930,5.600,5.140,5.140,surge-persistence,4.830,petss_mid,0.000,nbm,0,16,0,v0.10.6
2026-09-29T07:20:21Z,2026-10-02 12:48-04:00,81.5,5.480,,,5.580,5.780,6.550,6.070,,,5.680,petss_mid,0.000,nbm,1,10,0,v0.10.6
2026-09-29T07:20:21Z,2026-10-03 01:32-04:00,94.2,4.430,,,,,5.500,5.000,,,4.680,guidance_decay,0.000,nbm,30,12,0,v0.10.6
2026-09-29T07:20:21Z,2026-10-03 13:54-04:00,106.6,5.340,,,,,6.410,5.900,,,5.670,guidance_decay,0.000,nbm,16,14,0,v0.10.6
2026-09-29T07:20:21Z,2026-10-04 02:37-04:00,119.3,4.450,,,,,5.520,5.000,,,4.840,guidance_decay,0.220,nbm,35,15,29,v0.10.6
2026-09-29T07:20:21Z,2026-10-04 14:59-04:00,131.6,5.250,,,,,6.330,5.800,,,5.680,guidance_decay,0.320,nbm,50,18,29,v0.10.6
2026-09-29T07:20:21Z,2026-10-05 03:42-04:00,144.4,4.580,,,,,5.650,5.120,,,5.040,guidance_decay,0.060,nbm,30,16,10,v0.10.6
2026-09-29T07:20:21Z,2026-10-05 16:05-04:00,156.7,5.230,,,,,6.310,5.770,,,5.710,guidance_decay,0.000,nbm,11,18,10,v0.10.6
2026-09-29T08:17:51Z,2026-09-29 09:58-04:00,5.7,5.910,,6.800,6.410,6.510,6.770,6.720,6.720,surge-persistence,6.800,nwps,0.000,nws_grid,1,9,0,v0.10.6
2026-09-29T08:17:51Z,2026-09-29 22:28-04:00,18.2,4.990,,5.700,5.490,5.590,5.840,5.710,5.710,surge-persistence,5.700,nwps,0.000,nws_grid,1,5,0,v0.10.6
2026-09-29T08:17:51Z,2026-09-30 10:47-04:00,30.5,5.830,,6.600,6.230,6.430,6.680,6.490,6.490,surge-persistence,6.600,nwps,0.000,nws_grid,0,3,0,v0.10.6
2026-09-29T08:17:51Z,2026-09-30 23:23-04:00,43.1,4.730,,5.500,5.230,5.330,5.580,5.360,5.360,surge-persistence,5.500,nwps,0.000,nws_grid,0,9,0,v0.10.6
2026-09-29T08:17:51Z,2026-10-01 11:44-04:00,55.4,5.660,,6.400,6.060,6.160,6.510,6.260,6.260,surge-persistence,6.400,nwps,0.000,nws_grid,0,9,0,v0.10.6
2026-09-29T08:17:51Z,2026-10-02 00:27-04:00,68.2,4.530,,5.100,4.730,4.930,5.380,5.110,5.110,surge-persistence,5.100,nwps,0.000,nws_grid,0,14,0,v0.10.6
2026-09-29T08:17:51Z,2026-10-02 12:48-04:00,80.5,5.480,,,5.580,5.780,6.330,6.050,,,5.680,petss_mid,0.000,nbm,0,12,0,v0.10.6
2026-09-29T08:17:51Z,2026-10-03 01:32-04:00,93.2,4.430,,,,,5.280,4.980,,,4.680,guidance_decay,0.000,nbm,13,14,0,v0.10.6
2026-09-29T08:17:51Z,2026-10-03 13:54-04:00,105.6,5.340,,,,,6.190,5.890,,,5.670,guidance_decay,0.000,nbm,16,15,0,v0.10.6
2026-09-29T08:17:51Z,2026-10-04 02:37-04:00,118.3,4.450,,,,,5.300,4.990,,,4.840,guidance_decay,0.220,nbm,48,17,29,v0.10.6
2026-09-29T08:17:51Z,2026-10-04 14:59-04:00,130.7,5.250,,,,,6.110,5.790,,,5.680,guidance_decay,0.320,nbm,58,18,29,v0.10.6
2026-09-29T08:17:51Z,2026-10-05 03:42-04:00,143.4,4.580,,,,,5.430,5.120,,,5.040,guidance_decay,0.060,nbm,30,16,10,v0.10.6
2026-09-29T08:17:51Z,2026-10-05 16:05-04:00,155.8,5.230,,,,,6.090,5.770,,,5.710,guidance_decay,0.000,nbm,8,16,10,v0.10.6
