{
  "time": "2026-07-08 14:41",
  "predicted_mllw": 5.2,
  "surge_ft": 1.5917000000000003,
  "forecast_peak_mllw": 6.7917000000000005,
  "peak_rain_in_hr": 0.0,
  "peak_rain_offset_h": null,
  "rain_window_3h": [
    [
      -2.683333333333333,
      0.0
    ],
    [
      -1.6833333333333333,
      0.0
    ],
    [
      -0.6833333333333333,
      0.0
    ],
    [
      0.31666666666666665,
      0.0
    ],
    [
      1.3166666666666667,
      0.0
    ],
    [
      2.316666666666667,
      0.0
    ]
  ],
  "source": "surge-persistence",
  "depths_in": {
    "grate_SW": 5.420400000000008,
    "grate_SE": 4.460400000000007,
    "corner_SE": 3.9804000000000066,
    "corner_SW": 3.9804000000000066,
    "grate_bay_ave_upstream": 3.9804000000000066,
    "gutter_walkway": 2.3004000000000104,
    "grate_NE": 2.0604000000000102,
    "grate_NW": 2.0604000000000102,
    "corner_NE": 0.7404000000000064,
    "corner_NW": 0.7404000000000064,
    "curb": 0.0,
    "sidewalk_under_walkway_lawn_step": 0.0,
    "road_middle": 0.0,
    "intersection_highpoint": 0.0,
    "lawn_step": 0.0,
    "porch_step_base": 0.0,
    "porch_step1_top": 0.0,
    "porch_deck": 0.0,
    "regime": "street"
  },
  "depths_in_wind_adjusted": null,
  "wind_adjustment": {
    "sector": "neither",
    "adjustment_ft": 0.0,
    "wind_dir_at_peak": "SE",
    "wind_speed_at_peak": "5 mph",
    "note": "Forecast wind at peak (SE at 5 mph) is cross-shore or unspecified \u2014 defaulting to main prediction (no wind adjustment)."
  },
  "hours_from_now": 42.21553426333334
}