{
  "time": "2026-07-08 14:41",
  "predicted_mllw": 5.2,
  "surge_ft": 1.3520000000000003,
  "forecast_peak_mllw": 6.5520000000000005,
  "peak_rain_in_hr": 0.0,
  "peak_rain_offset_h": null,
  "rain_window_3h": [
    [
      -2.683333333333333,
      0.0
    ],
    [
      -1.6833333333333333,
      0.0
    ],
    [
      -0.6833333333333333,
      0.0
    ],
    [
      0.31666666666666665,
      0.0
    ],
    [
      1.3166666666666667,
      0.0
    ],
    [
      2.316666666666667,
      0.0
    ]
  ],
  "source": "surge-persistence",
  "depths_in": {
    "grate_SW": 2.5440000000000076,
    "grate_SE": 1.5840000000000067,
    "corner_SE": 1.1040000000000063,
    "corner_SW": 1.1040000000000063,
    "grate_bay_ave_upstream": 1.1040000000000063,
    "gutter_walkway": 0.0,
    "grate_NE": 0.0,
    "grate_NW": 0.0,
    "corner_NE": 0.0,
    "corner_NW": 0.0,
    "curb": 0.0,
    "sidewalk_under_walkway_lawn_step": 0.0,
    "road_middle": 0.0,
    "intersection_highpoint": 0.0,
    "lawn_step": 0.0,
    "porch_step_base": 0.0,
    "porch_step1_top": 0.0,
    "porch_deck": 0.0,
    "regime": "street"
  },
  "depths_in_wind_adjusted": null,
  "wind_adjustment": {
    "sector": "onshore",
    "adjustment_ft": 0.0,
    "wind_dir_at_peak": "E",
    "wind_speed_at_peak": "5 mph",
    "note": "Forecast wind at peak (E at 5 mph) is in the onshore sector \u2014 water gets piled into the bay corner where Highlands sits. Main prediction applies."
  },
  "hours_from_now": 43.582258690833335
}