{
  "time": "2026-07-19 00:06",
  "predicted_mllw": 5.236,
  "surge_ft": 1.4673000000000003,
  "forecast_peak_mllw": 6.7033000000000005,
  "peak_rain_in_hr": 0.05833333333333334,
  "peak_rain_offset_h": -1.1,
  "rain_window_3h": [
    [
      -2.1,
      0.05833333333333334
    ],
    [
      -1.1,
      0.05833333333333334
    ],
    [
      -0.1,
      0.05833333333333334
    ],
    [
      0.9,
      0.05833333333333334
    ],
    [
      1.9,
      0.0
    ],
    [
      2.9,
      0.0
    ]
  ],
  "source": "surge-persistence",
  "depths_in": {
    "grate_SW": 4.3596000000000075,
    "grate_SE": 3.3996000000000066,
    "corner_SE": 2.919600000000006,
    "corner_SW": 2.919600000000006,
    "grate_bay_ave_upstream": 2.919600000000006,
    "gutter_walkway": 1.23960000000001,
    "grate_NE": 0.9996000000000098,
    "grate_NW": 0.9996000000000098,
    "corner_NE": 0.0,
    "corner_NW": 0.0,
    "curb": 0.0,
    "sidewalk_under_walkway_lawn_step": 0.0,
    "road_middle": 0.0,
    "intersection_highpoint": 0.0,
    "lawn_step": 0.0,
    "porch_step_base": 0.0,
    "porch_step1_top": 0.0,
    "porch_deck": 0.0,
    "regime": "street"
  },
  "depths_in_wind_adjusted": {
    "grate_SW": 2.7996000000000087,
    "grate_SE": 1.839600000000008,
    "corner_SE": 1.3596000000000075,
    "corner_SW": 1.3596000000000075,
    "grate_bay_ave_upstream": 1.3596000000000075,
    "gutter_walkway": 0.0,
    "grate_NE": 0.0,
    "grate_NW": 0.0,
    "corner_NE": 0.0,
    "corner_NW": 0.0,
    "curb": 0.0,
    "sidewalk_under_walkway_lawn_step": 0.0,
    "road_middle": 0.0,
    "intersection_highpoint": 0.0,
    "lawn_step": 0.0,
    "porch_step_base": 0.0,
    "porch_step1_top": 0.0,
    "porch_deck": 0.0,
    "regime": "street"
  },
  "wind_adjustment": {
    "sector": "offshore",
    "adjustment_ft": -0.13,
    "wind_dir_at_peak": "SW",
    "wind_speed_at_peak": "10 mph",
    "note": "Forecast wind at peak (SW at 10 mph) is in the offshore sector \u2014 water at 342 Bay is typically ~1.6\" lower than the main prediction because bay-corner water is being pushed away from Highlands. Expect actual closer to this wind-adjusted estimate."
  },
  "hours_from_now": 4.919909471666666
}