{
  "time": "2026-05-21 12:45",
  "predicted_mllw": 4.8,
  "surge_ft": 2.1992000000000003,
  "forecast_peak_mllw": 6.9992,
  "peak_rain_in_hr": 0.0,
  "peak_rain_offset_h": null,
  "rain_window_3h": [],
  "source": "surge-persistence",
  "depths_in": {
    "lowest_sentinel_grate": 11.7504,
    "lowest_road_corner": 11.2704,
    "gutter_walkway": 9.590400000000004,
    "corner_grate": 8.0304,
    "curb": 5.0304,
    "road_middle": 2.630399999999998,
    "intersection": 0.4704000000000015,
    "lawn_step": 0.0,
    "porch_step": 0.0,
    "regime": "moderate"
  },
  "hours_from_now": 13.230236950833334
}