{
  "time": "2026-07-07 13:50",
  "predicted_mllw": 4.963,
  "surge_ft": 1.3925,
  "forecast_peak_mllw": 6.3555,
  "peak_rain_in_hr": 0.013333333333333334,
  "peak_rain_offset_h": -0.8333333333333334,
  "rain_window_3h": [
    [
      -2.8333333333333335,
      0.013333333333333334
    ],
    [
      -1.8333333333333333,
      0.013333333333333334
    ],
    [
      -0.8333333333333334,
      0.013333333333333334
    ],
    [
      0.16666666666666666,
      0.0016666666666666668
    ],
    [
      1.1666666666666667,
      0.0016666666666666668
    ],
    [
      2.1666666666666665,
      0.0016666666666666668
    ]
  ],
  "source": "surge-persistence",
  "depths_in": {
    "grate_SW": 0.1860000000000035,
    "grate_SE": 0.0,
    "corner_SE": 0.0,
    "corner_SW": 0.0,
    "grate_bay_ave_upstream": 0.0,
    "gutter_walkway": 0.0,
    "grate_NE": 0.0,
    "grate_NW": 0.0,
    "corner_NE": 0.0,
    "corner_NW": 0.0,
    "curb": 0.0,
    "sidewalk_under_walkway_lawn_step": 0.0,
    "road_middle": 0.0,
    "intersection_highpoint": 0.0,
    "lawn_step": 0.0,
    "porch_step_base": 0.0,
    "porch_step1_top": 0.0,
    "porch_deck": 0.0,
    "regime": "street"
  },
  "depths_in_wind_adjusted": null,
  "wind_adjustment": {
    "sector": "onshore",
    "adjustment_ft": 0.0,
    "wind_dir_at_peak": "N",
    "wind_speed_at_peak": "15 mph",
    "note": "Forecast wind at peak (N at 15 mph) is in the onshore sector \u2014 water gets piled into the bay corner where Highlands sits. Main prediction applies."
  },
  "hours_from_now": 12.206887357222222
}