{
  "time": "2026-07-10 04:09",
  "predicted_mllw": 4.328,
  "surge_ft": 4.284800000000001,
  "forecast_peak_mllw": 8.6128,
  "peak_rain_in_hr": 0.0,
  "peak_rain_offset_h": null,
  "rain_window_3h": [
    [
      -2.15,
      0.0
    ],
    [
      -1.15,
      0.0
    ],
    [
      -0.15,
      0.0
    ],
    [
      0.85,
      0.0
    ],
    [
      1.85,
      0.0
    ],
    [
      2.85,
      0.0
    ]
  ],
  "source": "surge-persistence",
  "depths_in": {
    "grate_SW": 27.273599999999995,
    "grate_SE": 26.313599999999994,
    "corner_SE": 25.833599999999997,
    "corner_SW": 25.833599999999997,
    "grate_bay_ave_upstream": 25.833599999999997,
    "gutter_walkway": 24.153599999999997,
    "grate_NE": 23.9136,
    "grate_NW": 23.9136,
    "corner_NE": 22.593599999999995,
    "corner_NW": 22.593599999999995,
    "curb": 19.593599999999995,
    "sidewalk_under_walkway_lawn_step": 17.553599999999996,
    "road_middle": 17.193599999999993,
    "intersection_highpoint": 15.033599999999996,
    "lawn_step": 13.593599999999995,
    "porch_step_base": 13.3536,
    "porch_step1_top": 4.593599999999995,
    "porch_deck": 0.0,
    "regime": "severe"
  },
  "depths_in_wind_adjusted": null,
  "wind_adjustment": {
    "sector": "neither",
    "adjustment_ft": 0.0,
    "wind_dir_at_peak": "W",
    "wind_speed_at_peak": "5 mph",
    "note": "Forecast wind at peak (W at 5 mph) is cross-shore or unspecified \u2014 defaulting to main prediction (no wind adjustment)."
  },
  "hours_from_now": 8.582129185277779
}