{
  "time": "2026-06-09 15:15",
  "predicted_mllw": 4.907,
  "surge_ft": 6.272200000000001,
  "forecast_peak_mllw": 11.179200000000002,
  "peak_rain_in_hr": 0.0,
  "peak_rain_offset_h": null,
  "rain_window_3h": [],
  "source": "surge-persistence",
  "depths_in": {
    "lowest_sentinel_grate": 61.910400000000024,
    "lowest_road_corner": 61.43040000000001,
    "gutter_walkway": 59.75040000000003,
    "corner_grate": 58.19040000000002,
    "curb": 55.19040000000002,
    "road_middle": 52.79040000000002,
    "intersection": 50.63040000000002,
    "lawn_step": 50.15040000000002,
    "porch_step": 44.15040000000002,
    "regime": "severe"
  },
  "hours_from_now": 44.72439785861111
}