{
  "time": "2026-07-13 19:46",
  "predicted_mllw": 6.265,
  "surge_ft": 0.5347999999999997,
  "forecast_peak_mllw": 6.799799999999999,
  "peak_rain_in_hr": 0.0,
  "peak_rain_offset_h": null,
  "rain_window_3h": [
    [
      -2.7666666666666666,
      0.0
    ],
    [
      -1.7666666666666666,
      0.0
    ],
    [
      -0.7666666666666667,
      0.0
    ],
    [
      0.23333333333333334,
      0.0
    ],
    [
      1.2333333333333334,
      0.0
    ],
    [
      2.2333333333333334,
      0.0
    ]
  ],
  "source": "surge-persistence",
  "depths_in": {
    "grate_SW": 5.5175999999999945,
    "grate_SE": 4.557599999999994,
    "corner_SE": 4.077599999999993,
    "corner_SW": 4.077599999999993,
    "grate_bay_ave_upstream": 4.077599999999993,
    "gutter_walkway": 2.397599999999997,
    "grate_NE": 2.157599999999997,
    "grate_NW": 2.157599999999997,
    "corner_NE": 0.837599999999993,
    "corner_NW": 0.837599999999993,
    "curb": 0.0,
    "sidewalk_under_walkway_lawn_step": 0.0,
    "road_middle": 0.0,
    "intersection_highpoint": 0.0,
    "lawn_step": 0.0,
    "porch_step_base": 0.0,
    "porch_step1_top": 0.0,
    "porch_deck": 0.0,
    "regime": "street"
  },
  "depths_in_wind_adjusted": {
    "grate_SW": 3.957599999999996,
    "grate_SE": 2.997599999999995,
    "corner_SE": 2.5175999999999945,
    "corner_SW": 2.5175999999999945,
    "grate_bay_ave_upstream": 2.5175999999999945,
    "gutter_walkway": 0.8375999999999983,
    "grate_NE": 0.5975999999999981,
    "grate_NW": 0.5975999999999981,
    "corner_NE": 0.0,
    "corner_NW": 0.0,
    "curb": 0.0,
    "sidewalk_under_walkway_lawn_step": 0.0,
    "road_middle": 0.0,
    "intersection_highpoint": 0.0,
    "lawn_step": 0.0,
    "porch_step_base": 0.0,
    "porch_step1_top": 0.0,
    "porch_deck": 0.0,
    "regime": "street"
  },
  "wind_adjustment": {
    "sector": "offshore",
    "adjustment_ft": -0.13,
    "wind_dir_at_peak": "S",
    "wind_speed_at_peak": "15 mph",
    "note": "Forecast wind at peak (S at 15 mph) is in the offshore sector \u2014 water at 342 Bay is typically ~1.6\" lower than the main prediction because bay-corner water is being pushed away from Highlands. Expect actual closer to this wind-adjusted estimate."
  },
  "hours_from_now": -4.805769726111111
}