{
  "time": "2026-07-13 19:46",
  "predicted_mllw": 6.265,
  "surge_ft": 0.9180000000000001,
  "forecast_peak_mllw": 7.183,
  "peak_rain_in_hr": 0.0,
  "peak_rain_offset_h": null,
  "rain_window_3h": [
    [
      -2.7666666666666666,
      0.0
    ],
    [
      -1.7666666666666666,
      0.0
    ],
    [
      -0.7666666666666667,
      0.0
    ],
    [
      0.23333333333333334,
      0.0
    ],
    [
      1.2333333333333334,
      0.0
    ],
    [
      2.2333333333333334,
      0.0
    ]
  ],
  "source": "surge-persistence",
  "depths_in": {
    "grate_SW": 10.115999999999994,
    "grate_SE": 9.155999999999993,
    "corner_SE": 8.675999999999993,
    "corner_SW": 8.675999999999993,
    "grate_bay_ave_upstream": 8.675999999999993,
    "gutter_walkway": 6.995999999999997,
    "grate_NE": 6.755999999999997,
    "grate_NW": 6.755999999999997,
    "corner_NE": 5.435999999999993,
    "corner_NW": 5.435999999999993,
    "curb": 2.435999999999993,
    "sidewalk_under_walkway_lawn_step": 0.3959999999999937,
    "road_middle": 0.035999999999990706,
    "intersection_highpoint": 0.0,
    "lawn_step": 0.0,
    "porch_step_base": 0.0,
    "porch_step1_top": 0.0,
    "porch_deck": 0.0,
    "regime": "light"
  },
  "depths_in_wind_adjusted": {
    "grate_SW": 8.556000000000006,
    "grate_SE": 7.596000000000005,
    "corner_SE": 7.116000000000005,
    "corner_SW": 7.116000000000005,
    "grate_bay_ave_upstream": 7.116000000000005,
    "gutter_walkway": 5.436000000000009,
    "grate_NE": 5.196000000000009,
    "grate_NW": 5.196000000000009,
    "corner_NE": 3.8760000000000048,
    "corner_NW": 3.8760000000000048,
    "curb": 0.8760000000000048,
    "sidewalk_under_walkway_lawn_step": 0.0,
    "road_middle": 0.0,
    "intersection_highpoint": 0.0,
    "lawn_step": 0.0,
    "porch_step_base": 0.0,
    "porch_step1_top": 0.0,
    "porch_deck": 0.0,
    "regime": "light"
  },
  "wind_adjustment": {
    "sector": "offshore",
    "adjustment_ft": -0.13,
    "wind_dir_at_peak": "S",
    "wind_speed_at_peak": "5 mph",
    "note": "Forecast wind at peak (S at 5 mph) is in the offshore sector \u2014 water at 342 Bay is typically ~1.6\" lower than the main prediction because bay-corner water is being pushed away from Highlands. Expect actual closer to this wind-adjusted estimate."
  },
  "hours_from_now": 35.97929049194445
}