{
  "time": "2026-07-13 19:46",
  "predicted_mllw": 6.265,
  "surge_ft": 0.5596000000000001,
  "forecast_peak_mllw": 6.8246,
  "peak_rain_in_hr": 0.0,
  "peak_rain_offset_h": null,
  "rain_window_3h": [
    [
      -2.7666666666666666,
      0.0
    ],
    [
      -1.7666666666666666,
      0.0
    ],
    [
      -0.7666666666666667,
      0.0
    ],
    [
      0.23333333333333334,
      0.0
    ],
    [
      1.2333333333333334,
      0.0
    ],
    [
      2.2333333333333334,
      0.0
    ]
  ],
  "source": "surge-persistence",
  "depths_in": {
    "grate_SW": 5.815199999999999,
    "grate_SE": 4.855199999999998,
    "corner_SE": 4.375199999999998,
    "corner_SW": 4.375199999999998,
    "grate_bay_ave_upstream": 4.375199999999998,
    "gutter_walkway": 2.6952000000000016,
    "grate_NE": 2.4552000000000014,
    "grate_NW": 2.4552000000000014,
    "corner_NE": 1.1351999999999975,
    "corner_NW": 1.1351999999999975,
    "curb": 0.0,
    "sidewalk_under_walkway_lawn_step": 0.0,
    "road_middle": 0.0,
    "intersection_highpoint": 0.0,
    "lawn_step": 0.0,
    "porch_step_base": 0.0,
    "porch_step1_top": 0.0,
    "porch_deck": 0.0,
    "regime": "street"
  },
  "depths_in_wind_adjusted": {
    "grate_SW": 4.255200000000006,
    "grate_SE": 3.295200000000005,
    "corner_SE": 2.8152000000000044,
    "corner_SW": 2.8152000000000044,
    "grate_bay_ave_upstream": 2.8152000000000044,
    "gutter_walkway": 1.1352000000000082,
    "grate_NE": 0.895200000000008,
    "grate_NW": 0.895200000000008,
    "corner_NE": 0.0,
    "corner_NW": 0.0,
    "curb": 0.0,
    "sidewalk_under_walkway_lawn_step": 0.0,
    "road_middle": 0.0,
    "intersection_highpoint": 0.0,
    "lawn_step": 0.0,
    "porch_step_base": 0.0,
    "porch_step1_top": 0.0,
    "porch_deck": 0.0,
    "regime": "street"
  },
  "wind_adjustment": {
    "sector": "offshore",
    "adjustment_ft": -0.13,
    "wind_dir_at_peak": "S",
    "wind_speed_at_peak": "10 mph",
    "note": "Forecast wind at peak (S at 10 mph) is in the offshore sector \u2014 water at 342 Bay is typically ~1.6\" lower than the main prediction because bay-corner water is being pushed away from Highlands. Expect actual closer to this wind-adjusted estimate."
  },
  "hours_from_now": 6.0402612738888894
}