{
  "time": "2026-07-13 19:46",
  "predicted_mllw": 6.265,
  "surge_ft": 0.7113999999999998,
  "forecast_peak_mllw": 6.9764,
  "peak_rain_in_hr": 0.0,
  "peak_rain_offset_h": null,
  "rain_window_3h": [
    [
      -2.7666666666666666,
      0.0
    ],
    [
      -1.7666666666666666,
      0.0
    ],
    [
      -0.7666666666666667,
      0.0
    ],
    [
      0.23333333333333334,
      0.0
    ],
    [
      1.2333333333333334,
      0.0
    ],
    [
      2.2333333333333334,
      0.0
    ]
  ],
  "source": "surge-persistence",
  "depths_in": {
    "grate_SW": 7.636799999999996,
    "grate_SE": 6.676799999999995,
    "corner_SE": 6.196799999999994,
    "corner_SW": 6.196799999999994,
    "grate_bay_ave_upstream": 6.196799999999994,
    "gutter_walkway": 4.516799999999998,
    "grate_NE": 4.276799999999998,
    "grate_NW": 4.276799999999998,
    "corner_NE": 2.956799999999994,
    "corner_NW": 2.956799999999994,
    "curb": 0.0,
    "sidewalk_under_walkway_lawn_step": 0.0,
    "road_middle": 0.0,
    "intersection_highpoint": 0.0,
    "lawn_step": 0.0,
    "porch_step_base": 0.0,
    "porch_step1_top": 0.0,
    "porch_deck": 0.0,
    "regime": "street"
  },
  "depths_in_wind_adjusted": {
    "grate_SW": 6.0768000000000075,
    "grate_SE": 5.116800000000007,
    "corner_SE": 4.636800000000006,
    "corner_SW": 4.636800000000006,
    "grate_bay_ave_upstream": 4.636800000000006,
    "gutter_walkway": 2.95680000000001,
    "grate_NE": 2.71680000000001,
    "grate_NW": 2.71680000000001,
    "corner_NE": 1.396800000000006,
    "corner_NW": 1.396800000000006,
    "curb": 0.0,
    "sidewalk_under_walkway_lawn_step": 0.0,
    "road_middle": 0.0,
    "intersection_highpoint": 0.0,
    "lawn_step": 0.0,
    "porch_step_base": 0.0,
    "porch_step1_top": 0.0,
    "porch_deck": 0.0,
    "regime": "street"
  },
  "wind_adjustment": {
    "sector": "offshore",
    "adjustment_ft": -0.13,
    "wind_dir_at_peak": "S",
    "wind_speed_at_peak": "5 mph",
    "note": "Forecast wind at peak (S at 5 mph) is in the offshore sector \u2014 water at 342 Bay is typically ~1.6\" lower than the main prediction because bay-corner water is being pushed away from Highlands. Expect actual closer to this wind-adjusted estimate."
  },
  "hours_from_now": 55.4012652225
}