{
  "time": "2026-07-13 19:46",
  "predicted_mllw": 6.265,
  "surge_ft": 0.6270000000000001,
  "forecast_peak_mllw": 6.8919999999999995,
  "peak_rain_in_hr": 0.0,
  "peak_rain_offset_h": null,
  "rain_window_3h": [
    [
      -2.7666666666666666,
      0.0
    ],
    [
      -1.7666666666666666,
      0.0
    ],
    [
      -0.7666666666666667,
      0.0
    ]
  ],
  "source": "surge-persistence",
  "depths_in": {
    "grate_SW": 6.62399999999999,
    "grate_SE": 5.663999999999989,
    "corner_SE": 5.183999999999989,
    "corner_SW": 5.183999999999989,
    "grate_bay_ave_upstream": 5.183999999999989,
    "gutter_walkway": 3.5039999999999925,
    "grate_NE": 3.2639999999999922,
    "grate_NW": 3.2639999999999922,
    "corner_NE": 1.9439999999999884,
    "corner_NW": 1.9439999999999884,
    "curb": 0.0,
    "sidewalk_under_walkway_lawn_step": 0.0,
    "road_middle": 0.0,
    "intersection_highpoint": 0.0,
    "lawn_step": 0.0,
    "porch_step_base": 0.0,
    "porch_step1_top": 0.0,
    "porch_deck": 0.0,
    "regime": "street"
  },
  "depths_in_wind_adjusted": {
    "grate_SW": 5.0639999999999965,
    "grate_SE": 4.103999999999996,
    "corner_SE": 3.6239999999999952,
    "corner_SW": 3.6239999999999952,
    "grate_bay_ave_upstream": 3.6239999999999952,
    "gutter_walkway": 1.943999999999999,
    "grate_NE": 1.7039999999999988,
    "grate_NW": 1.7039999999999988,
    "corner_NE": 0.383999999999995,
    "corner_NW": 0.383999999999995,
    "curb": 0.0,
    "sidewalk_under_walkway_lawn_step": 0.0,
    "road_middle": 0.0,
    "intersection_highpoint": 0.0,
    "lawn_step": 0.0,
    "porch_step_base": 0.0,
    "porch_step1_top": 0.0,
    "porch_deck": 0.0,
    "regime": "street"
  },
  "wind_adjustment": {
    "sector": "offshore",
    "adjustment_ft": -0.13,
    "wind_dir_at_peak": "S",
    "wind_speed_at_peak": "10 mph",
    "note": "Forecast wind at peak (S at 10 mph) is in the offshore sector \u2014 water at 342 Bay is typically ~1.6\" lower than the main prediction because bay-corner water is being pushed away from Highlands. Expect actual closer to this wind-adjusted estimate."
  },
  "hours_from_now": 64.66176525861111
}