{
  "time": "2026-07-13 19:46",
  "predicted_mllw": 6.265,
  "surge_ft": 0.8479999999999999,
  "forecast_peak_mllw": 7.1129999999999995,
  "peak_rain_in_hr": 0.0,
  "peak_rain_offset_h": null,
  "rain_window_3h": [
    [
      -2.7666666666666666,
      0.0
    ],
    [
      -1.7666666666666666,
      0.0
    ],
    [
      -0.7666666666666667,
      0.0
    ],
    [
      0.23333333333333334,
      0.0
    ],
    [
      1.2333333333333334,
      0.0
    ],
    [
      2.2333333333333334,
      0.0
    ]
  ],
  "source": "surge-persistence",
  "depths_in": {
    "grate_SW": 9.275999999999991,
    "grate_SE": 8.31599999999999,
    "corner_SE": 7.83599999999999,
    "corner_SW": 7.83599999999999,
    "grate_bay_ave_upstream": 7.83599999999999,
    "gutter_walkway": 6.1559999999999935,
    "grate_NE": 5.915999999999993,
    "grate_NW": 5.915999999999993,
    "corner_NE": 4.595999999999989,
    "corner_NW": 4.595999999999989,
    "curb": 1.5959999999999894,
    "sidewalk_under_walkway_lawn_step": 0.0,
    "road_middle": 0.0,
    "intersection_highpoint": 0.0,
    "lawn_step": 0.0,
    "porch_step_base": 0.0,
    "porch_step1_top": 0.0,
    "porch_deck": 0.0,
    "regime": "light"
  },
  "depths_in_wind_adjusted": {
    "grate_SW": 7.716000000000003,
    "grate_SE": 6.756000000000002,
    "corner_SE": 6.276000000000002,
    "corner_SW": 6.276000000000002,
    "grate_bay_ave_upstream": 6.276000000000002,
    "gutter_walkway": 4.596000000000005,
    "grate_NE": 4.356000000000005,
    "grate_NW": 4.356000000000005,
    "corner_NE": 3.0360000000000014,
    "corner_NW": 3.0360000000000014,
    "curb": 0.036000000000001364,
    "sidewalk_under_walkway_lawn_step": 0.0,
    "road_middle": 0.0,
    "intersection_highpoint": 0.0,
    "lawn_step": 0.0,
    "porch_step_base": 0.0,
    "porch_step1_top": 0.0,
    "porch_deck": 0.0,
    "regime": "light"
  },
  "wind_adjustment": {
    "sector": "offshore",
    "adjustment_ft": -0.13,
    "wind_dir_at_peak": "S",
    "wind_speed_at_peak": "5 mph",
    "note": "Forecast wind at peak (S at 5 mph) is in the offshore sector \u2014 water at 342 Bay is typically ~1.6\" lower than the main prediction because bay-corner water is being pushed away from Highlands. Expect actual closer to this wind-adjusted estimate."
  },
  "hours_from_now": 42.158632751944445
}