{
  "time": "2026-07-13 19:46",
  "predicted_mllw": 6.265,
  "surge_ft": 0.6848999999999998,
  "forecast_peak_mllw": 6.9498999999999995,
  "peak_rain_in_hr": 0.0,
  "peak_rain_offset_h": null,
  "rain_window_3h": [
    [
      -2.7666666666666666,
      0.0
    ],
    [
      -1.7666666666666666,
      0.0
    ],
    [
      -0.7666666666666667,
      0.0
    ],
    [
      0.23333333333333334,
      0.0
    ],
    [
      1.2333333333333334,
      0.0
    ],
    [
      2.2333333333333334,
      0.0
    ]
  ],
  "source": "surge-persistence",
  "depths_in": {
    "grate_SW": 7.318799999999991,
    "grate_SE": 6.35879999999999,
    "corner_SE": 5.878799999999989,
    "corner_SW": 5.878799999999989,
    "grate_bay_ave_upstream": 5.878799999999989,
    "gutter_walkway": 4.198799999999993,
    "grate_NE": 3.958799999999993,
    "grate_NW": 3.958799999999993,
    "corner_NE": 2.638799999999989,
    "corner_NW": 2.638799999999989,
    "curb": 0.0,
    "sidewalk_under_walkway_lawn_step": 0.0,
    "road_middle": 0.0,
    "intersection_highpoint": 0.0,
    "lawn_step": 0.0,
    "porch_step_base": 0.0,
    "porch_step1_top": 0.0,
    "porch_deck": 0.0,
    "regime": "street"
  },
  "depths_in_wind_adjusted": {
    "grate_SW": 5.758799999999997,
    "grate_SE": 4.798799999999996,
    "corner_SE": 4.318799999999996,
    "corner_SW": 4.318799999999996,
    "grate_bay_ave_upstream": 4.318799999999996,
    "gutter_walkway": 2.6388,
    "grate_NE": 2.3987999999999996,
    "grate_NW": 2.3987999999999996,
    "corner_NE": 1.0787999999999958,
    "corner_NW": 1.0787999999999958,
    "curb": 0.0,
    "sidewalk_under_walkway_lawn_step": 0.0,
    "road_middle": 0.0,
    "intersection_highpoint": 0.0,
    "lawn_step": 0.0,
    "porch_step_base": 0.0,
    "porch_step1_top": 0.0,
    "porch_deck": 0.0,
    "regime": "street"
  },
  "wind_adjustment": {
    "sector": "offshore",
    "adjustment_ft": -0.13,
    "wind_dir_at_peak": "S",
    "wind_speed_at_peak": "5 mph",
    "note": "Forecast wind at peak (S at 5 mph) is in the offshore sector \u2014 water at 342 Bay is typically ~1.6\" lower than the main prediction because bay-corner water is being pushed away from Highlands. Expect actual closer to this wind-adjusted estimate."
  },
  "hours_from_now": 32.3267218425
}