{
  "time": "2026-07-13 19:46",
  "predicted_mllw": 6.265,
  "surge_ft": 0.8272000000000004,
  "forecast_peak_mllw": 7.0922,
  "peak_rain_in_hr": 0.0,
  "peak_rain_offset_h": null,
  "rain_window_3h": [
    [
      -2.7666666666666666,
      0.0
    ],
    [
      -1.7666666666666666,
      0.0
    ],
    [
      -0.7666666666666667,
      0.0
    ],
    [
      0.23333333333333334,
      0.0
    ],
    [
      1.2333333333333334,
      0.0
    ],
    [
      2.2333333333333334,
      0.0
    ]
  ],
  "source": "surge-persistence",
  "depths_in": {
    "grate_SW": 9.026399999999997,
    "grate_SE": 8.066399999999996,
    "corner_SE": 7.586399999999996,
    "corner_SW": 7.586399999999996,
    "grate_bay_ave_upstream": 7.586399999999996,
    "gutter_walkway": 5.9064,
    "grate_NE": 5.666399999999999,
    "grate_NW": 5.666399999999999,
    "corner_NE": 4.346399999999996,
    "corner_NW": 4.346399999999996,
    "curb": 1.3463999999999956,
    "sidewalk_under_walkway_lawn_step": 0.0,
    "road_middle": 0.0,
    "intersection_highpoint": 0.0,
    "lawn_step": 0.0,
    "porch_step_base": 0.0,
    "porch_step1_top": 0.0,
    "porch_deck": 0.0,
    "regime": "light"
  },
  "depths_in_wind_adjusted": {
    "grate_SW": 7.466400000000009,
    "grate_SE": 6.506400000000008,
    "corner_SE": 6.026400000000008,
    "corner_SW": 6.026400000000008,
    "grate_bay_ave_upstream": 6.026400000000008,
    "gutter_walkway": 4.346400000000012,
    "grate_NE": 4.106400000000011,
    "grate_NW": 4.106400000000011,
    "corner_NE": 2.7864000000000075,
    "corner_NW": 2.7864000000000075,
    "curb": 0.0,
    "sidewalk_under_walkway_lawn_step": 0.0,
    "road_middle": 0.0,
    "intersection_highpoint": 0.0,
    "lawn_step": 0.0,
    "porch_step_base": 0.0,
    "porch_step1_top": 0.0,
    "porch_deck": 0.0,
    "regime": "street"
  },
  "wind_adjustment": {
    "sector": "offshore",
    "adjustment_ft": -0.13,
    "wind_dir_at_peak": "S",
    "wind_speed_at_peak": "5 mph",
    "note": "Forecast wind at peak (S at 5 mph) is in the offshore sector \u2014 water at 342 Bay is typically ~1.6\" lower than the main prediction because bay-corner water is being pushed away from Highlands. Expect actual closer to this wind-adjusted estimate."
  },
  "hours_from_now": 45.45535804972222
}