{
  "time": "2026-07-13 19:46",
  "predicted_mllw": 6.265,
  "surge_ft": 0.9152000000000005,
  "forecast_peak_mllw": 7.1802,
  "peak_rain_in_hr": 0.0,
  "peak_rain_offset_h": null,
  "rain_window_3h": [
    [
      -2.7666666666666666,
      0.0
    ],
    [
      -1.7666666666666666,
      0.0
    ],
    [
      -0.7666666666666667,
      0.0
    ],
    [
      0.23333333333333334,
      0.0
    ],
    [
      1.2333333333333334,
      0.0
    ],
    [
      2.2333333333333334,
      0.0
    ]
  ],
  "source": "surge-persistence",
  "depths_in": {
    "grate_SW": 10.082400000000009,
    "grate_SE": 9.122400000000008,
    "corner_SE": 8.642400000000007,
    "corner_SW": 8.642400000000007,
    "grate_bay_ave_upstream": 8.642400000000007,
    "gutter_walkway": 6.962400000000011,
    "grate_NE": 6.722400000000011,
    "grate_NW": 6.722400000000011,
    "corner_NE": 5.402400000000007,
    "corner_NW": 5.402400000000007,
    "curb": 2.402400000000007,
    "sidewalk_under_walkway_lawn_step": 0.36240000000000805,
    "road_middle": 0.0024000000000050647,
    "intersection_highpoint": 0.0,
    "lawn_step": 0.0,
    "porch_step_base": 0.0,
    "porch_step1_top": 0.0,
    "porch_deck": 0.0,
    "regime": "light"
  },
  "depths_in_wind_adjusted": {
    "grate_SW": 8.5224,
    "grate_SE": 7.5623999999999985,
    "corner_SE": 7.082399999999998,
    "corner_SW": 7.082399999999998,
    "grate_bay_ave_upstream": 7.082399999999998,
    "gutter_walkway": 5.402400000000002,
    "grate_NE": 5.162400000000002,
    "grate_NW": 5.162400000000002,
    "corner_NE": 3.842399999999998,
    "corner_NW": 3.842399999999998,
    "curb": 0.8423999999999978,
    "sidewalk_under_walkway_lawn_step": 0.0,
    "road_middle": 0.0,
    "intersection_highpoint": 0.0,
    "lawn_step": 0.0,
    "porch_step_base": 0.0,
    "porch_step1_top": 0.0,
    "porch_deck": 0.0,
    "regime": "light"
  },
  "wind_adjustment": {
    "sector": "offshore",
    "adjustment_ft": -0.13,
    "wind_dir_at_peak": "S",
    "wind_speed_at_peak": "5 mph",
    "note": "Forecast wind at peak (S at 5 mph) is in the offshore sector \u2014 water at 342 Bay is typically ~1.6\" lower than the main prediction because bay-corner water is being pushed away from Highlands. Expect actual closer to this wind-adjusted estimate."
  },
  "hours_from_now": 46.456470165
}