{
  "time": "2026-07-13 19:46",
  "predicted_mllw": 6.265,
  "surge_ft": 0.6060000000000003,
  "forecast_peak_mllw": 6.871,
  "peak_rain_in_hr": 0.0,
  "peak_rain_offset_h": null,
  "rain_window_3h": [
    [
      -2.7666666666666666,
      0.0
    ],
    [
      -1.7666666666666666,
      0.0
    ],
    [
      -0.7666666666666667,
      0.0
    ],
    [
      0.23333333333333334,
      0.0
    ],
    [
      1.2333333333333334,
      0.0
    ],
    [
      2.2333333333333334,
      0.0
    ]
  ],
  "source": "surge-persistence",
  "depths_in": {
    "grate_SW": 6.372000000000002,
    "grate_SE": 5.412000000000001,
    "corner_SE": 4.932,
    "corner_SW": 4.932,
    "grate_bay_ave_upstream": 4.932,
    "gutter_walkway": 3.252000000000004,
    "grate_NE": 3.012000000000004,
    "grate_NW": 3.012000000000004,
    "corner_NE": 1.6920000000000002,
    "corner_NW": 1.6920000000000002,
    "curb": 0.0,
    "sidewalk_under_walkway_lawn_step": 0.0,
    "road_middle": 0.0,
    "intersection_highpoint": 0.0,
    "lawn_step": 0.0,
    "porch_step_base": 0.0,
    "porch_step1_top": 0.0,
    "porch_deck": 0.0,
    "regime": "street"
  },
  "depths_in_wind_adjusted": {
    "grate_SW": 4.812000000000008,
    "grate_SE": 3.8520000000000074,
    "corner_SE": 3.372000000000007,
    "corner_SW": 3.372000000000007,
    "grate_bay_ave_upstream": 3.372000000000007,
    "gutter_walkway": 1.6920000000000108,
    "grate_NE": 1.4520000000000106,
    "grate_NW": 1.4520000000000106,
    "corner_NE": 0.13200000000000678,
    "corner_NW": 0.13200000000000678,
    "curb": 0.0,
    "sidewalk_under_walkway_lawn_step": 0.0,
    "road_middle": 0.0,
    "intersection_highpoint": 0.0,
    "lawn_step": 0.0,
    "porch_step_base": 0.0,
    "porch_step1_top": 0.0,
    "porch_deck": 0.0,
    "regime": "street"
  },
  "wind_adjustment": {
    "sector": "offshore",
    "adjustment_ft": -0.13,
    "wind_dir_at_peak": "S",
    "wind_speed_at_peak": "5 mph",
    "note": "Forecast wind at peak (S at 5 mph) is in the offshore sector \u2014 water at 342 Bay is typically ~1.6\" lower than the main prediction because bay-corner water is being pushed away from Highlands. Expect actual closer to this wind-adjusted estimate."
  },
  "hours_from_now": 31.405951201666664
}