{
  "time": "2026-07-13 19:46",
  "predicted_mllw": 6.265,
  "surge_ft": 0.7767999999999997,
  "forecast_peak_mllw": 7.041799999999999,
  "peak_rain_in_hr": 0.0,
  "peak_rain_offset_h": null,
  "rain_window_3h": [
    [
      -2.7666666666666666,
      0.0
    ],
    [
      -1.7666666666666666,
      0.0
    ],
    [
      -0.7666666666666667,
      0.0
    ],
    [
      0.23333333333333334,
      0.0
    ],
    [
      1.2333333333333334,
      0.0
    ],
    [
      2.2333333333333334,
      0.0
    ]
  ],
  "source": "surge-persistence",
  "depths_in": {
    "grate_SW": 8.4216,
    "grate_SE": 7.461599999999999,
    "corner_SE": 6.9815999999999985,
    "corner_SW": 6.9815999999999985,
    "grate_bay_ave_upstream": 6.9815999999999985,
    "gutter_walkway": 5.301600000000002,
    "grate_NE": 5.061600000000002,
    "grate_NW": 5.061600000000002,
    "corner_NE": 3.7415999999999983,
    "corner_NW": 3.7415999999999983,
    "curb": 0.7415999999999983,
    "sidewalk_under_walkway_lawn_step": 0.0,
    "road_middle": 0.0,
    "intersection_highpoint": 0.0,
    "lawn_step": 0.0,
    "porch_step_base": 0.0,
    "porch_step1_top": 0.0,
    "porch_deck": 0.0,
    "regime": "light"
  },
  "depths_in_wind_adjusted": {
    "grate_SW": 6.86159999999999,
    "grate_SE": 5.9015999999999895,
    "corner_SE": 5.421599999999989,
    "corner_SW": 5.421599999999989,
    "grate_bay_ave_upstream": 5.421599999999989,
    "gutter_walkway": 3.741599999999993,
    "grate_NE": 3.5015999999999927,
    "grate_NW": 3.5015999999999927,
    "corner_NE": 2.181599999999989,
    "corner_NW": 2.181599999999989,
    "curb": 0.0,
    "sidewalk_under_walkway_lawn_step": 0.0,
    "road_middle": 0.0,
    "intersection_highpoint": 0.0,
    "lawn_step": 0.0,
    "porch_step_base": 0.0,
    "porch_step1_top": 0.0,
    "porch_deck": 0.0,
    "regime": "street"
  },
  "wind_adjustment": {
    "sector": "offshore",
    "adjustment_ft": -0.13,
    "wind_dir_at_peak": "S",
    "wind_speed_at_peak": "15 mph",
    "note": "Forecast wind at peak (S at 15 mph) is in the offshore sector \u2014 water at 342 Bay is typically ~1.6\" lower than the main prediction because bay-corner water is being pushed away from Highlands. Expect actual closer to this wind-adjusted estimate."
  },
  "hours_from_now": -1.5969362505555555
}