{
  "time": "2026-07-13 19:46",
  "predicted_mllw": 6.265,
  "surge_ft": 0.7641,
  "forecast_peak_mllw": 7.0291,
  "peak_rain_in_hr": 0.0,
  "peak_rain_offset_h": null,
  "rain_window_3h": [
    [
      -2.7666666666666666,
      0.0
    ],
    [
      -1.7666666666666666,
      0.0
    ],
    [
      -0.7666666666666667,
      0.0
    ],
    [
      0.23333333333333334,
      0.0
    ],
    [
      1.2333333333333334,
      0.0
    ],
    [
      2.2333333333333334,
      0.0
    ]
  ],
  "source": "surge-persistence",
  "depths_in": {
    "grate_SW": 8.269199999999993,
    "grate_SE": 7.309199999999992,
    "corner_SE": 6.829199999999991,
    "corner_SW": 6.829199999999991,
    "grate_bay_ave_upstream": 6.829199999999991,
    "gutter_walkway": 5.149199999999995,
    "grate_NE": 4.909199999999995,
    "grate_NW": 4.909199999999995,
    "corner_NE": 3.589199999999991,
    "corner_NW": 3.589199999999991,
    "curb": 0.5891999999999911,
    "sidewalk_under_walkway_lawn_step": 0.0,
    "road_middle": 0.0,
    "intersection_highpoint": 0.0,
    "lawn_step": 0.0,
    "porch_step_base": 0.0,
    "porch_step1_top": 0.0,
    "porch_deck": 0.0,
    "regime": "light"
  },
  "depths_in_wind_adjusted": {
    "grate_SW": 6.7092000000000045,
    "grate_SE": 5.749200000000004,
    "corner_SE": 5.269200000000003,
    "corner_SW": 5.269200000000003,
    "grate_bay_ave_upstream": 5.269200000000003,
    "gutter_walkway": 3.589200000000007,
    "grate_NE": 3.349200000000007,
    "grate_NW": 3.349200000000007,
    "corner_NE": 2.029200000000003,
    "corner_NW": 2.029200000000003,
    "curb": 0.0,
    "sidewalk_under_walkway_lawn_step": 0.0,
    "road_middle": 0.0,
    "intersection_highpoint": 0.0,
    "lawn_step": 0.0,
    "porch_step_base": 0.0,
    "porch_step1_top": 0.0,
    "porch_deck": 0.0,
    "regime": "street"
  },
  "wind_adjustment": {
    "sector": "offshore",
    "adjustment_ft": -0.13,
    "wind_dir_at_peak": "S",
    "wind_speed_at_peak": "5 mph",
    "note": "Forecast wind at peak (S at 5 mph) is in the offshore sector \u2014 water at 342 Bay is typically ~1.6\" lower than the main prediction because bay-corner water is being pushed away from Highlands. Expect actual closer to this wind-adjusted estimate."
  },
  "hours_from_now": 24.323756827500002
}