{
  "time": "2026-07-13 19:46",
  "predicted_mllw": 6.265,
  "surge_ft": 0.9864000000000002,
  "forecast_peak_mllw": 7.2514,
  "peak_rain_in_hr": 0.0,
  "peak_rain_offset_h": null,
  "rain_window_3h": [
    [
      -2.7666666666666666,
      0.0
    ],
    [
      -1.7666666666666666,
      0.0
    ],
    [
      -0.7666666666666667,
      0.0
    ],
    [
      0.23333333333333334,
      0.0
    ],
    [
      1.2333333333333334,
      0.0
    ],
    [
      2.2333333333333334,
      0.0
    ]
  ],
  "source": "surge-persistence",
  "depths_in": {
    "grate_SW": 10.9368,
    "grate_SE": 9.976799999999999,
    "corner_SE": 9.496799999999999,
    "corner_SW": 9.496799999999999,
    "grate_bay_ave_upstream": 9.496799999999999,
    "gutter_walkway": 7.816800000000002,
    "grate_NE": 7.576800000000002,
    "grate_NW": 7.576800000000002,
    "corner_NE": 6.256799999999998,
    "corner_NW": 6.256799999999998,
    "curb": 3.2567999999999984,
    "sidewalk_under_walkway_lawn_step": 1.2167999999999992,
    "road_middle": 0.8567999999999962,
    "intersection_highpoint": 0.0,
    "lawn_step": 0.0,
    "porch_step_base": 0.0,
    "porch_step1_top": 0.0,
    "porch_deck": 0.0,
    "regime": "light"
  },
  "depths_in_wind_adjusted": {
    "grate_SW": 9.376800000000012,
    "grate_SE": 8.416800000000011,
    "corner_SE": 7.9368000000000105,
    "corner_SW": 7.9368000000000105,
    "grate_bay_ave_upstream": 7.9368000000000105,
    "gutter_walkway": 6.256800000000014,
    "grate_NE": 6.016800000000014,
    "grate_NW": 6.016800000000014,
    "corner_NE": 4.69680000000001,
    "corner_NW": 4.69680000000001,
    "curb": 1.6968000000000103,
    "sidewalk_under_walkway_lawn_step": 0.0,
    "road_middle": 0.0,
    "intersection_highpoint": 0.0,
    "lawn_step": 0.0,
    "porch_step_base": 0.0,
    "porch_step1_top": 0.0,
    "porch_deck": 0.0,
    "regime": "light"
  },
  "wind_adjustment": {
    "sector": "offshore",
    "adjustment_ft": -0.13,
    "wind_dir_at_peak": "S",
    "wind_speed_at_peak": "5 mph",
    "note": "Forecast wind at peak (S at 5 mph) is in the offshore sector \u2014 water at 342 Bay is typically ~1.6\" lower than the main prediction because bay-corner water is being pushed away from Highlands. Expect actual closer to this wind-adjusted estimate."
  },
  "hours_from_now": 50.39161304638889
}