{
  "time": "2026-07-13 19:46",
  "predicted_mllw": 6.265,
  "surge_ft": 0.6525999999999998,
  "forecast_peak_mllw": 6.917599999999999,
  "peak_rain_in_hr": 0.0,
  "peak_rain_offset_h": null,
  "rain_window_3h": [
    [
      -2.7666666666666666,
      0.0
    ],
    [
      -1.7666666666666666,
      0.0
    ],
    [
      -0.7666666666666667,
      0.0
    ],
    [
      0.23333333333333334,
      0.0
    ],
    [
      1.2333333333333334,
      0.0
    ],
    [
      2.2333333333333334,
      0.0
    ]
  ],
  "source": "surge-persistence",
  "depths_in": {
    "grate_SW": 6.931199999999999,
    "grate_SE": 5.971199999999998,
    "corner_SE": 5.491199999999997,
    "corner_SW": 5.491199999999997,
    "grate_bay_ave_upstream": 5.491199999999997,
    "gutter_walkway": 3.8112000000000013,
    "grate_NE": 3.571200000000001,
    "grate_NW": 3.571200000000001,
    "corner_NE": 2.251199999999997,
    "corner_NW": 2.251199999999997,
    "curb": 0.0,
    "sidewalk_under_walkway_lawn_step": 0.0,
    "road_middle": 0.0,
    "intersection_highpoint": 0.0,
    "lawn_step": 0.0,
    "porch_step_base": 0.0,
    "porch_step1_top": 0.0,
    "porch_deck": 0.0,
    "regime": "street"
  },
  "depths_in_wind_adjusted": {
    "grate_SW": 5.371199999999995,
    "grate_SE": 4.411199999999994,
    "corner_SE": 3.9311999999999934,
    "corner_SW": 3.9311999999999934,
    "grate_bay_ave_upstream": 3.9311999999999934,
    "gutter_walkway": 2.251199999999997,
    "grate_NE": 2.011199999999997,
    "grate_NW": 2.011199999999997,
    "corner_NE": 0.6911999999999932,
    "corner_NW": 0.6911999999999932,
    "curb": 0.0,
    "sidewalk_under_walkway_lawn_step": 0.0,
    "road_middle": 0.0,
    "intersection_highpoint": 0.0,
    "lawn_step": 0.0,
    "porch_step_base": 0.0,
    "porch_step1_top": 0.0,
    "porch_deck": 0.0,
    "regime": "street"
  },
  "wind_adjustment": {
    "sector": "offshore",
    "adjustment_ft": -0.13,
    "wind_dir_at_peak": "S",
    "wind_speed_at_peak": "5 mph",
    "note": "Forecast wind at peak (S at 5 mph) is in the offshore sector \u2014 water at 342 Bay is typically ~1.6\" lower than the main prediction because bay-corner water is being pushed away from Highlands. Expect actual closer to this wind-adjusted estimate."
  },
  "hours_from_now": 29.232525873055557
}