{
  "time": "2026-07-13 19:46",
  "predicted_mllw": 6.265,
  "surge_ft": 0.8001999999999998,
  "forecast_peak_mllw": 7.065199999999999,
  "peak_rain_in_hr": 0.0,
  "peak_rain_offset_h": null,
  "rain_window_3h": [
    [
      -2.7666666666666666,
      0.0
    ],
    [
      -1.7666666666666666,
      0.0
    ],
    [
      -0.7666666666666667,
      0.0
    ]
  ],
  "source": "surge-persistence",
  "depths_in": {
    "grate_SW": 8.702399999999985,
    "grate_SE": 7.742399999999984,
    "corner_SE": 7.2623999999999835,
    "corner_SW": 7.2623999999999835,
    "grate_bay_ave_upstream": 7.2623999999999835,
    "gutter_walkway": 5.582399999999987,
    "grate_NE": 5.342399999999987,
    "grate_NW": 5.342399999999987,
    "corner_NE": 4.022399999999983,
    "corner_NW": 4.022399999999983,
    "curb": 1.0223999999999833,
    "sidewalk_under_walkway_lawn_step": 0.0,
    "road_middle": 0.0,
    "intersection_highpoint": 0.0,
    "lawn_step": 0.0,
    "porch_step_base": 0.0,
    "porch_step1_top": 0.0,
    "porch_deck": 0.0,
    "regime": "light"
  },
  "depths_in_wind_adjusted": {
    "grate_SW": 7.142399999999997,
    "grate_SE": 6.182399999999996,
    "corner_SE": 5.7023999999999955,
    "corner_SW": 5.7023999999999955,
    "grate_bay_ave_upstream": 5.7023999999999955,
    "gutter_walkway": 4.022399999999999,
    "grate_NE": 3.782399999999999,
    "grate_NW": 3.782399999999999,
    "corner_NE": 2.4623999999999953,
    "corner_NW": 2.4623999999999953,
    "curb": 0.0,
    "sidewalk_under_walkway_lawn_step": 0.0,
    "road_middle": 0.0,
    "intersection_highpoint": 0.0,
    "lawn_step": 0.0,
    "porch_step_base": 0.0,
    "porch_step1_top": 0.0,
    "porch_deck": 0.0,
    "regime": "street"
  },
  "wind_adjustment": {
    "sector": "offshore",
    "adjustment_ft": -0.13,
    "wind_dir_at_peak": "S",
    "wind_speed_at_peak": "10 mph",
    "note": "Forecast wind at peak (S at 10 mph) is in the offshore sector \u2014 water at 342 Bay is typically ~1.6\" lower than the main prediction because bay-corner water is being pushed away from Highlands. Expect actual closer to this wind-adjusted estimate."
  },
  "hours_from_now": 60.94335669027778
}