{
  "time": "2026-07-13 19:46",
  "predicted_mllw": 6.265,
  "surge_ft": 0.5938000000000001,
  "forecast_peak_mllw": 6.8588,
  "peak_rain_in_hr": 0.0,
  "peak_rain_offset_h": null,
  "rain_window_3h": [
    [
      -2.7666666666666666,
      0.0
    ],
    [
      -1.7666666666666666,
      0.0
    ],
    [
      -0.7666666666666667,
      0.0
    ],
    [
      0.23333333333333334,
      0.0
    ],
    [
      1.2333333333333334,
      0.0
    ],
    [
      2.2333333333333334,
      0.0
    ]
  ],
  "source": "surge-persistence",
  "depths_in": {
    "grate_SW": 6.225600000000002,
    "grate_SE": 5.265600000000001,
    "corner_SE": 4.7856000000000005,
    "corner_SW": 4.7856000000000005,
    "grate_bay_ave_upstream": 4.7856000000000005,
    "gutter_walkway": 3.1056000000000044,
    "grate_NE": 2.865600000000004,
    "grate_NW": 2.865600000000004,
    "corner_NE": 1.5456000000000003,
    "corner_NW": 1.5456000000000003,
    "curb": 0.0,
    "sidewalk_under_walkway_lawn_step": 0.0,
    "road_middle": 0.0,
    "intersection_highpoint": 0.0,
    "lawn_step": 0.0,
    "porch_step_base": 0.0,
    "porch_step1_top": 0.0,
    "porch_deck": 0.0,
    "regime": "street"
  },
  "depths_in_wind_adjusted": {
    "grate_SW": 4.665599999999998,
    "grate_SE": 3.705599999999997,
    "corner_SE": 3.2255999999999965,
    "corner_SW": 3.2255999999999965,
    "grate_bay_ave_upstream": 3.2255999999999965,
    "gutter_walkway": 1.5456000000000003,
    "grate_NE": 1.3056,
    "grate_NW": 1.3056,
    "corner_NE": 0.0,
    "corner_NW": 0.0,
    "curb": 0.0,
    "sidewalk_under_walkway_lawn_step": 0.0,
    "road_middle": 0.0,
    "intersection_highpoint": 0.0,
    "lawn_step": 0.0,
    "porch_step_base": 0.0,
    "porch_step1_top": 0.0,
    "porch_deck": 0.0,
    "regime": "street"
  },
  "wind_adjustment": {
    "sector": "offshore",
    "adjustment_ft": -0.13,
    "wind_dir_at_peak": "S",
    "wind_speed_at_peak": "15 mph",
    "note": "Forecast wind at peak (S at 15 mph) is in the offshore sector \u2014 water at 342 Bay is typically ~1.6\" lower than the main prediction because bay-corner water is being pushed away from Highlands. Expect actual closer to this wind-adjusted estimate."
  },
  "hours_from_now": 0.2361667647222222
}