{
  "time": "2026-07-13 19:46",
  "predicted_mllw": 6.265,
  "surge_ft": 1.1175000000000006,
  "forecast_peak_mllw": 7.3825,
  "peak_rain_in_hr": 0.0,
  "peak_rain_offset_h": null,
  "rain_window_3h": [
    [
      -2.7666666666666666,
      0.0
    ],
    [
      -1.7666666666666666,
      0.0
    ],
    [
      -0.7666666666666667,
      0.0
    ],
    [
      0.23333333333333334,
      0.0
    ],
    [
      1.2333333333333334,
      0.0
    ],
    [
      2.2333333333333334,
      0.0
    ]
  ],
  "source": "surge-persistence",
  "depths_in": {
    "grate_SW": 12.51,
    "grate_SE": 11.549999999999999,
    "corner_SE": 11.069999999999999,
    "corner_SW": 11.069999999999999,
    "grate_bay_ave_upstream": 11.069999999999999,
    "gutter_walkway": 9.390000000000002,
    "grate_NE": 9.150000000000002,
    "grate_NW": 9.150000000000002,
    "corner_NE": 7.829999999999998,
    "corner_NW": 7.829999999999998,
    "curb": 4.829999999999998,
    "sidewalk_under_walkway_lawn_step": 2.789999999999999,
    "road_middle": 2.429999999999996,
    "intersection_highpoint": 0.2699999999999996,
    "lawn_step": 0.0,
    "porch_step_base": 0.0,
    "porch_step1_top": 0.0,
    "porch_deck": 0.0,
    "regime": "moderate"
  },
  "depths_in_wind_adjusted": {
    "grate_SW": 10.950000000000012,
    "grate_SE": 9.99000000000001,
    "corner_SE": 9.51000000000001,
    "corner_SW": 9.51000000000001,
    "grate_bay_ave_upstream": 9.51000000000001,
    "gutter_walkway": 7.830000000000014,
    "grate_NE": 7.590000000000014,
    "grate_NW": 7.590000000000014,
    "corner_NE": 6.27000000000001,
    "corner_NW": 6.27000000000001,
    "curb": 3.2700000000000102,
    "sidewalk_under_walkway_lawn_step": 1.230000000000011,
    "road_middle": 0.8700000000000081,
    "intersection_highpoint": 0.0,
    "lawn_step": 0.0,
    "porch_step_base": 0.0,
    "porch_step1_top": 0.0,
    "porch_deck": 0.0,
    "regime": "light"
  },
  "wind_adjustment": {
    "sector": "offshore",
    "adjustment_ft": -0.13,
    "wind_dir_at_peak": "S",
    "wind_speed_at_peak": "5 mph",
    "note": "Forecast wind at peak (S at 5 mph) is in the offshore sector \u2014 water at 342 Bay is typically ~1.6\" lower than the main prediction because bay-corner water is being pushed away from Highlands. Expect actual closer to this wind-adjusted estimate."
  },
  "hours_from_now": 48.320885922500004
}