{
  "time": "2026-07-13 19:46",
  "predicted_mllw": 6.265,
  "surge_ft": 0.806,
  "forecast_peak_mllw": 7.071,
  "peak_rain_in_hr": 0.0,
  "peak_rain_offset_h": null,
  "rain_window_3h": [
    [
      -2.7666666666666666,
      0.0
    ],
    [
      -1.7666666666666666,
      0.0
    ],
    [
      -0.7666666666666667,
      0.0
    ],
    [
      0.23333333333333334,
      0.0
    ],
    [
      1.2333333333333334,
      0.0
    ],
    [
      2.2333333333333334,
      0.0
    ]
  ],
  "source": "surge-persistence",
  "depths_in": {
    "grate_SW": 8.771999999999993,
    "grate_SE": 7.811999999999992,
    "corner_SE": 7.331999999999992,
    "corner_SW": 7.331999999999992,
    "grate_bay_ave_upstream": 7.331999999999992,
    "gutter_walkway": 5.651999999999996,
    "grate_NE": 5.4119999999999955,
    "grate_NW": 5.4119999999999955,
    "corner_NE": 4.091999999999992,
    "corner_NW": 4.091999999999992,
    "curb": 1.0919999999999916,
    "sidewalk_under_walkway_lawn_step": 0.0,
    "road_middle": 0.0,
    "intersection_highpoint": 0.0,
    "lawn_step": 0.0,
    "porch_step_base": 0.0,
    "porch_step1_top": 0.0,
    "porch_deck": 0.0,
    "regime": "light"
  },
  "depths_in_wind_adjusted": {
    "grate_SW": 7.212000000000005,
    "grate_SE": 6.252000000000004,
    "corner_SE": 5.772000000000004,
    "corner_SW": 5.772000000000004,
    "grate_bay_ave_upstream": 5.772000000000004,
    "gutter_walkway": 4.092000000000008,
    "grate_NE": 3.8520000000000074,
    "grate_NW": 3.8520000000000074,
    "corner_NE": 2.5320000000000036,
    "corner_NW": 2.5320000000000036,
    "curb": 0.0,
    "sidewalk_under_walkway_lawn_step": 0.0,
    "road_middle": 0.0,
    "intersection_highpoint": 0.0,
    "lawn_step": 0.0,
    "porch_step_base": 0.0,
    "porch_step1_top": 0.0,
    "porch_deck": 0.0,
    "regime": "street"
  },
  "wind_adjustment": {
    "sector": "offshore",
    "adjustment_ft": -0.13,
    "wind_dir_at_peak": "S",
    "wind_speed_at_peak": "5 mph",
    "note": "Forecast wind at peak (S at 5 mph) is in the offshore sector \u2014 water at 342 Bay is typically ~1.6\" lower than the main prediction because bay-corner water is being pushed away from Highlands. Expect actual closer to this wind-adjusted estimate."
  },
  "hours_from_now": 38.64379954
}