{
  "time": "2026-07-13 19:46",
  "predicted_mllw": 6.265,
  "surge_ft": 0.615,
  "forecast_peak_mllw": 6.88,
  "peak_rain_in_hr": 0.0,
  "peak_rain_offset_h": null,
  "rain_window_3h": [
    [
      -2.7666666666666666,
      0.0
    ],
    [
      -1.7666666666666666,
      0.0
    ],
    [
      -0.7666666666666667,
      0.0
    ],
    [
      0.23333333333333334,
      0.0
    ],
    [
      1.2333333333333334,
      0.0
    ],
    [
      2.2333333333333334,
      0.0
    ]
  ],
  "source": "surge-persistence",
  "depths_in": {
    "grate_SW": 6.480000000000006,
    "grate_SE": 5.520000000000005,
    "corner_SE": 5.0400000000000045,
    "corner_SW": 5.0400000000000045,
    "grate_bay_ave_upstream": 5.0400000000000045,
    "gutter_walkway": 3.3600000000000083,
    "grate_NE": 3.120000000000008,
    "grate_NW": 3.120000000000008,
    "corner_NE": 1.8000000000000043,
    "corner_NW": 1.8000000000000043,
    "curb": 0.0,
    "sidewalk_under_walkway_lawn_step": 0.0,
    "road_middle": 0.0,
    "intersection_highpoint": 0.0,
    "lawn_step": 0.0,
    "porch_step_base": 0.0,
    "porch_step1_top": 0.0,
    "porch_deck": 0.0,
    "regime": "street"
  },
  "depths_in_wind_adjusted": {
    "grate_SW": 4.920000000000002,
    "grate_SE": 3.960000000000001,
    "corner_SE": 3.4800000000000004,
    "corner_SW": 3.4800000000000004,
    "grate_bay_ave_upstream": 3.4800000000000004,
    "gutter_walkway": 1.8000000000000043,
    "grate_NE": 1.560000000000004,
    "grate_NW": 1.560000000000004,
    "corner_NE": 0.2400000000000002,
    "corner_NW": 0.2400000000000002,
    "curb": 0.0,
    "sidewalk_under_walkway_lawn_step": 0.0,
    "road_middle": 0.0,
    "intersection_highpoint": 0.0,
    "lawn_step": 0.0,
    "porch_step_base": 0.0,
    "porch_step1_top": 0.0,
    "porch_deck": 0.0,
    "regime": "street"
  },
  "wind_adjustment": {
    "sector": "offshore",
    "adjustment_ft": -0.13,
    "wind_dir_at_peak": "S",
    "wind_speed_at_peak": "5 mph",
    "note": "Forecast wind at peak (S at 5 mph) is in the offshore sector \u2014 water at 342 Bay is typically ~1.6\" lower than the main prediction because bay-corner water is being pushed away from Highlands. Expect actual closer to this wind-adjusted estimate."
  },
  "hours_from_now": 25.40528345722222
}