{
  "time": "2026-07-13 19:46",
  "predicted_mllw": 6.265,
  "surge_ft": 0.7607999999999997,
  "forecast_peak_mllw": 7.025799999999999,
  "peak_rain_in_hr": 0.0,
  "peak_rain_offset_h": null,
  "rain_window_3h": [
    [
      -2.7666666666666666,
      0.0
    ],
    [
      -1.7666666666666666,
      0.0
    ],
    [
      -0.7666666666666667,
      0.0
    ],
    [
      0.23333333333333334,
      0.0
    ],
    [
      1.2333333333333334,
      0.0
    ],
    [
      2.2333333333333334,
      0.0
    ]
  ],
  "source": "surge-persistence",
  "depths_in": {
    "grate_SW": 8.2296,
    "grate_SE": 7.269599999999999,
    "corner_SE": 6.789599999999998,
    "corner_SW": 6.789599999999998,
    "grate_bay_ave_upstream": 6.789599999999998,
    "gutter_walkway": 5.109600000000002,
    "grate_NE": 4.869600000000002,
    "grate_NW": 4.869600000000002,
    "corner_NE": 3.549599999999998,
    "corner_NW": 3.549599999999998,
    "curb": 0.5495999999999981,
    "sidewalk_under_walkway_lawn_step": 0.0,
    "road_middle": 0.0,
    "intersection_highpoint": 0.0,
    "lawn_step": 0.0,
    "porch_step_base": 0.0,
    "porch_step1_top": 0.0,
    "porch_deck": 0.0,
    "regime": "light"
  },
  "depths_in_wind_adjusted": {
    "grate_SW": 6.66959999999999,
    "grate_SE": 5.709599999999989,
    "corner_SE": 5.229599999999989,
    "corner_SW": 5.229599999999989,
    "grate_bay_ave_upstream": 5.229599999999989,
    "gutter_walkway": 3.5495999999999928,
    "grate_NE": 3.3095999999999925,
    "grate_NW": 3.3095999999999925,
    "corner_NE": 1.9895999999999887,
    "corner_NW": 1.9895999999999887,
    "curb": 0.0,
    "sidewalk_under_walkway_lawn_step": 0.0,
    "road_middle": 0.0,
    "intersection_highpoint": 0.0,
    "lawn_step": 0.0,
    "porch_step_base": 0.0,
    "porch_step1_top": 0.0,
    "porch_deck": 0.0,
    "regime": "street"
  },
  "wind_adjustment": {
    "sector": "offshore",
    "adjustment_ft": -0.13,
    "wind_dir_at_peak": "S",
    "wind_speed_at_peak": "10 mph",
    "note": "Forecast wind at peak (S at 10 mph) is in the offshore sector \u2014 water at 342 Bay is typically ~1.6\" lower than the main prediction because bay-corner water is being pushed away from Highlands. Expect actual closer to this wind-adjusted estimate."
  },
  "hours_from_now": 6.883947960555556
}