{
  "time": "2026-07-13 19:46",
  "predicted_mllw": 6.265,
  "surge_ft": 1.0539999999999998,
  "forecast_peak_mllw": 7.318999999999999,
  "peak_rain_in_hr": 0.0,
  "peak_rain_offset_h": null,
  "rain_window_3h": [
    [
      -2.7666666666666666,
      0.0
    ],
    [
      -1.7666666666666666,
      0.0
    ],
    [
      -0.7666666666666667,
      0.0
    ],
    [
      0.23333333333333334,
      0.0
    ],
    [
      1.2333333333333334,
      0.0
    ],
    [
      2.2333333333333334,
      0.0
    ]
  ],
  "source": "surge-persistence",
  "depths_in": {
    "grate_SW": 11.747999999999985,
    "grate_SE": 10.787999999999984,
    "corner_SE": 10.307999999999984,
    "corner_SW": 10.307999999999984,
    "grate_bay_ave_upstream": 10.307999999999984,
    "gutter_walkway": 8.627999999999988,
    "grate_NE": 8.387999999999987,
    "grate_NW": 8.387999999999987,
    "corner_NE": 7.067999999999984,
    "corner_NW": 7.067999999999984,
    "curb": 4.067999999999984,
    "sidewalk_under_walkway_lawn_step": 2.0279999999999845,
    "road_middle": 1.6679999999999815,
    "intersection_highpoint": 0.0,
    "lawn_step": 0.0,
    "porch_step_base": 0.0,
    "porch_step1_top": 0.0,
    "porch_deck": 0.0,
    "regime": "moderate"
  },
  "depths_in_wind_adjusted": {
    "grate_SW": 10.187999999999997,
    "grate_SE": 9.227999999999996,
    "corner_SE": 8.747999999999996,
    "corner_SW": 8.747999999999996,
    "grate_bay_ave_upstream": 8.747999999999996,
    "gutter_walkway": 7.068,
    "grate_NE": 6.827999999999999,
    "grate_NW": 6.827999999999999,
    "corner_NE": 5.507999999999996,
    "corner_NW": 5.507999999999996,
    "curb": 2.5079999999999956,
    "sidewalk_under_walkway_lawn_step": 0.4679999999999964,
    "road_middle": 0.10799999999999343,
    "intersection_highpoint": 0.0,
    "lawn_step": 0.0,
    "porch_step_base": 0.0,
    "porch_step1_top": 0.0,
    "porch_deck": 0.0,
    "regime": "light"
  },
  "wind_adjustment": {
    "sector": "offshore",
    "adjustment_ft": -0.13,
    "wind_dir_at_peak": "S",
    "wind_speed_at_peak": "5 mph",
    "note": "Forecast wind at peak (S at 5 mph) is in the offshore sector \u2014 water at 342 Bay is typically ~1.6\" lower than the main prediction because bay-corner water is being pushed away from Highlands. Expect actual closer to this wind-adjusted estimate."
  },
  "hours_from_now": 49.4216160825
}