{
  "time": "2026-07-13 19:46",
  "predicted_mllw": 6.265,
  "surge_ft": 0.5086000000000004,
  "forecast_peak_mllw": 6.7736,
  "peak_rain_in_hr": 0.0,
  "peak_rain_offset_h": null,
  "rain_window_3h": [
    [
      -2.7666666666666666,
      0.0
    ],
    [
      -1.7666666666666666,
      0.0
    ],
    [
      -0.7666666666666667,
      0.0
    ],
    [
      0.23333333333333334,
      0.0
    ],
    [
      1.2333333333333334,
      0.0
    ],
    [
      2.2333333333333334,
      0.0
    ]
  ],
  "source": "surge-persistence",
  "depths_in": {
    "grate_SW": 5.2032000000000025,
    "grate_SE": 4.243200000000002,
    "corner_SE": 3.763200000000001,
    "corner_SW": 3.763200000000001,
    "grate_bay_ave_upstream": 3.763200000000001,
    "gutter_walkway": 2.083200000000005,
    "grate_NE": 1.8432000000000048,
    "grate_NW": 1.8432000000000048,
    "corner_NE": 0.523200000000001,
    "corner_NW": 0.523200000000001,
    "curb": 0.0,
    "sidewalk_under_walkway_lawn_step": 0.0,
    "road_middle": 0.0,
    "intersection_highpoint": 0.0,
    "lawn_step": 0.0,
    "porch_step_base": 0.0,
    "porch_step1_top": 0.0,
    "porch_deck": 0.0,
    "regime": "street"
  },
  "depths_in_wind_adjusted": {
    "grate_SW": 3.6432000000000038,
    "grate_SE": 2.683200000000003,
    "corner_SE": 2.2032000000000025,
    "corner_SW": 2.2032000000000025,
    "grate_bay_ave_upstream": 2.2032000000000025,
    "gutter_walkway": 0.5232000000000063,
    "grate_NE": 0.2832000000000061,
    "grate_NW": 0.2832000000000061,
    "corner_NE": 0.0,
    "corner_NW": 0.0,
    "curb": 0.0,
    "sidewalk_under_walkway_lawn_step": 0.0,
    "road_middle": 0.0,
    "intersection_highpoint": 0.0,
    "lawn_step": 0.0,
    "porch_step_base": 0.0,
    "porch_step1_top": 0.0,
    "porch_deck": 0.0,
    "regime": "street"
  },
  "wind_adjustment": {
    "sector": "offshore",
    "adjustment_ft": -0.13,
    "wind_dir_at_peak": "S",
    "wind_speed_at_peak": "15 mph",
    "note": "Forecast wind at peak (S at 15 mph) is in the offshore sector \u2014 water at 342 Bay is typically ~1.6\" lower than the main prediction because bay-corner water is being pushed away from Highlands. Expect actual closer to this wind-adjusted estimate."
  },
  "hours_from_now": -3.5809418294444444
}