{
  "time": "2026-07-13 19:46",
  "predicted_mllw": 6.265,
  "surge_ft": 0.7921999999999998,
  "forecast_peak_mllw": 7.0572,
  "peak_rain_in_hr": 0.0,
  "peak_rain_offset_h": null,
  "rain_window_3h": [
    [
      -2.7666666666666666,
      0.0
    ],
    [
      -1.7666666666666666,
      0.0
    ],
    [
      -0.7666666666666667,
      0.0
    ]
  ],
  "source": "surge-persistence",
  "depths_in": {
    "grate_SW": 8.606399999999995,
    "grate_SE": 7.6463999999999945,
    "corner_SE": 7.166399999999994,
    "corner_SW": 7.166399999999994,
    "grate_bay_ave_upstream": 7.166399999999994,
    "gutter_walkway": 5.486399999999998,
    "grate_NE": 5.246399999999998,
    "grate_NW": 5.246399999999998,
    "corner_NE": 3.926399999999994,
    "corner_NW": 3.926399999999994,
    "curb": 0.9263999999999939,
    "sidewalk_under_walkway_lawn_step": 0.0,
    "road_middle": 0.0,
    "intersection_highpoint": 0.0,
    "lawn_step": 0.0,
    "porch_step_base": 0.0,
    "porch_step1_top": 0.0,
    "porch_deck": 0.0,
    "regime": "light"
  },
  "depths_in_wind_adjusted": {
    "grate_SW": 7.046400000000007,
    "grate_SE": 6.0864000000000065,
    "corner_SE": 5.606400000000006,
    "corner_SW": 5.606400000000006,
    "grate_bay_ave_upstream": 5.606400000000006,
    "gutter_walkway": 3.92640000000001,
    "grate_NE": 3.6864000000000097,
    "grate_NW": 3.6864000000000097,
    "corner_NE": 2.366400000000006,
    "corner_NW": 2.366400000000006,
    "curb": 0.0,
    "sidewalk_under_walkway_lawn_step": 0.0,
    "road_middle": 0.0,
    "intersection_highpoint": 0.0,
    "lawn_step": 0.0,
    "porch_step_base": 0.0,
    "porch_step1_top": 0.0,
    "porch_deck": 0.0,
    "regime": "street"
  },
  "wind_adjustment": {
    "sector": "offshore",
    "adjustment_ft": -0.13,
    "wind_dir_at_peak": "S",
    "wind_speed_at_peak": "10 mph",
    "note": "Forecast wind at peak (S at 10 mph) is in the offshore sector \u2014 water at 342 Bay is typically ~1.6\" lower than the main prediction because bay-corner water is being pushed away from Highlands. Expect actual closer to this wind-adjusted estimate."
  },
  "hours_from_now": 60.18126442444444
}