{
  "time": "2026-07-13 19:46",
  "predicted_mllw": 6.265,
  "surge_ft": 0.9121999999999995,
  "forecast_peak_mllw": 7.177199999999999,
  "peak_rain_in_hr": 0.0,
  "peak_rain_offset_h": null,
  "rain_window_3h": [
    [
      -2.7666666666666666,
      0.0
    ],
    [
      -1.7666666666666666,
      0.0
    ],
    [
      -0.7666666666666667,
      0.0
    ],
    [
      0.23333333333333334,
      0.0
    ],
    [
      1.2333333333333334,
      0.0
    ],
    [
      2.2333333333333334,
      0.0
    ]
  ],
  "source": "surge-persistence",
  "depths_in": {
    "grate_SW": 10.046399999999986,
    "grate_SE": 9.086399999999985,
    "corner_SE": 8.606399999999985,
    "corner_SW": 8.606399999999985,
    "grate_bay_ave_upstream": 8.606399999999985,
    "gutter_walkway": 6.926399999999989,
    "grate_NE": 6.686399999999988,
    "grate_NW": 6.686399999999988,
    "corner_NE": 5.3663999999999845,
    "corner_NW": 5.3663999999999845,
    "curb": 2.3663999999999845,
    "sidewalk_under_walkway_lawn_step": 0.32639999999998537,
    "road_middle": 0.0,
    "intersection_highpoint": 0.0,
    "lawn_step": 0.0,
    "porch_step_base": 0.0,
    "porch_step1_top": 0.0,
    "porch_deck": 0.0,
    "regime": "light"
  },
  "depths_in_wind_adjusted": {
    "grate_SW": 8.486399999999998,
    "grate_SE": 7.526399999999997,
    "corner_SE": 7.046399999999997,
    "corner_SW": 7.046399999999997,
    "grate_bay_ave_upstream": 7.046399999999997,
    "gutter_walkway": 5.3664000000000005,
    "grate_NE": 5.1264,
    "grate_NW": 5.1264,
    "corner_NE": 3.8063999999999965,
    "corner_NW": 3.8063999999999965,
    "curb": 0.8063999999999965,
    "sidewalk_under_walkway_lawn_step": 0.0,
    "road_middle": 0.0,
    "intersection_highpoint": 0.0,
    "lawn_step": 0.0,
    "porch_step_base": 0.0,
    "porch_step1_top": 0.0,
    "porch_deck": 0.0,
    "regime": "light"
  },
  "wind_adjustment": {
    "sector": "offshore",
    "adjustment_ft": -0.13,
    "wind_dir_at_peak": "S",
    "wind_speed_at_peak": "5 mph",
    "note": "Forecast wind at peak (S at 5 mph) is in the offshore sector \u2014 water at 342 Bay is typically ~1.6\" lower than the main prediction because bay-corner water is being pushed away from Highlands. Expect actual closer to this wind-adjusted estimate."
  },
  "hours_from_now": 34.978480178055555
}