{
  "time": "2026-07-13 19:46",
  "predicted_mllw": 6.265,
  "surge_ft": 0.7506999999999997,
  "forecast_peak_mllw": 7.015699999999999,
  "peak_rain_in_hr": 0.0,
  "peak_rain_offset_h": null,
  "rain_window_3h": [
    [
      -2.7666666666666666,
      0.0
    ],
    [
      -1.7666666666666666,
      0.0
    ],
    [
      -0.7666666666666667,
      0.0
    ],
    [
      0.23333333333333334,
      0.0
    ],
    [
      1.2333333333333334,
      0.0
    ],
    [
      2.2333333333333334,
      0.0
    ]
  ],
  "source": "surge-persistence",
  "depths_in": {
    "grate_SW": 8.108399999999984,
    "grate_SE": 7.148399999999983,
    "corner_SE": 6.668399999999982,
    "corner_SW": 6.668399999999982,
    "grate_bay_ave_upstream": 6.668399999999982,
    "gutter_walkway": 4.988399999999986,
    "grate_NE": 4.748399999999986,
    "grate_NW": 4.748399999999986,
    "corner_NE": 3.428399999999982,
    "corner_NW": 3.428399999999982,
    "curb": 0.42839999999998213,
    "sidewalk_under_walkway_lawn_step": 0.0,
    "road_middle": 0.0,
    "intersection_highpoint": 0.0,
    "lawn_step": 0.0,
    "porch_step_base": 0.0,
    "porch_step1_top": 0.0,
    "porch_deck": 0.0,
    "regime": "light"
  },
  "depths_in_wind_adjusted": {
    "grate_SW": 6.548399999999996,
    "grate_SE": 5.588399999999995,
    "corner_SE": 5.108399999999994,
    "corner_SW": 5.108399999999994,
    "grate_bay_ave_upstream": 5.108399999999994,
    "gutter_walkway": 3.428399999999998,
    "grate_NE": 3.188399999999998,
    "grate_NW": 3.188399999999998,
    "corner_NE": 1.868399999999994,
    "corner_NW": 1.868399999999994,
    "curb": 0.0,
    "sidewalk_under_walkway_lawn_step": 0.0,
    "road_middle": 0.0,
    "intersection_highpoint": 0.0,
    "lawn_step": 0.0,
    "porch_step_base": 0.0,
    "porch_step1_top": 0.0,
    "porch_deck": 0.0,
    "regime": "street"
  },
  "wind_adjustment": {
    "sector": "offshore",
    "adjustment_ft": -0.13,
    "wind_dir_at_peak": "S",
    "wind_speed_at_peak": "15 mph",
    "note": "Forecast wind at peak (S at 15 mph) is in the offshore sector \u2014 water at 342 Bay is typically ~1.6\" lower than the main prediction because bay-corner water is being pushed away from Highlands. Expect actual closer to this wind-adjusted estimate."
  },
  "hours_from_now": -0.7167497013888889
}