{
  "time": "2026-07-13 19:46",
  "predicted_mllw": 6.265,
  "surge_ft": 0.9116,
  "forecast_peak_mllw": 7.1766,
  "peak_rain_in_hr": 0.0,
  "peak_rain_offset_h": null,
  "rain_window_3h": [
    [
      -2.7666666666666666,
      0.0
    ],
    [
      -1.7666666666666666,
      0.0
    ],
    [
      -0.7666666666666667,
      0.0
    ]
  ],
  "source": "surge-persistence",
  "depths_in": {
    "grate_SW": 10.039200000000003,
    "grate_SE": 9.079200000000002,
    "corner_SE": 8.599200000000002,
    "corner_SW": 8.599200000000002,
    "grate_bay_ave_upstream": 8.599200000000002,
    "gutter_walkway": 6.919200000000005,
    "grate_NE": 6.679200000000005,
    "grate_NW": 6.679200000000005,
    "corner_NE": 5.359200000000001,
    "corner_NW": 5.359200000000001,
    "curb": 2.3592000000000013,
    "sidewalk_under_walkway_lawn_step": 0.31920000000000215,
    "road_middle": 0.0,
    "intersection_highpoint": 0.0,
    "lawn_step": 0.0,
    "porch_step_base": 0.0,
    "porch_step1_top": 0.0,
    "porch_deck": 0.0,
    "regime": "light"
  },
  "depths_in_wind_adjusted": {
    "grate_SW": 8.479199999999993,
    "grate_SE": 7.519199999999993,
    "corner_SE": 7.039199999999992,
    "corner_SW": 7.039199999999992,
    "grate_bay_ave_upstream": 7.039199999999992,
    "gutter_walkway": 5.359199999999996,
    "grate_NE": 5.119199999999996,
    "grate_NW": 5.119199999999996,
    "corner_NE": 3.799199999999992,
    "corner_NW": 3.799199999999992,
    "curb": 0.7991999999999919,
    "sidewalk_under_walkway_lawn_step": 0.0,
    "road_middle": 0.0,
    "intersection_highpoint": 0.0,
    "lawn_step": 0.0,
    "porch_step_base": 0.0,
    "porch_step1_top": 0.0,
    "porch_deck": 0.0,
    "regime": "light"
  },
  "wind_adjustment": {
    "sector": "offshore",
    "adjustment_ft": -0.13,
    "wind_dir_at_peak": "S",
    "wind_speed_at_peak": "10 mph",
    "note": "Forecast wind at peak (S at 10 mph) is in the offshore sector \u2014 water at 342 Bay is typically ~1.6\" lower than the main prediction because bay-corner water is being pushed away from Highlands. Expect actual closer to this wind-adjusted estimate."
  },
  "hours_from_now": 62.68161884472222
}