{
  "time": "2026-07-13 19:46",
  "predicted_mllw": 6.265,
  "surge_ft": 0.6198999999999999,
  "forecast_peak_mllw": 6.8849,
  "peak_rain_in_hr": 0.0,
  "peak_rain_offset_h": null,
  "rain_window_3h": [
    [
      -2.7666666666666666,
      0.0
    ],
    [
      -1.7666666666666666,
      0.0
    ],
    [
      -0.7666666666666667,
      0.0
    ],
    [
      0.23333333333333334,
      0.0
    ],
    [
      1.2333333333333334,
      0.0
    ],
    [
      2.2333333333333334,
      0.0
    ]
  ],
  "source": "surge-persistence",
  "depths_in": {
    "grate_SW": 6.538799999999997,
    "grate_SE": 5.578799999999996,
    "corner_SE": 5.098799999999995,
    "corner_SW": 5.098799999999995,
    "grate_bay_ave_upstream": 5.098799999999995,
    "gutter_walkway": 3.418799999999999,
    "grate_NE": 3.178799999999999,
    "grate_NW": 3.178799999999999,
    "corner_NE": 1.8587999999999951,
    "corner_NW": 1.8587999999999951,
    "curb": 0.0,
    "sidewalk_under_walkway_lawn_step": 0.0,
    "road_middle": 0.0,
    "intersection_highpoint": 0.0,
    "lawn_step": 0.0,
    "porch_step_base": 0.0,
    "porch_step1_top": 0.0,
    "porch_deck": 0.0,
    "regime": "street"
  },
  "depths_in_wind_adjusted": {
    "grate_SW": 4.978800000000003,
    "grate_SE": 4.018800000000002,
    "corner_SE": 3.538800000000002,
    "corner_SW": 3.538800000000002,
    "grate_bay_ave_upstream": 3.538800000000002,
    "gutter_walkway": 1.8588000000000058,
    "grate_NE": 1.6188000000000056,
    "grate_NW": 1.6188000000000056,
    "corner_NE": 0.29880000000000173,
    "corner_NW": 0.29880000000000173,
    "curb": 0.0,
    "sidewalk_under_walkway_lawn_step": 0.0,
    "road_middle": 0.0,
    "intersection_highpoint": 0.0,
    "lawn_step": 0.0,
    "porch_step_base": 0.0,
    "porch_step1_top": 0.0,
    "porch_deck": 0.0,
    "regime": "street"
  },
  "wind_adjustment": {
    "sector": "offshore",
    "adjustment_ft": -0.13,
    "wind_dir_at_peak": "S",
    "wind_speed_at_peak": "5 mph",
    "note": "Forecast wind at peak (S at 5 mph) is in the offshore sector \u2014 water at 342 Bay is typically ~1.6\" lower than the main prediction because bay-corner water is being pushed away from Highlands. Expect actual closer to this wind-adjusted estimate."
  },
  "hours_from_now": 28.37009690777778
}