{
  "time": "2026-07-13 19:46",
  "predicted_mllw": 6.265,
  "surge_ft": 0.9222999999999999,
  "forecast_peak_mllw": 7.1873,
  "peak_rain_in_hr": 0.0,
  "peak_rain_offset_h": null,
  "rain_window_3h": [
    [
      -2.7666666666666666,
      0.0
    ],
    [
      -1.7666666666666666,
      0.0
    ],
    [
      -0.7666666666666667,
      0.0
    ],
    [
      0.23333333333333334,
      0.0
    ],
    [
      1.2333333333333334,
      0.0
    ],
    [
      2.2333333333333334,
      0.0
    ]
  ],
  "source": "surge-persistence",
  "depths_in": {
    "grate_SW": 10.167600000000002,
    "grate_SE": 9.207600000000001,
    "corner_SE": 8.7276,
    "corner_SW": 8.7276,
    "grate_bay_ave_upstream": 8.7276,
    "gutter_walkway": 7.0476000000000045,
    "grate_NE": 6.807600000000004,
    "grate_NW": 6.807600000000004,
    "corner_NE": 5.4876000000000005,
    "corner_NW": 5.4876000000000005,
    "curb": 2.4876000000000005,
    "sidewalk_under_walkway_lawn_step": 0.44760000000000133,
    "road_middle": 0.08759999999999835,
    "intersection_highpoint": 0.0,
    "lawn_step": 0.0,
    "porch_step_base": 0.0,
    "porch_step1_top": 0.0,
    "porch_deck": 0.0,
    "regime": "light"
  },
  "depths_in_wind_adjusted": {
    "grate_SW": 8.607599999999993,
    "grate_SE": 7.647599999999992,
    "corner_SE": 7.167599999999991,
    "corner_SW": 7.167599999999991,
    "grate_bay_ave_upstream": 7.167599999999991,
    "gutter_walkway": 5.487599999999995,
    "grate_NE": 5.247599999999995,
    "grate_NW": 5.247599999999995,
    "corner_NE": 3.927599999999991,
    "corner_NW": 3.927599999999991,
    "curb": 0.9275999999999911,
    "sidewalk_under_walkway_lawn_step": 0.0,
    "road_middle": 0.0,
    "intersection_highpoint": 0.0,
    "lawn_step": 0.0,
    "porch_step_base": 0.0,
    "porch_step1_top": 0.0,
    "porch_deck": 0.0,
    "regime": "light"
  },
  "wind_adjustment": {
    "sector": "offshore",
    "adjustment_ft": -0.13,
    "wind_dir_at_peak": "S",
    "wind_speed_at_peak": "5 mph",
    "note": "Forecast wind at peak (S at 5 mph) is in the offshore sector \u2014 water at 342 Bay is typically ~1.6\" lower than the main prediction because bay-corner water is being pushed away from Highlands. Expect actual closer to this wind-adjusted estimate."
  },
  "hours_from_now": 57.294215646666665
}