{
  "time": "2026-07-13 19:46",
  "predicted_mllw": 6.265,
  "surge_ft": 0.7220000000000001,
  "forecast_peak_mllw": 6.987,
  "peak_rain_in_hr": 0.0,
  "peak_rain_offset_h": null,
  "rain_window_3h": [
    [
      -2.7666666666666666,
      0.0
    ],
    [
      -1.7666666666666666,
      0.0
    ],
    [
      -0.7666666666666667,
      0.0
    ],
    [
      0.23333333333333334,
      0.0
    ],
    [
      1.2333333333333334,
      0.0
    ],
    [
      2.2333333333333334,
      0.0
    ]
  ],
  "source": "surge-persistence",
  "depths_in": {
    "grate_SW": 7.763999999999998,
    "grate_SE": 6.803999999999997,
    "corner_SE": 6.323999999999996,
    "corner_SW": 6.323999999999996,
    "grate_bay_ave_upstream": 6.323999999999996,
    "gutter_walkway": 4.644,
    "grate_NE": 4.404,
    "grate_NW": 4.404,
    "corner_NE": 3.083999999999996,
    "corner_NW": 3.083999999999996,
    "curb": 0.08399999999999608,
    "sidewalk_under_walkway_lawn_step": 0.0,
    "road_middle": 0.0,
    "intersection_highpoint": 0.0,
    "lawn_step": 0.0,
    "porch_step_base": 0.0,
    "porch_step1_top": 0.0,
    "porch_deck": 0.0,
    "regime": "light"
  },
  "depths_in_wind_adjusted": {
    "grate_SW": 6.2040000000000095,
    "grate_SE": 5.244000000000009,
    "corner_SE": 4.764000000000008,
    "corner_SW": 4.764000000000008,
    "grate_bay_ave_upstream": 4.764000000000008,
    "gutter_walkway": 3.084000000000012,
    "grate_NE": 2.844000000000012,
    "grate_NW": 2.844000000000012,
    "corner_NE": 1.524000000000008,
    "corner_NW": 1.524000000000008,
    "curb": 0.0,
    "sidewalk_under_walkway_lawn_step": 0.0,
    "road_middle": 0.0,
    "intersection_highpoint": 0.0,
    "lawn_step": 0.0,
    "porch_step_base": 0.0,
    "porch_step1_top": 0.0,
    "porch_deck": 0.0,
    "regime": "street"
  },
  "wind_adjustment": {
    "sector": "offshore",
    "adjustment_ft": -0.13,
    "wind_dir_at_peak": "S",
    "wind_speed_at_peak": "5 mph",
    "note": "Forecast wind at peak (S at 5 mph) is in the offshore sector \u2014 water at 342 Bay is typically ~1.6\" lower than the main prediction because bay-corner water is being pushed away from Highlands. Expect actual closer to this wind-adjusted estimate."
  },
  "hours_from_now": 40.64763023444444
}