{
  "time": "2026-07-13 19:46",
  "predicted_mllw": 6.265,
  "surge_ft": 0.755,
  "forecast_peak_mllw": 7.02,
  "peak_rain_in_hr": 0.0,
  "peak_rain_offset_h": null,
  "rain_window_3h": [
    [
      -2.7666666666666666,
      0.0
    ],
    [
      -1.7666666666666666,
      0.0
    ],
    [
      -0.7666666666666667,
      0.0
    ],
    [
      0.23333333333333334,
      0.0
    ],
    [
      1.2333333333333334,
      0.0
    ],
    [
      2.2333333333333334,
      0.0
    ]
  ],
  "source": "surge-persistence",
  "depths_in": {
    "grate_SW": 8.159999999999991,
    "grate_SE": 7.19999999999999,
    "corner_SE": 6.71999999999999,
    "corner_SW": 6.71999999999999,
    "grate_bay_ave_upstream": 6.71999999999999,
    "gutter_walkway": 5.039999999999994,
    "grate_NE": 4.799999999999994,
    "grate_NW": 4.799999999999994,
    "corner_NE": 3.4799999999999898,
    "corner_NW": 3.4799999999999898,
    "curb": 0.47999999999998977,
    "sidewalk_under_walkway_lawn_step": 0.0,
    "road_middle": 0.0,
    "intersection_highpoint": 0.0,
    "lawn_step": 0.0,
    "porch_step_base": 0.0,
    "porch_step1_top": 0.0,
    "porch_deck": 0.0,
    "regime": "light"
  },
  "depths_in_wind_adjusted": {
    "grate_SW": 6.600000000000003,
    "grate_SE": 5.640000000000002,
    "corner_SE": 5.160000000000002,
    "corner_SW": 5.160000000000002,
    "grate_bay_ave_upstream": 5.160000000000002,
    "gutter_walkway": 3.4800000000000058,
    "grate_NE": 3.2400000000000055,
    "grate_NW": 3.2400000000000055,
    "corner_NE": 1.9200000000000017,
    "corner_NW": 1.9200000000000017,
    "curb": 0.0,
    "sidewalk_under_walkway_lawn_step": 0.0,
    "road_middle": 0.0,
    "intersection_highpoint": 0.0,
    "lawn_step": 0.0,
    "porch_step_base": 0.0,
    "porch_step1_top": 0.0,
    "porch_deck": 0.0,
    "regime": "street"
  },
  "wind_adjustment": {
    "sector": "offshore",
    "adjustment_ft": -0.13,
    "wind_dir_at_peak": "S",
    "wind_speed_at_peak": "5 mph",
    "note": "Forecast wind at peak (S at 5 mph) is in the offshore sector \u2014 water at 342 Bay is typically ~1.6\" lower than the main prediction because bay-corner water is being pushed away from Highlands. Expect actual closer to this wind-adjusted estimate."
  },
  "hours_from_now": 51.44065646055555
}