{
  "time": "2026-07-13 19:46",
  "predicted_mllw": 6.265,
  "surge_ft": 0.827,
  "forecast_peak_mllw": 7.092,
  "peak_rain_in_hr": 0.0,
  "peak_rain_offset_h": null,
  "rain_window_3h": [
    [
      -2.7666666666666666,
      0.0
    ],
    [
      -1.7666666666666666,
      0.0
    ],
    [
      -0.7666666666666667,
      0.0
    ],
    [
      0.23333333333333334,
      0.0
    ],
    [
      1.2333333333333334,
      0.0
    ],
    [
      2.2333333333333334,
      0.0
    ]
  ],
  "source": "surge-persistence",
  "depths_in": {
    "grate_SW": 9.024000000000003,
    "grate_SE": 8.064000000000002,
    "corner_SE": 7.584000000000001,
    "corner_SW": 7.584000000000001,
    "grate_bay_ave_upstream": 7.584000000000001,
    "gutter_walkway": 5.904000000000005,
    "grate_NE": 5.664000000000005,
    "grate_NW": 5.664000000000005,
    "corner_NE": 4.344000000000001,
    "corner_NW": 4.344000000000001,
    "curb": 1.3440000000000012,
    "sidewalk_under_walkway_lawn_step": 0.0,
    "road_middle": 0.0,
    "intersection_highpoint": 0.0,
    "lawn_step": 0.0,
    "porch_step_base": 0.0,
    "porch_step1_top": 0.0,
    "porch_deck": 0.0,
    "regime": "light"
  },
  "depths_in_wind_adjusted": {
    "grate_SW": 7.463999999999993,
    "grate_SE": 6.5039999999999925,
    "corner_SE": 6.023999999999992,
    "corner_SW": 6.023999999999992,
    "grate_bay_ave_upstream": 6.023999999999992,
    "gutter_walkway": 4.343999999999996,
    "grate_NE": 4.103999999999996,
    "grate_NW": 4.103999999999996,
    "corner_NE": 2.783999999999992,
    "corner_NW": 2.783999999999992,
    "curb": 0.0,
    "sidewalk_under_walkway_lawn_step": 0.0,
    "road_middle": 0.0,
    "intersection_highpoint": 0.0,
    "lawn_step": 0.0,
    "porch_step_base": 0.0,
    "porch_step1_top": 0.0,
    "porch_deck": 0.0,
    "regime": "street"
  },
  "wind_adjustment": {
    "sector": "offshore",
    "adjustment_ft": -0.13,
    "wind_dir_at_peak": "S",
    "wind_speed_at_peak": "5 mph",
    "note": "Forecast wind at peak (S at 5 mph) is in the offshore sector \u2014 water at 342 Bay is typically ~1.6\" lower than the main prediction because bay-corner water is being pushed away from Highlands. Expect actual closer to this wind-adjusted estimate."
  },
  "hours_from_now": 33.22699622305556
}