{
  "time": "2026-07-13 19:46",
  "predicted_mllw": 6.265,
  "surge_ft": 0.8075999999999999,
  "forecast_peak_mllw": 7.0725999999999996,
  "peak_rain_in_hr": 0.0,
  "peak_rain_offset_h": null,
  "rain_window_3h": [
    [
      -2.7666666666666666,
      0.0
    ],
    [
      -1.7666666666666666,
      0.0
    ],
    [
      -0.7666666666666667,
      0.0
    ],
    [
      0.23333333333333334,
      0.0
    ],
    [
      1.2333333333333334,
      0.0
    ],
    [
      2.2333333333333334,
      0.0
    ]
  ],
  "source": "surge-persistence",
  "depths_in": {
    "grate_SW": 8.791199999999991,
    "grate_SE": 7.83119999999999,
    "corner_SE": 7.35119999999999,
    "corner_SW": 7.35119999999999,
    "grate_bay_ave_upstream": 7.35119999999999,
    "gutter_walkway": 5.671199999999994,
    "grate_NE": 5.431199999999993,
    "grate_NW": 5.431199999999993,
    "corner_NE": 4.1111999999999895,
    "corner_NW": 4.1111999999999895,
    "curb": 1.1111999999999895,
    "sidewalk_under_walkway_lawn_step": 0.0,
    "road_middle": 0.0,
    "intersection_highpoint": 0.0,
    "lawn_step": 0.0,
    "porch_step_base": 0.0,
    "porch_step1_top": 0.0,
    "porch_deck": 0.0,
    "regime": "light"
  },
  "depths_in_wind_adjusted": {
    "grate_SW": 7.231200000000003,
    "grate_SE": 6.271200000000002,
    "corner_SE": 5.791200000000002,
    "corner_SW": 5.791200000000002,
    "grate_bay_ave_upstream": 5.791200000000002,
    "gutter_walkway": 4.1112000000000055,
    "grate_NE": 3.8712000000000053,
    "grate_NW": 3.8712000000000053,
    "corner_NE": 2.5512000000000015,
    "corner_NW": 2.5512000000000015,
    "curb": 0.0,
    "sidewalk_under_walkway_lawn_step": 0.0,
    "road_middle": 0.0,
    "intersection_highpoint": 0.0,
    "lawn_step": 0.0,
    "porch_step_base": 0.0,
    "porch_step1_top": 0.0,
    "porch_deck": 0.0,
    "regime": "street"
  },
  "wind_adjustment": {
    "sector": "offshore",
    "adjustment_ft": -0.13,
    "wind_dir_at_peak": "S",
    "wind_speed_at_peak": "5 mph",
    "note": "Forecast wind at peak (S at 5 mph) is in the offshore sector \u2014 water at 342 Bay is typically ~1.6\" lower than the main prediction because bay-corner water is being pushed away from Highlands. Expect actual closer to this wind-adjusted estimate."
  },
  "hours_from_now": 23.4606324425
}