{
  "time": "2026-07-13 19:46",
  "predicted_mllw": 6.265,
  "surge_ft": 0.5294999999999999,
  "forecast_peak_mllw": 6.794499999999999,
  "peak_rain_in_hr": 0.0,
  "peak_rain_offset_h": null,
  "rain_window_3h": [
    [
      -2.7666666666666666,
      0.0
    ],
    [
      -1.7666666666666666,
      0.0
    ],
    [
      -0.7666666666666667,
      0.0
    ]
  ],
  "source": "surge-persistence",
  "depths_in": {
    "grate_SW": 5.4539999999999935,
    "grate_SE": 4.493999999999993,
    "corner_SE": 4.013999999999992,
    "corner_SW": 4.013999999999992,
    "grate_bay_ave_upstream": 4.013999999999992,
    "gutter_walkway": 2.333999999999996,
    "grate_NE": 2.093999999999996,
    "grate_NW": 2.093999999999996,
    "corner_NE": 0.773999999999992,
    "corner_NW": 0.773999999999992,
    "curb": 0.0,
    "sidewalk_under_walkway_lawn_step": 0.0,
    "road_middle": 0.0,
    "intersection_highpoint": 0.0,
    "lawn_step": 0.0,
    "porch_step_base": 0.0,
    "porch_step1_top": 0.0,
    "porch_deck": 0.0,
    "regime": "street"
  },
  "depths_in_wind_adjusted": {
    "grate_SW": 3.893999999999995,
    "grate_SE": 2.933999999999994,
    "corner_SE": 2.4539999999999935,
    "corner_SW": 2.4539999999999935,
    "grate_bay_ave_upstream": 2.4539999999999935,
    "gutter_walkway": 0.7739999999999974,
    "grate_NE": 0.5339999999999971,
    "grate_NW": 0.5339999999999971,
    "corner_NE": 0.0,
    "corner_NW": 0.0,
    "curb": 0.0,
    "sidewalk_under_walkway_lawn_step": 0.0,
    "road_middle": 0.0,
    "intersection_highpoint": 0.0,
    "lawn_step": 0.0,
    "porch_step_base": 0.0,
    "porch_step1_top": 0.0,
    "porch_deck": 0.0,
    "regime": "street"
  },
  "wind_adjustment": {
    "sector": "offshore",
    "adjustment_ft": -0.13,
    "wind_dir_at_peak": "S",
    "wind_speed_at_peak": "10 mph",
    "note": "Forecast wind at peak (S at 10 mph) is in the offshore sector \u2014 water at 342 Bay is typically ~1.6\" lower than the main prediction because bay-corner water is being pushed away from Highlands. Expect actual closer to this wind-adjusted estimate."
  },
  "hours_from_now": 66.15811598444445
}