{
  "time": "2026-07-13 19:46",
  "predicted_mllw": 6.265,
  "surge_ft": 1.0988000000000007,
  "forecast_peak_mllw": 7.3638,
  "peak_rain_in_hr": 0.0,
  "peak_rain_offset_h": null,
  "rain_window_3h": [
    [
      -2.7666666666666666,
      0.0
    ],
    [
      -1.7666666666666666,
      0.0
    ],
    [
      -0.7666666666666667,
      0.0
    ],
    [
      0.23333333333333334,
      0.0
    ],
    [
      1.2333333333333334,
      0.0
    ],
    [
      2.2333333333333334,
      0.0
    ]
  ],
  "source": "surge-persistence",
  "depths_in": {
    "grate_SW": 12.285600000000011,
    "grate_SE": 11.32560000000001,
    "corner_SE": 10.84560000000001,
    "corner_SW": 10.84560000000001,
    "grate_bay_ave_upstream": 10.84560000000001,
    "gutter_walkway": 9.165600000000014,
    "grate_NE": 8.925600000000014,
    "grate_NW": 8.925600000000014,
    "corner_NE": 7.60560000000001,
    "corner_NW": 7.60560000000001,
    "curb": 4.60560000000001,
    "sidewalk_under_walkway_lawn_step": 2.5656000000000105,
    "road_middle": 2.2056000000000076,
    "intersection_highpoint": 0.045600000000010965,
    "lawn_step": 0.0,
    "porch_step_base": 0.0,
    "porch_step1_top": 0.0,
    "porch_deck": 0.0,
    "regime": "moderate"
  },
  "depths_in_wind_adjusted": {
    "grate_SW": 10.725600000000002,
    "grate_SE": 9.765600000000001,
    "corner_SE": 9.2856,
    "corner_SW": 9.2856,
    "grate_bay_ave_upstream": 9.2856,
    "gutter_walkway": 7.605600000000004,
    "grate_NE": 7.365600000000004,
    "grate_NW": 7.365600000000004,
    "corner_NE": 6.0456,
    "corner_NW": 6.0456,
    "curb": 3.0456000000000003,
    "sidewalk_under_walkway_lawn_step": 1.0056000000000012,
    "road_middle": 0.6455999999999982,
    "intersection_highpoint": 0.0,
    "lawn_step": 0.0,
    "porch_step_base": 0.0,
    "porch_step1_top": 0.0,
    "porch_deck": 0.0,
    "regime": "light"
  },
  "wind_adjustment": {
    "sector": "offshore",
    "adjustment_ft": -0.13,
    "wind_dir_at_peak": "S",
    "wind_speed_at_peak": "5 mph",
    "note": "Forecast wind at peak (S at 5 mph) is in the offshore sector \u2014 water at 342 Bay is typically ~1.6\" lower than the main prediction because bay-corner water is being pushed away from Highlands. Expect actual closer to this wind-adjusted estimate."
  },
  "hours_from_now": 47.44751230083333
}