{
  "time": "2026-07-13 19:46",
  "predicted_mllw": 6.265,
  "surge_ft": 0.5379999999999994,
  "forecast_peak_mllw": 6.802999999999999,
  "peak_rain_in_hr": 0.0,
  "peak_rain_offset_h": null,
  "rain_window_3h": [
    [
      -2.7666666666666666,
      0.0
    ],
    [
      -1.7666666666666666,
      0.0
    ],
    [
      -0.7666666666666667,
      0.0
    ],
    [
      0.23333333333333334,
      0.0
    ],
    [
      1.2333333333333334,
      0.0
    ],
    [
      2.2333333333333334,
      0.0
    ]
  ],
  "source": "surge-persistence",
  "depths_in": {
    "grate_SW": 5.55599999999999,
    "grate_SE": 4.595999999999989,
    "corner_SE": 4.115999999999989,
    "corner_SW": 4.115999999999989,
    "grate_bay_ave_upstream": 4.115999999999989,
    "gutter_walkway": 2.435999999999993,
    "grate_NE": 2.1959999999999926,
    "grate_NW": 2.1959999999999926,
    "corner_NE": 0.8759999999999888,
    "corner_NW": 0.8759999999999888,
    "curb": 0.0,
    "sidewalk_under_walkway_lawn_step": 0.0,
    "road_middle": 0.0,
    "intersection_highpoint": 0.0,
    "lawn_step": 0.0,
    "porch_step_base": 0.0,
    "porch_step1_top": 0.0,
    "porch_deck": 0.0,
    "regime": "street"
  },
  "depths_in_wind_adjusted": {
    "grate_SW": 3.9959999999999916,
    "grate_SE": 3.0359999999999907,
    "corner_SE": 2.5559999999999903,
    "corner_SW": 2.5559999999999903,
    "grate_bay_ave_upstream": 2.5559999999999903,
    "gutter_walkway": 0.8759999999999941,
    "grate_NE": 0.6359999999999939,
    "grate_NW": 0.6359999999999939,
    "corner_NE": 0.0,
    "corner_NW": 0.0,
    "curb": 0.0,
    "sidewalk_under_walkway_lawn_step": 0.0,
    "road_middle": 0.0,
    "intersection_highpoint": 0.0,
    "lawn_step": 0.0,
    "porch_step_base": 0.0,
    "porch_step1_top": 0.0,
    "porch_deck": 0.0,
    "regime": "street"
  },
  "wind_adjustment": {
    "sector": "offshore",
    "adjustment_ft": -0.13,
    "wind_dir_at_peak": "S",
    "wind_speed_at_peak": "5 mph",
    "note": "Forecast wind at peak (S at 5 mph) is in the offshore sector \u2014 water at 342 Bay is typically ~1.6\" lower than the main prediction because bay-corner water is being pushed away from Highlands. Expect actual closer to this wind-adjusted estimate."
  },
  "hours_from_now": 20.43447885888889
}