{
  "time": "2026-07-13 19:46",
  "predicted_mllw": 6.265,
  "surge_ft": 0.9478,
  "forecast_peak_mllw": 7.2128,
  "peak_rain_in_hr": 0.0,
  "peak_rain_offset_h": null,
  "rain_window_3h": [
    [
      -2.7666666666666666,
      0.0
    ],
    [
      -1.7666666666666666,
      0.0
    ],
    [
      -0.7666666666666667,
      0.0
    ],
    [
      0.23333333333333334,
      0.0
    ],
    [
      1.2333333333333334,
      0.0
    ],
    [
      2.2333333333333334,
      0.0
    ]
  ],
  "source": "surge-persistence",
  "depths_in": {
    "grate_SW": 10.473599999999992,
    "grate_SE": 9.513599999999991,
    "corner_SE": 9.033599999999991,
    "corner_SW": 9.033599999999991,
    "grate_bay_ave_upstream": 9.033599999999991,
    "gutter_walkway": 7.353599999999995,
    "grate_NE": 7.113599999999995,
    "grate_NW": 7.113599999999995,
    "corner_NE": 5.793599999999991,
    "corner_NW": 5.793599999999991,
    "curb": 2.7935999999999908,
    "sidewalk_under_walkway_lawn_step": 0.7535999999999916,
    "road_middle": 0.3935999999999886,
    "intersection_highpoint": 0.0,
    "lawn_step": 0.0,
    "porch_step_base": 0.0,
    "porch_step1_top": 0.0,
    "porch_deck": 0.0,
    "regime": "light"
  },
  "depths_in_wind_adjusted": {
    "grate_SW": 8.913600000000004,
    "grate_SE": 7.953600000000003,
    "corner_SE": 7.473600000000003,
    "corner_SW": 7.473600000000003,
    "grate_bay_ave_upstream": 7.473600000000003,
    "gutter_walkway": 5.793600000000007,
    "grate_NE": 5.5536000000000065,
    "grate_NW": 5.5536000000000065,
    "corner_NE": 4.233600000000003,
    "corner_NW": 4.233600000000003,
    "curb": 1.2336000000000027,
    "sidewalk_under_walkway_lawn_step": 0.0,
    "road_middle": 0.0,
    "intersection_highpoint": 0.0,
    "lawn_step": 0.0,
    "porch_step_base": 0.0,
    "porch_step1_top": 0.0,
    "porch_deck": 0.0,
    "regime": "light"
  },
  "wind_adjustment": {
    "sector": "offshore",
    "adjustment_ft": -0.13,
    "wind_dir_at_peak": "S",
    "wind_speed_at_peak": "5 mph",
    "note": "Forecast wind at peak (S at 5 mph) is in the offshore sector \u2014 water at 342 Bay is typically ~1.6\" lower than the main prediction because bay-corner water is being pushed away from Highlands. Expect actual closer to this wind-adjusted estimate."
  },
  "hours_from_now": 36.81588062388889
}