{
  "time": "2026-07-13 19:46",
  "predicted_mllw": 6.265,
  "surge_ft": 0.7350000000000003,
  "forecast_peak_mllw": 7.0,
  "peak_rain_in_hr": 0.0,
  "peak_rain_offset_h": null,
  "rain_window_3h": [
    [
      -2.7666666666666666,
      0.0
    ],
    [
      -1.7666666666666666,
      0.0
    ],
    [
      -0.7666666666666667,
      0.0
    ],
    [
      0.23333333333333334,
      0.0
    ],
    [
      1.2333333333333334,
      0.0
    ],
    [
      2.2333333333333334,
      0.0
    ]
  ],
  "source": "surge-persistence",
  "depths_in": {
    "grate_SW": 7.919999999999996,
    "grate_SE": 6.9599999999999955,
    "corner_SE": 6.479999999999995,
    "corner_SW": 6.479999999999995,
    "grate_bay_ave_upstream": 6.479999999999995,
    "gutter_walkway": 4.799999999999999,
    "grate_NE": 4.559999999999999,
    "grate_NW": 4.559999999999999,
    "corner_NE": 3.239999999999995,
    "corner_NW": 3.239999999999995,
    "curb": 0.23999999999999488,
    "sidewalk_under_walkway_lawn_step": 0.0,
    "road_middle": 0.0,
    "intersection_highpoint": 0.0,
    "lawn_step": 0.0,
    "porch_step_base": 0.0,
    "porch_step1_top": 0.0,
    "porch_deck": 0.0,
    "regime": "light"
  },
  "depths_in_wind_adjusted": {
    "grate_SW": 6.360000000000008,
    "grate_SE": 5.4000000000000075,
    "corner_SE": 4.920000000000007,
    "corner_SW": 4.920000000000007,
    "grate_bay_ave_upstream": 4.920000000000007,
    "gutter_walkway": 3.240000000000011,
    "grate_NE": 3.0000000000000107,
    "grate_NW": 3.0000000000000107,
    "corner_NE": 1.6800000000000068,
    "corner_NW": 1.6800000000000068,
    "curb": 0.0,
    "sidewalk_under_walkway_lawn_step": 0.0,
    "road_middle": 0.0,
    "intersection_highpoint": 0.0,
    "lawn_step": 0.0,
    "porch_step_base": 0.0,
    "porch_step1_top": 0.0,
    "porch_deck": 0.0,
    "regime": "street"
  },
  "wind_adjustment": {
    "sector": "offshore",
    "adjustment_ft": -0.13,
    "wind_dir_at_peak": "S",
    "wind_speed_at_peak": "10 mph",
    "note": "Forecast wind at peak (S at 10 mph) is in the offshore sector \u2014 water at 342 Bay is typically ~1.6\" lower than the main prediction because bay-corner water is being pushed away from Highlands. Expect actual closer to this wind-adjusted estimate."
  },
  "hours_from_now": 8.693040734444445
}