{
  "time": "2026-07-13 19:46",
  "predicted_mllw": 6.265,
  "surge_ft": 0.4293,
  "forecast_peak_mllw": 6.6943,
  "peak_rain_in_hr": 0.0,
  "peak_rain_offset_h": null,
  "rain_window_3h": [
    [
      -2.7666666666666666,
      0.0
    ],
    [
      -1.7666666666666666,
      0.0
    ],
    [
      -0.7666666666666667,
      0.0
    ],
    [
      0.23333333333333334,
      0.0
    ],
    [
      1.2333333333333334,
      0.0
    ],
    [
      2.2333333333333334,
      0.0
    ]
  ],
  "source": "surge-persistence",
  "depths_in": {
    "grate_SW": 4.251600000000003,
    "grate_SE": 3.2916000000000025,
    "corner_SE": 2.811600000000002,
    "corner_SW": 2.811600000000002,
    "grate_bay_ave_upstream": 2.811600000000002,
    "gutter_walkway": 1.131600000000006,
    "grate_NE": 0.8916000000000057,
    "grate_NW": 0.8916000000000057,
    "corner_NE": 0.0,
    "corner_NW": 0.0,
    "curb": 0.0,
    "sidewalk_under_walkway_lawn_step": 0.0,
    "road_middle": 0.0,
    "intersection_highpoint": 0.0,
    "lawn_step": 0.0,
    "porch_step_base": 0.0,
    "porch_step1_top": 0.0,
    "porch_deck": 0.0,
    "regime": "street"
  },
  "depths_in_wind_adjusted": {
    "grate_SW": 2.6916000000000047,
    "grate_SE": 1.7316000000000038,
    "corner_SE": 1.2516000000000034,
    "corner_SW": 1.2516000000000034,
    "grate_bay_ave_upstream": 1.2516000000000034,
    "gutter_walkway": 0.0,
    "grate_NE": 0.0,
    "grate_NW": 0.0,
    "corner_NE": 0.0,
    "corner_NW": 0.0,
    "curb": 0.0,
    "sidewalk_under_walkway_lawn_step": 0.0,
    "road_middle": 0.0,
    "intersection_highpoint": 0.0,
    "lawn_step": 0.0,
    "porch_step_base": 0.0,
    "porch_step1_top": 0.0,
    "porch_deck": 0.0,
    "regime": "street"
  },
  "wind_adjustment": {
    "sector": "offshore",
    "adjustment_ft": -0.13,
    "wind_dir_at_peak": "S",
    "wind_speed_at_peak": "5 mph",
    "note": "Forecast wind at peak (S at 5 mph) is in the offshore sector \u2014 water at 342 Bay is typically ~1.6\" lower than the main prediction because bay-corner water is being pushed away from Highlands. Expect actual closer to this wind-adjusted estimate."
  },
  "hours_from_now": 14.555670768055556
}