{
  "time": "2026-07-13 19:46",
  "predicted_mllw": 6.265,
  "surge_ft": 0.6276000000000002,
  "forecast_peak_mllw": 6.8926,
  "peak_rain_in_hr": 0.0,
  "peak_rain_offset_h": null,
  "rain_window_3h": [
    [
      -2.7666666666666666,
      0.0
    ],
    [
      -1.7666666666666666,
      0.0
    ],
    [
      -0.7666666666666667,
      0.0
    ],
    [
      0.23333333333333334,
      0.0
    ],
    [
      1.2333333333333334,
      0.0
    ],
    [
      2.2333333333333334,
      0.0
    ]
  ],
  "source": "surge-persistence",
  "depths_in": {
    "grate_SW": 6.631199999999994,
    "grate_SE": 5.671199999999994,
    "corner_SE": 5.191199999999993,
    "corner_SW": 5.191199999999993,
    "grate_bay_ave_upstream": 5.191199999999993,
    "gutter_walkway": 3.511199999999997,
    "grate_NE": 3.2711999999999968,
    "grate_NW": 3.2711999999999968,
    "corner_NE": 1.951199999999993,
    "corner_NW": 1.951199999999993,
    "curb": 0.0,
    "sidewalk_under_walkway_lawn_step": 0.0,
    "road_middle": 0.0,
    "intersection_highpoint": 0.0,
    "lawn_step": 0.0,
    "porch_step_base": 0.0,
    "porch_step1_top": 0.0,
    "porch_deck": 0.0,
    "regime": "street"
  },
  "depths_in_wind_adjusted": {
    "grate_SW": 5.071200000000001,
    "grate_SE": 4.1112,
    "corner_SE": 3.6311999999999998,
    "corner_SW": 3.6311999999999998,
    "grate_bay_ave_upstream": 3.6311999999999998,
    "gutter_walkway": 1.9512000000000036,
    "grate_NE": 1.7112000000000034,
    "grate_NW": 1.7112000000000034,
    "corner_NE": 0.39119999999999955,
    "corner_NW": 0.39119999999999955,
    "curb": 0.0,
    "sidewalk_under_walkway_lawn_step": 0.0,
    "road_middle": 0.0,
    "intersection_highpoint": 0.0,
    "lawn_step": 0.0,
    "porch_step_base": 0.0,
    "porch_step1_top": 0.0,
    "porch_deck": 0.0,
    "regime": "street"
  },
  "wind_adjustment": {
    "sector": "offshore",
    "adjustment_ft": -0.13,
    "wind_dir_at_peak": "S",
    "wind_speed_at_peak": "15 mph",
    "note": "Forecast wind at peak (S at 15 mph) is in the offshore sector \u2014 water at 342 Bay is typically ~1.6\" lower than the main prediction because bay-corner water is being pushed away from Highlands. Expect actual closer to this wind-adjusted estimate."
  },
  "hours_from_now": -2.5836135547222225
}