{
  "time": "2026-07-13 19:46",
  "predicted_mllw": 6.265,
  "surge_ft": 0.6349999999999998,
  "forecast_peak_mllw": 6.8999999999999995,
  "peak_rain_in_hr": 0.0,
  "peak_rain_offset_h": null,
  "rain_window_3h": [
    [
      -2.7666666666666666,
      0.0
    ],
    [
      -1.7666666666666666,
      0.0
    ],
    [
      -0.7666666666666667,
      0.0
    ],
    [
      0.23333333333333334,
      0.0
    ],
    [
      1.2333333333333334,
      0.0
    ],
    [
      2.2333333333333334,
      0.0
    ]
  ],
  "source": "surge-persistence",
  "depths_in": {
    "grate_SW": 6.720000000000001,
    "grate_SE": 5.76,
    "corner_SE": 5.279999999999999,
    "corner_SW": 5.279999999999999,
    "grate_bay_ave_upstream": 5.279999999999999,
    "gutter_walkway": 3.600000000000003,
    "grate_NE": 3.360000000000003,
    "grate_NW": 3.360000000000003,
    "corner_NE": 2.039999999999999,
    "corner_NW": 2.039999999999999,
    "curb": 0.0,
    "sidewalk_under_walkway_lawn_step": 0.0,
    "road_middle": 0.0,
    "intersection_highpoint": 0.0,
    "lawn_step": 0.0,
    "porch_step_base": 0.0,
    "porch_step1_top": 0.0,
    "porch_deck": 0.0,
    "regime": "street"
  },
  "depths_in_wind_adjusted": {
    "grate_SW": 5.159999999999997,
    "grate_SE": 4.199999999999996,
    "corner_SE": 3.7199999999999953,
    "corner_SW": 3.7199999999999953,
    "grate_bay_ave_upstream": 3.7199999999999953,
    "gutter_walkway": 2.039999999999999,
    "grate_NE": 1.799999999999999,
    "grate_NW": 1.799999999999999,
    "corner_NE": 0.4799999999999951,
    "corner_NW": 0.4799999999999951,
    "curb": 0.0,
    "sidewalk_under_walkway_lawn_step": 0.0,
    "road_middle": 0.0,
    "intersection_highpoint": 0.0,
    "lawn_step": 0.0,
    "porch_step_base": 0.0,
    "porch_step1_top": 0.0,
    "porch_deck": 0.0,
    "regime": "street"
  },
  "wind_adjustment": {
    "sector": "offshore",
    "adjustment_ft": -0.13,
    "wind_dir_at_peak": "S",
    "wind_speed_at_peak": "5 mph",
    "note": "Forecast wind at peak (S at 5 mph) is in the offshore sector \u2014 water at 342 Bay is typically ~1.6\" lower than the main prediction because bay-corner water is being pushed away from Highlands. Expect actual closer to this wind-adjusted estimate."
  },
  "hours_from_now": 30.231168134722225
}