{
  "time": "2026-07-13 19:46",
  "predicted_mllw": 6.265,
  "surge_ft": 0.6039,
  "forecast_peak_mllw": 6.8689,
  "peak_rain_in_hr": 0.0,
  "peak_rain_offset_h": null,
  "rain_window_3h": [
    [
      -2.7666666666666666,
      0.0
    ],
    [
      -1.7666666666666666,
      0.0
    ],
    [
      -0.7666666666666667,
      0.0
    ],
    [
      0.23333333333333334,
      0.0
    ],
    [
      1.2333333333333334,
      0.0
    ],
    [
      2.2333333333333334,
      0.0
    ]
  ],
  "source": "surge-persistence",
  "depths_in": {
    "grate_SW": 6.3467999999999964,
    "grate_SE": 5.386799999999996,
    "corner_SE": 4.906799999999995,
    "corner_SW": 4.906799999999995,
    "grate_bay_ave_upstream": 4.906799999999995,
    "gutter_walkway": 3.226799999999999,
    "grate_NE": 2.986799999999999,
    "grate_NW": 2.986799999999999,
    "corner_NE": 1.666799999999995,
    "corner_NW": 1.666799999999995,
    "curb": 0.0,
    "sidewalk_under_walkway_lawn_step": 0.0,
    "road_middle": 0.0,
    "intersection_highpoint": 0.0,
    "lawn_step": 0.0,
    "porch_step_base": 0.0,
    "porch_step1_top": 0.0,
    "porch_deck": 0.0,
    "regime": "street"
  },
  "depths_in_wind_adjusted": {
    "grate_SW": 4.786800000000003,
    "grate_SE": 3.826800000000002,
    "corner_SE": 3.3468000000000018,
    "corner_SW": 3.3468000000000018,
    "grate_bay_ave_upstream": 3.3468000000000018,
    "gutter_walkway": 1.6668000000000056,
    "grate_NE": 1.4268000000000054,
    "grate_NW": 1.4268000000000054,
    "corner_NE": 0.10680000000000156,
    "corner_NW": 0.10680000000000156,
    "curb": 0.0,
    "sidewalk_under_walkway_lawn_step": 0.0,
    "road_middle": 0.0,
    "intersection_highpoint": 0.0,
    "lawn_step": 0.0,
    "porch_step_base": 0.0,
    "porch_step1_top": 0.0,
    "porch_deck": 0.0,
    "regime": "street"
  },
  "wind_adjustment": {
    "sector": "offshore",
    "adjustment_ft": -0.13,
    "wind_dir_at_peak": "S",
    "wind_speed_at_peak": "5 mph",
    "note": "Forecast wind at peak (S at 5 mph) is in the offshore sector \u2014 water at 342 Bay is typically ~1.6\" lower than the main prediction because bay-corner water is being pushed away from Highlands. Expect actual closer to this wind-adjusted estimate."
  },
  "hours_from_now": 12.557473278888889
}