{
  "time": "2026-06-02 21:58",
  "predicted_mllw": 5.141,
  "surge_ft": 1.2136000000000005,
  "forecast_peak_mllw": 6.3546000000000005,
  "peak_rain_in_hr": 0.0,
  "peak_rain_offset_h": null,
  "rain_window_3h": [],
  "source": "surge-persistence",
  "depths_in": {
    "lowest_sentinel_grate": 4.015200000000011,
    "lowest_road_corner": 3.5352000000000103,
    "gutter_walkway": 1.8552000000000142,
    "corner_grate": 0.2952000000000101,
    "curb": 0.0,
    "road_middle": 0.0,
    "intersection": 0.0,
    "lawn_step": 0.0,
    "porch_step": 0.0,
    "regime": "street"
  },
  "hours_from_now": 69.04474977555556
}