{
  "time": "2026-06-02 21:58",
  "predicted_mllw": 5.141,
  "surge_ft": 1.4924,
  "forecast_peak_mllw": 6.6334,
  "peak_rain_in_hr": 0.0,
  "peak_rain_offset_h": null,
  "rain_window_3h": [],
  "source": "surge-persistence",
  "depths_in": {
    "lowest_sentinel_grate": 7.360799999999999,
    "lowest_road_corner": 6.880799999999999,
    "gutter_walkway": 5.200800000000003,
    "corner_grate": 3.6407999999999987,
    "curb": 0.6407999999999987,
    "road_middle": 0.0,
    "intersection": 0.0,
    "lawn_step": 0.0,
    "porch_step": 0.0,
    "regime": "light"
  },
  "hours_from_now": 68.18603529805556
}