{
  "time": "2026-06-02 21:58",
  "predicted_mllw": 5.141,
  "surge_ft": 1.4417000000000004,
  "forecast_peak_mllw": 6.582700000000001,
  "peak_rain_in_hr": 0.0,
  "peak_rain_offset_h": null,
  "rain_window_3h": [],
  "source": "surge-persistence",
  "depths_in": {
    "lowest_sentinel_grate": 6.75240000000001,
    "lowest_road_corner": 6.27240000000001,
    "gutter_walkway": 4.592400000000014,
    "corner_grate": 3.0324000000000098,
    "curb": 0.032400000000009754,
    "road_middle": 0.0,
    "intersection": 0.0,
    "lawn_step": 0.0,
    "porch_step": 0.0,
    "regime": "light"
  },
  "hours_from_now": 66.73422447305556
}