{
  "time": "2026-06-09 02:34",
  "predicted_mllw": 4.525,
  "surge_ft": 6.272200000000001,
  "forecast_peak_mllw": 10.7972,
  "peak_rain_in_hr": 0.0,
  "peak_rain_offset_h": null,
  "rain_window_3h": [],
  "source": "surge-persistence",
  "depths_in": {
    "lowest_sentinel_grate": 57.32640000000001,
    "lowest_road_corner": 56.846399999999996,
    "gutter_walkway": 55.16640000000001,
    "corner_grate": 53.6064,
    "curb": 50.6064,
    "road_middle": 48.2064,
    "intersection": 46.046400000000006,
    "lawn_step": 45.5664,
    "porch_step": 39.5664,
    "regime": "severe"
  },
  "hours_from_now": 32.041064537222226
}