{
  "time": "2026-05-20 23:57",
  "predicted_mllw": 5.622,
  "surge_ft": 2.1992000000000003,
  "forecast_peak_mllw": 7.8212,
  "peak_rain_in_hr": 0.0,
  "peak_rain_offset_h": null,
  "rain_window_3h": [],
  "source": "surge-persistence",
  "depths_in": {
    "lowest_sentinel_grate": 21.61439999999999,
    "lowest_road_corner": 21.134399999999992,
    "gutter_walkway": 19.454399999999993,
    "corner_grate": 17.89439999999999,
    "curb": 14.89439999999999,
    "road_middle": 12.494399999999988,
    "intersection": 10.334399999999992,
    "lawn_step": 9.854399999999991,
    "porch_step": 3.854399999999991,
    "regime": "severe"
  },
  "hours_from_now": 0.43023697027777774
}