{
  "time": "2026-06-16 21:46",
  "predicted_mllw": 6.234,
  "surge_ft": 0.8541000000000007,
  "forecast_peak_mllw": 7.088100000000001,
  "peak_rain_in_hr": 0.0,
  "peak_rain_offset_h": null,
  "rain_window_3h": [],
  "source": "surge-persistence",
  "depths_in": {
    "lowest_sentinel_grate": 12.817200000000009,
    "lowest_road_corner": 12.337200000000008,
    "gutter_walkway": 10.657200000000012,
    "corner_grate": 9.097200000000008,
    "curb": 6.097200000000008,
    "road_middle": 3.697200000000006,
    "intersection": 1.5372000000000092,
    "lawn_step": 1.0572000000000088,
    "porch_step": 0.0,
    "regime": "moderate"
  },
  "hours_from_now": 44.74402293666667
}