{
  "time": "2026-06-16 21:46",
  "predicted_mllw": 6.234,
  "surge_ft": 0.5265,
  "forecast_peak_mllw": 6.7605,
  "peak_rain_in_hr": 0.0,
  "peak_rain_offset_h": null,
  "rain_window_3h": [],
  "source": "surge-persistence",
  "depths_in": {
    "grate_SW": 5.0460000000000065,
    "grate_SE": 4.086000000000006,
    "corner_SE": 3.606000000000005,
    "corner_SW": 3.606000000000005,
    "grate_bay_ave_upstream": 3.606000000000005,
    "gutter_walkway": 1.926000000000009,
    "grate_NE": 1.6860000000000088,
    "grate_NW": 1.6860000000000088,
    "corner_NE": 0.366000000000005,
    "corner_NW": 0.366000000000005,
    "curb": 0.0,
    "sidewalk_under_walkway_lawn_step": 0.0,
    "road_middle": 0.0,
    "intersection_highpoint": 0.0,
    "lawn_step": 0.0,
    "porch_step": 0.0,
    "regime": "street"
  },
  "depths_in_wind_adjusted": {
    "grate_SW": 3.4860000000000078,
    "grate_SE": 2.526000000000007,
    "corner_SE": 2.0460000000000065,
    "corner_SW": 2.0460000000000065,
    "grate_bay_ave_upstream": 2.0460000000000065,
    "gutter_walkway": 0.3660000000000103,
    "grate_NE": 0.1260000000000101,
    "grate_NW": 0.1260000000000101,
    "corner_NE": 0.0,
    "corner_NW": 0.0,
    "curb": 0.0,
    "sidewalk_under_walkway_lawn_step": 0.0,
    "road_middle": 0.0,
    "intersection_highpoint": 0.0,
    "lawn_step": 0.0,
    "porch_step": 0.0,
    "regime": "street"
  },
  "wind_adjustment": {
    "sector": "offshore",
    "adjustment_ft": -0.13,
    "wind_dir_at_peak": "S",
    "wind_speed_at_peak": "5 mph",
    "note": "Forecast wind at peak (S at 5 mph) is in the offshore sector \u2014 water at 342 Bay is typically ~1.6\" lower than the main prediction because bay-corner water is being pushed away from Highlands. Expect actual closer to this wind-adjusted estimate."
  },
  "hours_from_now": 13.687594272777778
}