{
  "time": "2026-06-16 21:46",
  "predicted_mllw": 6.234,
  "surge_ft": 0.5975999999999999,
  "forecast_peak_mllw": 6.8316,
  "peak_rain_in_hr": 0.0,
  "peak_rain_offset_h": null,
  "rain_window_3h": [],
  "source": "surge-persistence",
  "depths_in": {
    "grate_SW": 4.339200000000002,
    "grate_SE": 3.379200000000001,
    "corner_SE": 2.8992000000000004,
    "corner_SW": 2.8992000000000004,
    "grate_bay_ave_upstream": 2.8992000000000004,
    "gutter_walkway": 1.2192000000000043,
    "grate_NE": 0.9792000000000041,
    "grate_NW": 0.9792000000000041,
    "corner_NE": 0.0,
    "corner_NW": 0.0,
    "curb": 0.0,
    "road_middle": 0.0,
    "intersection_highpoint": 0.0,
    "lawn_step": 0.0,
    "porch_step": 0.0,
    "regime": "street"
  },
  "hours_from_now": 23.026883934166666
}