{
  "time": "2026-06-16 21:46",
  "predicted_mllw": 6.234,
  "surge_ft": 0.9122000000000003,
  "forecast_peak_mllw": 7.1462,
  "peak_rain_in_hr": 0.0,
  "peak_rain_offset_h": null,
  "rain_window_3h": [],
  "source": "surge-persistence",
  "depths_in": {
    "lowest_sentinel_grate": 13.514400000000004,
    "lowest_road_corner": 13.034400000000003,
    "gutter_walkway": 11.354400000000007,
    "corner_grate": 9.794400000000003,
    "curb": 6.794400000000003,
    "road_middle": 4.394400000000001,
    "intersection": 2.2344000000000044,
    "lawn_step": 1.754400000000004,
    "porch_step": 0.0,
    "regime": "moderate"
  },
  "hours_from_now": 47.2818753325
}