{
  "time": "2026-06-16 21:46",
  "predicted_mllw": 6.234,
  "surge_ft": 0.52,
  "forecast_peak_mllw": 6.754,
  "peak_rain_in_hr": 0.0,
  "peak_rain_offset_h": null,
  "rain_window_3h": [],
  "source": "surge-persistence",
  "depths_in": {
    "grate_SW": 3.4079999999999977,
    "grate_SE": 2.447999999999997,
    "corner_SE": 1.9679999999999964,
    "corner_SW": 1.9679999999999964,
    "grate_bay_ave_upstream": 1.9679999999999964,
    "gutter_walkway": 0.28800000000000026,
    "grate_NE": 0.04800000000000004,
    "grate_NW": 0.04800000000000004,
    "corner_NE": 0.0,
    "corner_NW": 0.0,
    "curb": 0.0,
    "road_middle": 0.0,
    "intersection_highpoint": 0.0,
    "lawn_step": 0.0,
    "porch_step": 0.0,
    "regime": "street"
  },
  "hours_from_now": 29.099046649444443
}