{
  "time": "2026-06-16 21:46",
  "predicted_mllw": 6.234,
  "surge_ft": 0.7054999999999999,
  "forecast_peak_mllw": 6.9395,
  "peak_rain_in_hr": 0.0,
  "peak_rain_offset_h": null,
  "rain_window_3h": [],
  "source": "surge-persistence",
  "depths_in": {
    "grate_SW": 5.634,
    "grate_SE": 4.6739999999999995,
    "corner_SE": 4.193999999999999,
    "corner_SW": 4.193999999999999,
    "grate_bay_ave_upstream": 4.193999999999999,
    "gutter_walkway": 2.514000000000003,
    "grate_NE": 2.2740000000000027,
    "grate_NW": 2.2740000000000027,
    "corner_NE": 0.9539999999999988,
    "corner_NW": 0.9539999999999988,
    "curb": 0.0,
    "road_middle": 0.0,
    "intersection_highpoint": 0.0,
    "lawn_step": 0.0,
    "porch_step": 0.0,
    "regime": "street"
  },
  "hours_from_now": 25.575811726666668
}