{
  "time": "2026-06-16 21:46",
  "predicted_mllw": 6.234,
  "surge_ft": 0.5332,
  "forecast_peak_mllw": 6.7672,
  "peak_rain_in_hr": 0.0,
  "peak_rain_offset_h": null,
  "rain_window_3h": [],
  "source": "surge-persistence",
  "depths_in": {
    "lowest_sentinel_grate": 8.966400000000009,
    "lowest_road_corner": 8.486400000000009,
    "gutter_walkway": 6.806400000000012,
    "corner_grate": 5.246400000000008,
    "curb": 2.2464000000000084,
    "road_middle": 0.0,
    "intersection": 0.0,
    "lawn_step": 0.0,
    "porch_step": 0.0,
    "regime": "light"
  },
  "hours_from_now": 52.232538087222224
}