{
  "time": "2026-06-16 21:46",
  "predicted_mllw": 6.234,
  "surge_ft": 0.7941999999999996,
  "forecast_peak_mllw": 7.0282,
  "peak_rain_in_hr": 0.0,
  "peak_rain_offset_h": null,
  "rain_window_3h": [],
  "source": "surge-persistence",
  "depths_in": {
    "lowest_sentinel_grate": 12.0984,
    "lowest_road_corner": 11.6184,
    "gutter_walkway": 9.938400000000003,
    "corner_grate": 8.3784,
    "curb": 5.378399999999999,
    "road_middle": 2.978399999999997,
    "intersection": 0.8184000000000005,
    "lawn_step": 0.33840000000000003,
    "porch_step": 0.0,
    "regime": "moderate"
  },
  "hours_from_now": 42.510573048333335
}