{
  "time": "2026-06-16 21:46",
  "predicted_mllw": 6.234,
  "surge_ft": 0.9649999999999999,
  "forecast_peak_mllw": 7.199,
  "peak_rain_in_hr": 0.0,
  "peak_rain_offset_h": null,
  "rain_window_3h": [],
  "source": "surge-persistence",
  "depths_in": {
    "lowest_sentinel_grate": 14.147999999999998,
    "lowest_road_corner": 13.667999999999997,
    "gutter_walkway": 11.988000000000001,
    "corner_grate": 10.427999999999997,
    "curb": 7.427999999999997,
    "road_middle": 5.027999999999995,
    "intersection": 2.8679999999999986,
    "lawn_step": 2.387999999999998,
    "porch_step": 0.0,
    "regime": "moderate"
  },
  "hours_from_now": 50.196157093611106
}