{
  "time": "2026-06-16 21:46",
  "predicted_mllw": 6.234,
  "surge_ft": 0.6736,
  "forecast_peak_mllw": 6.9076,
  "peak_rain_in_hr": 0.0,
  "peak_rain_offset_h": null,
  "rain_window_3h": [],
  "source": "surge-persistence",
  "depths_in": {
    "lowest_sentinel_grate": 10.651200000000005,
    "lowest_road_corner": 10.171200000000004,
    "gutter_walkway": 8.491200000000008,
    "corner_grate": 6.931200000000004,
    "curb": 3.931200000000004,
    "road_middle": 1.531200000000002,
    "intersection": 0.0,
    "lawn_step": 0.0,
    "porch_step": 0.0,
    "regime": "light"
  },
  "hours_from_now": 51.19052962166666
}