{
  "time": "2026-06-16 21:46",
  "predicted_mllw": 6.234,
  "surge_ft": 0.6699999999999995,
  "forecast_peak_mllw": 6.904,
  "peak_rain_in_hr": 0.0,
  "peak_rain_offset_h": null,
  "rain_window_3h": [],
  "source": "surge-persistence",
  "depths_in": {
    "grate_SW": 5.208000000000002,
    "grate_SE": 4.248000000000001,
    "corner_SE": 3.7680000000000007,
    "corner_SW": 3.7680000000000007,
    "grate_bay_ave_upstream": 3.7680000000000007,
    "gutter_walkway": 2.0880000000000045,
    "grate_NE": 1.8480000000000043,
    "grate_NW": 1.8480000000000043,
    "corner_NE": 0.5280000000000005,
    "corner_NW": 0.5280000000000005,
    "curb": 0.0,
    "road_middle": 0.0,
    "intersection_highpoint": 0.0,
    "lawn_step": 0.0,
    "porch_step": 0.0,
    "regime": "street"
  },
  "hours_from_now": 23.873215550833333
}