{
  "time": "2026-06-16 21:46",
  "predicted_mllw": 6.234,
  "surge_ft": 0.49040000000000017,
  "forecast_peak_mllw": 6.7244,
  "peak_rain_in_hr": 0.0,
  "peak_rain_offset_h": null,
  "rain_window_3h": [],
  "source": "surge-persistence",
  "depths_in": {
    "lowest_sentinel_grate": 8.452800000000012,
    "lowest_road_corner": 7.972800000000012,
    "gutter_walkway": 6.292800000000016,
    "corner_grate": 4.732800000000012,
    "curb": 1.7328000000000117,
    "road_middle": 0.0,
    "intersection": 0.0,
    "lawn_step": 0.0,
    "porch_step": 0.0,
    "regime": "light"
  },
  "hours_from_now": 68.77549648388889
}