{
  "time": "2026-06-16 21:46",
  "predicted_mllw": 6.234,
  "surge_ft": 0.7443999999999997,
  "forecast_peak_mllw": 6.9784,
  "peak_rain_in_hr": 0.0,
  "peak_rain_offset_h": null,
  "rain_window_3h": [],
  "source": "surge-persistence",
  "depths_in": {
    "grate_SW": 7.660800000000004,
    "grate_SE": 6.700800000000003,
    "corner_SE": 6.220800000000002,
    "corner_SW": 6.220800000000002,
    "grate_bay_ave_upstream": 6.220800000000002,
    "gutter_walkway": 4.540800000000006,
    "grate_NE": 4.300800000000006,
    "grate_NW": 4.300800000000006,
    "corner_NE": 2.980800000000002,
    "corner_NW": 2.980800000000002,
    "curb": 0.0,
    "sidewalk_under_walkway_lawn_step": 0.0,
    "road_middle": 0.0,
    "intersection_highpoint": 0.0,
    "lawn_step": 0.0,
    "porch_step": 0.0,
    "regime": "street"
  },
  "depths_in_wind_adjusted": {
    "grate_SW": 6.100799999999994,
    "grate_SE": 5.140799999999993,
    "corner_SE": 4.660799999999993,
    "corner_SW": 4.660799999999993,
    "grate_bay_ave_upstream": 4.660799999999993,
    "gutter_walkway": 2.980799999999997,
    "grate_NE": 2.7407999999999966,
    "grate_NW": 2.7407999999999966,
    "corner_NE": 1.4207999999999927,
    "corner_NW": 1.4207999999999927,
    "curb": 0.0,
    "sidewalk_under_walkway_lawn_step": 0.0,
    "road_middle": 0.0,
    "intersection_highpoint": 0.0,
    "lawn_step": 0.0,
    "porch_step": 0.0,
    "regime": "street"
  },
  "wind_adjustment": {
    "sector": "offshore",
    "adjustment_ft": -0.13,
    "wind_dir_at_peak": "S",
    "wind_speed_at_peak": "5 mph",
    "note": "Forecast wind at peak (S at 5 mph) is in the offshore sector \u2014 water at 342 Bay is typically ~1.6\" lower than the main prediction because bay-corner water is being pushed away from Highlands. Expect actual closer to this wind-adjusted estimate."
  },
  "hours_from_now": -1.8051627330555557
}