{
  "time": "2026-06-16 21:46",
  "predicted_mllw": 6.234,
  "surge_ft": 0.7614999999999998,
  "forecast_peak_mllw": 6.9955,
  "peak_rain_in_hr": 0.0,
  "peak_rain_offset_h": null,
  "rain_window_3h": [],
  "source": "surge-persistence",
  "depths_in": {
    "grate_SW": 7.865999999999994,
    "grate_SE": 6.9059999999999935,
    "corner_SE": 6.425999999999993,
    "corner_SW": 6.425999999999993,
    "grate_bay_ave_upstream": 6.425999999999993,
    "gutter_walkway": 4.745999999999997,
    "grate_NE": 4.505999999999997,
    "grate_NW": 4.505999999999997,
    "corner_NE": 3.185999999999993,
    "corner_NW": 3.185999999999993,
    "curb": 0.18599999999999284,
    "sidewalk_under_walkway_lawn_step": 0.0,
    "road_middle": 0.0,
    "intersection_highpoint": 0.0,
    "lawn_step": 0.0,
    "porch_step": 0.0,
    "regime": "light"
  },
  "depths_in_wind_adjusted": {
    "grate_SW": 6.306000000000006,
    "grate_SE": 5.346000000000005,
    "corner_SE": 4.866000000000005,
    "corner_SW": 4.866000000000005,
    "grate_bay_ave_upstream": 4.866000000000005,
    "gutter_walkway": 3.186000000000009,
    "grate_NE": 2.9460000000000086,
    "grate_NW": 2.9460000000000086,
    "corner_NE": 1.6260000000000048,
    "corner_NW": 1.6260000000000048,
    "curb": 0.0,
    "sidewalk_under_walkway_lawn_step": 0.0,
    "road_middle": 0.0,
    "intersection_highpoint": 0.0,
    "lawn_step": 0.0,
    "porch_step": 0.0,
    "regime": "street"
  },
  "wind_adjustment": {
    "sector": "offshore",
    "adjustment_ft": -0.13,
    "wind_dir_at_peak": "S",
    "wind_speed_at_peak": "10 mph",
    "note": "Forecast wind at peak (S at 10 mph) is in the offshore sector \u2014 water at 342 Bay is typically ~1.6\" lower than the main prediction because bay-corner water is being pushed away from Highlands. Expect actual closer to this wind-adjusted estimate."
  },
  "hours_from_now": 7.093231184444444
}