{
  "time": "2026-06-16 21:46",
  "predicted_mllw": 6.234,
  "surge_ft": 0.8451999999999993,
  "forecast_peak_mllw": 7.079199999999999,
  "peak_rain_in_hr": 0.0,
  "peak_rain_offset_h": null,
  "rain_window_3h": [],
  "source": "surge-persistence",
  "depths_in": {
    "lowest_sentinel_grate": 12.710400000000002,
    "lowest_road_corner": 12.230400000000001,
    "gutter_walkway": 10.550400000000005,
    "corner_grate": 8.990400000000001,
    "curb": 5.990400000000001,
    "road_middle": 3.590399999999999,
    "intersection": 1.4304000000000023,
    "lawn_step": 0.9504000000000019,
    "porch_step": 0.0,
    "regime": "moderate"
  },
  "hours_from_now": 46.24392671694444
}