{
  "time": "2026-06-16 21:46",
  "predicted_mllw": 6.234,
  "surge_ft": 0.7709999999999999,
  "forecast_peak_mllw": 7.005,
  "peak_rain_in_hr": 0.0,
  "peak_rain_offset_h": null,
  "rain_window_3h": [],
  "source": "surge-persistence",
  "depths_in": {
    "lowest_sentinel_grate": 11.82000000000001,
    "lowest_road_corner": 11.340000000000009,
    "gutter_walkway": 9.660000000000013,
    "corner_grate": 8.100000000000009,
    "curb": 5.1000000000000085,
    "road_middle": 2.7000000000000064,
    "intersection": 0.5400000000000098,
    "lawn_step": 0.06000000000000938,
    "porch_step": 0.0,
    "regime": "moderate"
  },
  "hours_from_now": 57.030073292500006
}