{
  "time": "2026-06-16 21:46",
  "predicted_mllw": 6.234,
  "surge_ft": 0.6005000000000003,
  "forecast_peak_mllw": 6.8345,
  "peak_rain_in_hr": 0.0,
  "peak_rain_offset_h": null,
  "rain_window_3h": [],
  "source": "surge-persistence",
  "depths_in": {
    "lowest_sentinel_grate": 9.774000000000003,
    "lowest_road_corner": 9.294000000000002,
    "gutter_walkway": 7.614000000000006,
    "corner_grate": 6.054000000000002,
    "curb": 3.054000000000002,
    "road_middle": 0.6539999999999999,
    "intersection": 0.0,
    "lawn_step": 0.0,
    "porch_step": 0.0,
    "regime": "light"
  },
  "hours_from_now": 66.51982381194445
}