{
  "time": "2026-06-16 21:46",
  "predicted_mllw": 6.234,
  "surge_ft": 0.5665,
  "forecast_peak_mllw": 6.8004999999999995,
  "peak_rain_in_hr": 0.0,
  "peak_rain_offset_h": null,
  "rain_window_3h": [],
  "source": "surge-persistence",
  "depths_in": {
    "lowest_sentinel_grate": 9.365999999999994,
    "lowest_road_corner": 8.885999999999994,
    "gutter_walkway": 7.205999999999998,
    "corner_grate": 5.645999999999994,
    "curb": 2.6459999999999937,
    "road_middle": 0.24599999999999156,
    "intersection": 0.0,
    "lawn_step": 0.0,
    "porch_step": 0.0,
    "regime": "light"
  },
  "hours_from_now": 54.95099959638889
}