{
  "time": "2026-06-16 21:46",
  "predicted_mllw": 6.234,
  "surge_ft": 0.46799999999999997,
  "forecast_peak_mllw": 6.702,
  "peak_rain_in_hr": 0.0,
  "peak_rain_offset_h": null,
  "rain_window_3h": [],
  "source": "surge-persistence",
  "depths_in": {
    "lowest_sentinel_grate": 8.184,
    "lowest_road_corner": 7.703999999999999,
    "gutter_walkway": 6.024000000000003,
    "corner_grate": 4.463999999999999,
    "curb": 1.4639999999999986,
    "road_middle": 0.0,
    "intersection": 0.0,
    "lawn_step": 0.0,
    "porch_step": 0.0,
    "regime": "light"
  },
  "hours_from_now": 67.85192548694445
}