{
  "time": "2026-06-16 21:46",
  "predicted_mllw": 6.234,
  "surge_ft": 0.8437999999999999,
  "forecast_peak_mllw": 7.0778,
  "peak_rain_in_hr": 0.0,
  "peak_rain_offset_h": null,
  "rain_window_3h": [],
  "source": "surge-persistence",
  "depths_in": {
    "lowest_sentinel_grate": 12.693599999999998,
    "lowest_road_corner": 12.213599999999998,
    "gutter_walkway": 10.533600000000002,
    "corner_grate": 8.973599999999998,
    "curb": 5.973599999999998,
    "road_middle": 3.5735999999999954,
    "intersection": 1.4135999999999989,
    "lawn_step": 0.9335999999999984,
    "porch_step": 0.0,
    "regime": "moderate"
  },
  "hours_from_now": 71.324700785
}