{
  "time": "2026-06-16 21:46",
  "predicted_mllw": 6.234,
  "surge_ft": 1.1385999999999998,
  "forecast_peak_mllw": 7.3726,
  "peak_rain_in_hr": 0.0,
  "peak_rain_offset_h": null,
  "rain_window_3h": [],
  "source": "surge-persistence",
  "depths_in": {
    "lowest_sentinel_grate": 16.2312,
    "lowest_road_corner": 15.751200000000003,
    "gutter_walkway": 14.071200000000006,
    "corner_grate": 12.511200000000002,
    "curb": 9.511200000000002,
    "road_middle": 7.1112,
    "intersection": 4.951200000000004,
    "lawn_step": 4.471200000000003,
    "porch_step": 0.0,
    "regime": "severe"
  },
  "hours_from_now": 49.22562742694444
}