{
  "time": "2026-06-16 21:46",
  "predicted_mllw": 6.234,
  "surge_ft": 0.9444000000000001,
  "forecast_peak_mllw": 7.1784,
  "peak_rain_in_hr": 0.0,
  "peak_rain_offset_h": null,
  "rain_window_3h": [],
  "source": "surge-persistence",
  "depths_in": {
    "lowest_sentinel_grate": 13.900799999999998,
    "lowest_road_corner": 13.420799999999998,
    "gutter_walkway": 11.740800000000002,
    "corner_grate": 10.180799999999998,
    "curb": 7.180799999999998,
    "road_middle": 4.780799999999996,
    "intersection": 2.620799999999999,
    "lawn_step": 2.1407999999999987,
    "porch_step": 0.0,
    "regime": "moderate"
  },
  "hours_from_now": 62.07510424694444
}