{
  "time": "2026-06-16 21:46",
  "predicted_mllw": 6.234,
  "surge_ft": 0.569,
  "forecast_peak_mllw": 6.803,
  "peak_rain_in_hr": 0.0,
  "peak_rain_offset_h": null,
  "rain_window_3h": [],
  "source": "surge-persistence",
  "depths_in": {
    "lowest_sentinel_grate": 9.39600000000001,
    "lowest_road_corner": 8.91600000000001,
    "gutter_walkway": 7.236000000000013,
    "corner_grate": 5.676000000000009,
    "curb": 2.676000000000009,
    "road_middle": 0.2760000000000069,
    "intersection": 0.0,
    "lawn_step": 0.0,
    "porch_step": 0.0,
    "regime": "light"
  },
  "hours_from_now": 53.180481075277775
}