{
  "time": "2026-06-16 21:46",
  "predicted_mllw": 6.234,
  "surge_ft": 0.968799999999999,
  "forecast_peak_mllw": 7.202799999999999,
  "peak_rain_in_hr": 0.0,
  "peak_rain_offset_h": null,
  "rain_window_3h": [],
  "source": "surge-persistence",
  "depths_in": {
    "lowest_sentinel_grate": 14.193599999999998,
    "lowest_road_corner": 13.713599999999998,
    "gutter_walkway": 12.033600000000002,
    "corner_grate": 10.473599999999998,
    "curb": 7.473599999999998,
    "road_middle": 5.0735999999999954,
    "intersection": 2.913599999999999,
    "lawn_step": 2.4335999999999984,
    "porch_step": 0.0,
    "regime": "moderate"
  },
  "hours_from_now": 58.7474479175
}