{
  "time": "2026-06-16 21:46",
  "predicted_mllw": 6.234,
  "surge_ft": 0.6830000000000003,
  "forecast_peak_mllw": 6.917,
  "peak_rain_in_hr": 0.0,
  "peak_rain_offset_h": null,
  "rain_window_3h": [],
  "source": "surge-persistence",
  "depths_in": {
    "grate_SW": 6.923999999999994,
    "grate_SE": 5.963999999999993,
    "corner_SE": 5.483999999999993,
    "corner_SW": 5.483999999999993,
    "grate_bay_ave_upstream": 5.483999999999993,
    "gutter_walkway": 3.8039999999999967,
    "grate_NE": 3.5639999999999965,
    "grate_NW": 3.5639999999999965,
    "corner_NE": 2.2439999999999927,
    "corner_NW": 2.2439999999999927,
    "curb": 0.0,
    "sidewalk_under_walkway_lawn_step": 0.0,
    "road_middle": 0.0,
    "intersection_highpoint": 0.0,
    "lawn_step": 0.0,
    "porch_step": 0.0,
    "regime": "street"
  },
  "depths_in_wind_adjusted": {
    "grate_SW": 5.364000000000001,
    "grate_SE": 4.404,
    "corner_SE": 3.9239999999999995,
    "corner_SW": 3.9239999999999995,
    "grate_bay_ave_upstream": 3.9239999999999995,
    "gutter_walkway": 2.2440000000000033,
    "grate_NE": 2.004000000000003,
    "grate_NW": 2.004000000000003,
    "corner_NE": 0.6839999999999993,
    "corner_NW": 0.6839999999999993,
    "curb": 0.0,
    "sidewalk_under_walkway_lawn_step": 0.0,
    "road_middle": 0.0,
    "intersection_highpoint": 0.0,
    "lawn_step": 0.0,
    "porch_step": 0.0,
    "regime": "street"
  },
  "wind_adjustment": {
    "sector": "offshore",
    "adjustment_ft": -0.13,
    "wind_dir_at_peak": "S",
    "wind_speed_at_peak": "10 mph",
    "note": "Forecast wind at peak (S at 10 mph) is in the offshore sector \u2014 water at 342 Bay is typically ~1.6\" lower than the main prediction because bay-corner water is being pushed away from Highlands. Expect actual closer to this wind-adjusted estimate."
  },
  "hours_from_now": 11.106733025833334
}