{
  "time": "2026-06-16 21:46",
  "predicted_mllw": 6.234,
  "surge_ft": 0.6831,
  "forecast_peak_mllw": 6.9171,
  "peak_rain_in_hr": 0.0,
  "peak_rain_offset_h": null,
  "rain_window_3h": [],
  "source": "surge-persistence",
  "depths_in": {
    "grate_SW": 5.365199999999998,
    "grate_SE": 4.405199999999997,
    "corner_SE": 3.9251999999999967,
    "corner_SW": 3.9251999999999967,
    "grate_bay_ave_upstream": 3.9251999999999967,
    "gutter_walkway": 2.2452000000000005,
    "grate_NE": 2.0052000000000003,
    "grate_NW": 2.0052000000000003,
    "corner_NE": 0.6851999999999965,
    "corner_NW": 0.6851999999999965,
    "curb": 0.0,
    "road_middle": 0.0,
    "intersection_highpoint": 0.0,
    "lawn_step": 0.0,
    "porch_step": 0.0,
    "regime": "street"
  },
  "hours_from_now": 39.888030549444444
}