{
  "time": "2026-06-16 21:46",
  "predicted_mllw": 6.234,
  "surge_ft": 1.1400000000000006,
  "forecast_peak_mllw": 7.3740000000000006,
  "peak_rain_in_hr": 0.0,
  "peak_rain_offset_h": null,
  "rain_window_3h": [],
  "source": "surge-persistence",
  "depths_in": {
    "grate_SW": 10.848000000000015,
    "grate_SE": 9.888000000000014,
    "corner_SE": 9.408000000000014,
    "corner_SW": 9.408000000000014,
    "grate_bay_ave_upstream": 9.408000000000014,
    "gutter_walkway": 7.7280000000000175,
    "grate_NE": 7.488000000000017,
    "grate_NW": 7.488000000000017,
    "corner_NE": 6.1680000000000135,
    "corner_NW": 6.1680000000000135,
    "curb": 3.1680000000000135,
    "road_middle": 0.7680000000000113,
    "intersection_highpoint": 0.0,
    "lawn_step": 0.0,
    "porch_step": 0.0,
    "regime": "light"
  },
  "hours_from_now": 34.62094306722222
}