{
  "time": "2026-06-16 21:46",
  "predicted_mllw": 6.234,
  "surge_ft": 0.6500000000000004,
  "forecast_peak_mllw": 6.884,
  "peak_rain_in_hr": 0.0,
  "peak_rain_offset_h": null,
  "rain_window_3h": [],
  "source": "surge-persistence",
  "depths_in": {
    "grate_SW": 4.968000000000007,
    "grate_SE": 4.008000000000006,
    "corner_SE": 3.528000000000006,
    "corner_SW": 3.528000000000006,
    "grate_bay_ave_upstream": 3.528000000000006,
    "gutter_walkway": 1.8480000000000096,
    "grate_NE": 1.6080000000000094,
    "grate_NW": 1.6080000000000094,
    "corner_NE": 0.2880000000000056,
    "corner_NW": 0.2880000000000056,
    "curb": 0.0,
    "road_middle": 0.0,
    "intersection_highpoint": 0.0,
    "lawn_step": 0.0,
    "porch_step": 0.0,
    "regime": "street"
  },
  "hours_from_now": 22.150778058611113
}