{
  "time": "2026-06-16 21:46",
  "predicted_mllw": 6.234,
  "surge_ft": 0.6180000000000001,
  "forecast_peak_mllw": 6.852,
  "peak_rain_in_hr": 0.0,
  "peak_rain_offset_h": null,
  "rain_window_3h": [],
  "source": "surge-persistence",
  "depths_in": {
    "lowest_sentinel_grate": 9.984000000000004,
    "lowest_road_corner": 9.504000000000003,
    "gutter_walkway": 7.824000000000007,
    "corner_grate": 6.264000000000003,
    "curb": 3.264000000000003,
    "road_middle": 0.8640000000000008,
    "intersection": 0.0,
    "lawn_step": 0.0,
    "porch_step": 0.0,
    "regime": "light"
  },
  "hours_from_now": 54.15849367222222
}