{
  "time": "2026-06-16 21:46",
  "predicted_mllw": 6.234,
  "surge_ft": 1.0990000000000002,
  "forecast_peak_mllw": 7.333,
  "peak_rain_in_hr": 0.0,
  "peak_rain_offset_h": null,
  "rain_window_3h": [],
  "source": "surge-persistence",
  "depths_in": {
    "lowest_sentinel_grate": 15.756000000000002,
    "lowest_road_corner": 15.276000000000002,
    "gutter_walkway": 13.596000000000005,
    "corner_grate": 12.036000000000001,
    "curb": 9.036000000000001,
    "road_middle": 6.635999999999999,
    "intersection": 4.476000000000003,
    "lawn_step": 3.996000000000002,
    "porch_step": 0.0,
    "regime": "severe"
  },
  "hours_from_now": 48.24285825083333
}