{
  "time": "2026-06-16 21:46",
  "predicted_mllw": 6.234,
  "surge_ft": 0.7416999999999998,
  "forecast_peak_mllw": 6.9757,
  "peak_rain_in_hr": 0.0,
  "peak_rain_offset_h": null,
  "rain_window_3h": [],
  "source": "surge-persistence",
  "depths_in": {
    "lowest_sentinel_grate": 11.468399999999997,
    "lowest_road_corner": 10.988399999999997,
    "gutter_walkway": 9.3084,
    "corner_grate": 7.748399999999997,
    "curb": 4.748399999999997,
    "road_middle": 2.3483999999999945,
    "intersection": 0.1883999999999979,
    "lawn_step": 0.0,
    "porch_step": 0.0,
    "regime": "moderate"
  },
  "hours_from_now": 70.3022238286111
}