{
  "time": "2026-06-16 21:46",
  "predicted_mllw": 6.234,
  "surge_ft": 0.927,
  "forecast_peak_mllw": 7.161,
  "peak_rain_in_hr": 0.0,
  "peak_rain_offset_h": null,
  "rain_window_3h": [],
  "source": "surge-persistence",
  "depths_in": {
    "lowest_sentinel_grate": 13.691999999999995,
    "lowest_road_corner": 13.211999999999994,
    "gutter_walkway": 11.531999999999998,
    "corner_grate": 9.971999999999994,
    "curb": 6.971999999999994,
    "road_middle": 4.571999999999992,
    "intersection": 2.4119999999999955,
    "lawn_step": 1.931999999999995,
    "porch_step": 0.0,
    "regime": "moderate"
  },
  "hours_from_now": 60.59973866666667
}