{
  "time": "2026-06-16 21:46",
  "predicted_mllw": 6.234,
  "surge_ft": 0.8260000000000001,
  "forecast_peak_mllw": 7.0600000000000005,
  "peak_rain_in_hr": 0.0,
  "peak_rain_offset_h": null,
  "rain_window_3h": [],
  "source": "surge-persistence",
  "depths_in": {
    "grate_SW": 7.080000000000014,
    "grate_SE": 6.120000000000013,
    "corner_SE": 5.640000000000013,
    "corner_SW": 5.640000000000013,
    "grate_bay_ave_upstream": 5.640000000000013,
    "gutter_walkway": 3.960000000000017,
    "grate_NE": 3.7200000000000166,
    "grate_NW": 3.7200000000000166,
    "corner_NE": 2.400000000000013,
    "corner_NW": 2.400000000000013,
    "curb": 0.0,
    "road_middle": 0.0,
    "intersection_highpoint": 0.0,
    "lawn_step": 0.0,
    "porch_step": 0.0,
    "regime": "street"
  },
  "hours_from_now": 37.634079306388884
}