{
  "time": "2026-06-16 21:46",
  "predicted_mllw": 6.234,
  "surge_ft": 0.5615000000000001,
  "forecast_peak_mllw": 6.7955000000000005,
  "peak_rain_in_hr": 0.0,
  "peak_rain_offset_h": null,
  "rain_window_3h": [],
  "source": "surge-persistence",
  "depths_in": {
    "lowest_sentinel_grate": 9.306000000000006,
    "lowest_road_corner": 8.826000000000006,
    "gutter_walkway": 7.14600000000001,
    "corner_grate": 5.586000000000006,
    "curb": 2.5860000000000056,
    "road_middle": 0.1860000000000035,
    "intersection": 0.0,
    "lawn_step": 0.0,
    "porch_step": 0.0,
    "regime": "light"
  },
  "hours_from_now": 56.17211632888888
}