{
  "time": "2026-06-16 21:46",
  "predicted_mllw": 6.234,
  "surge_ft": 0.522,
  "forecast_peak_mllw": 6.756,
  "peak_rain_in_hr": 0.0,
  "peak_rain_offset_h": null,
  "rain_window_3h": [],
  "source": "surge-persistence",
  "depths_in": {
    "grate_SW": 3.4320000000000057,
    "grate_SE": 2.472000000000005,
    "corner_SE": 1.9920000000000044,
    "corner_SW": 1.9920000000000044,
    "grate_bay_ave_upstream": 1.9920000000000044,
    "gutter_walkway": 0.31200000000000827,
    "grate_NE": 0.07200000000000806,
    "grate_NW": 0.07200000000000806,
    "corner_NE": 0.0,
    "corner_NW": 0.0,
    "curb": 0.0,
    "road_middle": 0.0,
    "intersection_highpoint": 0.0,
    "lawn_step": 0.0,
    "porch_step": 0.0,
    "regime": "street"
  },
  "hours_from_now": 27.189788799722223
}