{
  "time": "2026-06-16 21:46",
  "predicted_mllw": 6.234,
  "surge_ft": 0.9159999999999995,
  "forecast_peak_mllw": 7.1499999999999995,
  "peak_rain_in_hr": 0.0,
  "peak_rain_offset_h": null,
  "rain_window_3h": [],
  "source": "surge-persistence",
  "depths_in": {
    "grate_SW": 8.159999999999991,
    "grate_SE": 7.19999999999999,
    "corner_SE": 6.71999999999999,
    "corner_SW": 6.71999999999999,
    "grate_bay_ave_upstream": 6.71999999999999,
    "gutter_walkway": 5.039999999999994,
    "grate_NE": 4.799999999999994,
    "grate_NW": 4.799999999999994,
    "corner_NE": 3.4799999999999898,
    "corner_NW": 3.4799999999999898,
    "curb": 0.47999999999998977,
    "road_middle": 0.0,
    "intersection_highpoint": 0.0,
    "lawn_step": 0.0,
    "porch_step": 0.0,
    "regime": "light"
  },
  "hours_from_now": 20.66995918888889
}