{
  "time": "2026-06-16 21:46",
  "predicted_mllw": 6.234,
  "surge_ft": 0.7229999999999999,
  "forecast_peak_mllw": 6.957,
  "peak_rain_in_hr": 0.0,
  "peak_rain_offset_h": null,
  "rain_window_3h": [],
  "source": "surge-persistence",
  "depths_in": {
    "grate_SW": 7.404000000000005,
    "grate_SE": 6.444000000000004,
    "corner_SE": 5.964000000000004,
    "corner_SW": 5.964000000000004,
    "grate_bay_ave_upstream": 5.964000000000004,
    "gutter_walkway": 4.284000000000008,
    "grate_NE": 4.044000000000008,
    "grate_NW": 4.044000000000008,
    "corner_NE": 2.7240000000000038,
    "corner_NW": 2.7240000000000038,
    "curb": 0.0,
    "sidewalk_under_walkway_lawn_step": 0.0,
    "road_middle": 0.0,
    "intersection_highpoint": 0.0,
    "lawn_step": 0.0,
    "porch_step": 0.0,
    "regime": "street"
  },
  "depths_in_wind_adjusted": {
    "grate_SW": 5.843999999999996,
    "grate_SE": 4.883999999999995,
    "corner_SE": 4.403999999999995,
    "corner_SW": 4.403999999999995,
    "grate_bay_ave_upstream": 4.403999999999995,
    "gutter_walkway": 2.7239999999999984,
    "grate_NE": 2.483999999999998,
    "grate_NW": 2.483999999999998,
    "corner_NE": 1.1639999999999944,
    "corner_NW": 1.1639999999999944,
    "curb": 0.0,
    "sidewalk_under_walkway_lawn_step": 0.0,
    "road_middle": 0.0,
    "intersection_highpoint": 0.0,
    "lawn_step": 0.0,
    "porch_step": 0.0,
    "regime": "street"
  },
  "wind_adjustment": {
    "sector": "offshore",
    "adjustment_ft": -0.13,
    "wind_dir_at_peak": "S",
    "wind_speed_at_peak": "5 mph",
    "note": "Forecast wind at peak (S at 5 mph) is in the offshore sector \u2014 water at 342 Bay is typically ~1.6\" lower than the main prediction because bay-corner water is being pushed away from Highlands. Expect actual closer to this wind-adjusted estimate."
  },
  "hours_from_now": -0.9114733605555556
}